begin transaction;

--Staff, Mentee, and Mentor Lesson 12.98.1

INSERT into canvas_unit_info (id, unit_number, description, featured_image, secondary_description) VALUES (43, 98, 'College Application Working Session', 'Completing_My_Applications', 'We''ll work through college applications.');

INSERT into portfolio_reflection_card (id, grade_id, unit_id, mentor_card_html, mentee_card_html) VALUES (43, 4, 43, '<ul><li>This unit is all about college applications, so there is no reflection.</li><li>Enjoy!</li></ul>', '<ul><li>This unit is all about college applications, so there is no reflection.</li><li>Enjoy!</li></ul>');

INSERT into canvas_curriculum (id, canvas_type, start_datetime, end_datetime, grade_id, unit_id, curriculum_number, member_id, description, featured_image, secondary_description) VALUES (174, 2, '6/26/15 00:00:00', '6/26/15 23:59:59', 4, 43, 1, NULL, 'College Application Work Day 1', '/new_platform/static/canvas/images/College_Application_Work_Day_1.png', NULL);

INSERT into canvas_set (id, role, curriculum_id, start_datetime, end_datetime, description) VALUES (498, 1, 174, '6/26/15 00:00:00', '6/26/15 23:59:59', 'College Application Work Day 1');
INSERT into canvas_set (id, role, curriculum_id, start_datetime, end_datetime, description) VALUES (499, 5, 174, '6/26/15 00:00:00', '6/26/15 23:59:59', 'College Application Work Day 1');
INSERT into canvas_set (id, role, curriculum_id, start_datetime, end_datetime, description) VALUES (500, 4, 174, '6/26/15 00:00:00', '6/26/15 23:59:59', 'College Application Work Day 1');

INSERT into canvas_app (id, canvas_set_id, app_type,  n_of_total, total, ordinal, description) VALUES (1504, 498, 2, 1, 2, 100, 'Lesson Overview');
INSERT into canvas_app (id, canvas_set_id, app_type,  n_of_total, total, ordinal, description) VALUES (1505, 498, 2, 2, 2, 200, 'Mentee Canvas Preview');
INSERT into canvas_app (id, canvas_set_id, app_type,  n_of_total, total, ordinal, description) VALUES (1506, 498, 2, 1, 1, 300, 'Finishing your college applications');
INSERT into canvas_app (id, canvas_set_id, app_type,  n_of_total, total, ordinal, description) VALUES (1507, 499, 2, 1, 1, 100, 'Finishing your college applications');
INSERT into canvas_app (id, canvas_set_id, app_type,  n_of_total, total, ordinal, description) VALUES (1508, 500, 2, 1, 1, 100, 'Here’s what your mentee did in class…');

INSERT into canvas_widget (id, canvas_app_id, ordinal) VALUES (2544, 1504, 100);
INSERT into canvas_widget (id, canvas_app_id, ordinal) VALUES (2545, 1505, 100);
INSERT into canvas_widget (id, canvas_app_id, ordinal) VALUES (2546, 1506, 100);
INSERT into canvas_widget (id, canvas_app_id, ordinal) VALUES (2547, 1507, 100);
INSERT into canvas_widget (id, canvas_app_id, ordinal) VALUES (2548, 1508, 100);

INSERT into canvas_widget_content (id, widget_id, content_type, ordinal, filename, url, html, plain_text) VALUES (3284, 2544, 11, 100, NULL, NULL, '<img src="/new_platform/static/canvas/images/remember.png" style="float:right;" />The purpose of this unit is to give students dedicated time to complete their college applications. This unit is a flexible unit, which means you can schedule as many lessons as you need to support your program goals.<p>Each class should consist of the following:<ol><li>Working on college applications</li><li>Updating the College List Tool</li><li>Updating mentors through Conversations</li></ol>', NULL);
INSERT into canvas_widget_content (id, widget_id, content_type, ordinal, filename, url, html, plain_text) VALUES (3285, 2545, 11, 100, NULL, NULL, 'The following Canvas cards are what your class will see during this lesson.', NULL);
INSERT into canvas_widget_content (id, widget_id, content_type, ordinal, filename, url, html, plain_text) VALUES (3286, 2546, 11, 100, NULL, NULL, 'Today is all about completing your college applications:<ul><li>Use this time to finish your college applications.</li><li>Be sure to update the <a href="/cchklist/list/" target="_blank">College List Tool</a>.</li><li>Send your mentor an update in Conversations.</li></ul>', NULL);
INSERT into canvas_widget_content (id, widget_id, content_type, ordinal, filename, url, html, plain_text) VALUES (3287, 2547, 11, 100, NULL, NULL, 'Today is all about completing your college applications:<ul><li>Use this time to finish your college applications.</li><li>Be sure to update the <a href="/cchklist/list/" target="_blank">College List Tool</a>.</li><li>Send your mentor an update in Conversations.</li></ul>', NULL);
INSERT into canvas_widget_content (id, widget_id, content_type, ordinal, filename, url, html, plain_text) VALUES (3288, 2548, 11, 100, NULL, NULL, 'Today, your mentee worked on completing their college applications. You can see their progress in a couple ways:<ul><li>Check out the <a href="/cchklist/list/" target="_blank">College List Tool</a> to see their latest updates. If they are not updating this tool, send them a reminder to do so.</li><li>Read and respond to their message in <a href="http://learn.imentor.org/help/article/link/welcome-to-conversations" target="_blank">Conversations</a>.</li></ul>', NULL);

--Staff, Mentee, and Mentor Lesson 12.98.2 through 12.98.8

INSERT into canvas_curriculum (id, canvas_type, start_datetime, end_datetime, grade_id, unit_id, curriculum_number, member_id, description, featured_image, secondary_description) VALUES (175, 1, '6/26/15 00:00:00', '6/26/15 23:59:59', 4, 43, 2, NULL, 'College Application Work Day 2', '/new_platform/static/canvas/images/College_Application_Work_Day_2.png', NULL);
INSERT into canvas_curriculum (id, canvas_type, start_datetime, end_datetime, grade_id, unit_id, curriculum_number, member_id, description, featured_image, secondary_description) VALUES (176, 1, '6/26/15 00:00:00', '6/26/15 23:59:59', 4, 43, 3, NULL, 'College Application Work Day 3', '/new_platform/static/canvas/images/College_Application_Work_Day_3.png', NULL);
INSERT into canvas_curriculum (id, canvas_type, start_datetime, end_datetime, grade_id, unit_id, curriculum_number, member_id, description, featured_image, secondary_description) VALUES (177, 1, '6/26/15 00:00:00', '6/26/15 23:59:59', 4, 43, 4, NULL, 'College Application Work Day 4', '/new_platform/static/canvas/images/College_Application_Work_Day_4.png', NULL);
INSERT into canvas_curriculum (id, canvas_type, start_datetime, end_datetime, grade_id, unit_id, curriculum_number, member_id, description, featured_image, secondary_description) VALUES (178, 1, '6/26/15 00:00:00', '6/26/15 23:59:59', 4, 43, 5, NULL, 'College Application Work Day 5', '/new_platform/static/canvas/images/College_Application_Work_Day_5.png', NULL);
INSERT into canvas_curriculum (id, canvas_type, start_datetime, end_datetime, grade_id, unit_id, curriculum_number, member_id, description, featured_image, secondary_description) VALUES (179, 1, '6/26/15 00:00:00', '6/26/15 23:59:59', 4, 43, 6, NULL, 'College Application Work Day 6', '/new_platform/static/canvas/images/College_Application_Work_Day_6.png', NULL);
INSERT into canvas_curriculum (id, canvas_type, start_datetime, end_datetime, grade_id, unit_id, curriculum_number, member_id, description, featured_image, secondary_description) VALUES (180, 1, '6/26/15 00:00:00', '6/26/15 23:59:59', 4, 43, 7, NULL, 'College Application Work Day 7', '/new_platform/static/canvas/images/College_Application_Work_Day_7.png', NULL);
INSERT into canvas_curriculum (id, canvas_type, start_datetime, end_datetime, grade_id, unit_id, curriculum_number, member_id, description, featured_image, secondary_description) VALUES (181, 1, '6/26/15 00:00:00', '6/26/15 23:59:59', 4, 43, 8, NULL, 'College Application Work Day 8', '/new_platform/static/canvas/images/College_Application_Work_Day_8.png', NULL);

INSERT into canvas_set (id, role, curriculum_id, start_datetime, end_datetime, description) VALUES (501, 1, 175, '6/26/15 00:00:00', '6/26/15 23:59:59', 'College Application Work Day 2');
INSERT into canvas_set (id, role, curriculum_id, start_datetime, end_datetime, description) VALUES (502, 5, 175, '6/26/15 00:00:00', '6/26/15 23:59:59', 'College Application Work Day 2');
INSERT into canvas_set (id, role, curriculum_id, start_datetime, end_datetime, description) VALUES (503, 4, 175, '6/26/15 00:00:00', '6/26/15 23:59:59', 'College Application Work Day 2');
INSERT into canvas_set (id, role, curriculum_id, start_datetime, end_datetime, description) VALUES (504, 1, 176, '6/26/15 00:00:00', '6/26/15 23:59:59', 'College Application Work Day 3');
INSERT into canvas_set (id, role, curriculum_id, start_datetime, end_datetime, description) VALUES (505, 5, 176, '6/26/15 00:00:00', '6/26/15 23:59:59', 'College Application Work Day 3');
INSERT into canvas_set (id, role, curriculum_id, start_datetime, end_datetime, description) VALUES (506, 4, 176, '6/26/15 00:00:00', '6/26/15 23:59:59', 'College Application Work Day 3');
INSERT into canvas_set (id, role, curriculum_id, start_datetime, end_datetime, description) VALUES (507, 1, 177, '6/26/15 00:00:00', '6/26/15 23:59:59', 'College Application Work Day 4');
INSERT into canvas_set (id, role, curriculum_id, start_datetime, end_datetime, description) VALUES (508, 5, 177, '6/26/15 00:00:00', '6/26/15 23:59:59', 'College Application Work Day 4');
INSERT into canvas_set (id, role, curriculum_id, start_datetime, end_datetime, description) VALUES (509, 4, 177, '6/26/15 00:00:00', '6/26/15 23:59:59', 'College Application Work Day 4');
INSERT into canvas_set (id, role, curriculum_id, start_datetime, end_datetime, description) VALUES (510, 1, 178, '6/26/15 00:00:00', '6/26/15 23:59:59', 'College Application Work Day 5');
INSERT into canvas_set (id, role, curriculum_id, start_datetime, end_datetime, description) VALUES (511, 5, 178, '6/26/15 00:00:00', '6/26/15 23:59:59', 'College Application Work Day 5');
INSERT into canvas_set (id, role, curriculum_id, start_datetime, end_datetime, description) VALUES (512, 4, 178, '6/26/15 00:00:00', '6/26/15 23:59:59', 'College Application Work Day 5');
INSERT into canvas_set (id, role, curriculum_id, start_datetime, end_datetime, description) VALUES (513, 1, 179, '6/26/15 00:00:00', '6/26/15 23:59:59', 'College Application Work Day 6');
INSERT into canvas_set (id, role, curriculum_id, start_datetime, end_datetime, description) VALUES (514, 5, 179, '6/26/15 00:00:00', '6/26/15 23:59:59', 'College Application Work Day 6');
INSERT into canvas_set (id, role, curriculum_id, start_datetime, end_datetime, description) VALUES (515, 4, 179, '6/26/15 00:00:00', '6/26/15 23:59:59', 'College Application Work Day 6');
INSERT into canvas_set (id, role, curriculum_id, start_datetime, end_datetime, description) VALUES (516, 1, 180, '6/26/15 00:00:00', '6/26/15 23:59:59', 'College Application Work Day 7');
INSERT into canvas_set (id, role, curriculum_id, start_datetime, end_datetime, description) VALUES (517, 5, 180, '6/26/15 00:00:00', '6/26/15 23:59:59', 'College Application Work Day 7');
INSERT into canvas_set (id, role, curriculum_id, start_datetime, end_datetime, description) VALUES (518, 4, 180, '6/26/15 00:00:00', '6/26/15 23:59:59', 'College Application Work Day 7');
INSERT into canvas_set (id, role, curriculum_id, start_datetime, end_datetime, description) VALUES (519, 1, 181, '6/26/15 00:00:00', '6/26/15 23:59:59', 'College Application Work Day 8');
INSERT into canvas_set (id, role, curriculum_id, start_datetime, end_datetime, description) VALUES (520, 5, 181, '6/26/15 00:00:00', '6/26/15 23:59:59', 'College Application Work Day 8');
INSERT into canvas_set (id, role, curriculum_id, start_datetime, end_datetime, description) VALUES (521, 4, 181, '6/26/15 00:00:00', '6/26/15 23:59:59', 'College Application Work Day 8');

INSERT into canvas_app (id, canvas_set_id, app_type,  n_of_total, total, ordinal, description) VALUES (1509, 501, 2, 1, 2, 100, 'Lesson Overview');
INSERT into canvas_app (id, canvas_set_id, app_type,  n_of_total, total, ordinal, description) VALUES (1510, 501, 2, 2, 2, 200, 'Mentee Canvas Preview');
INSERT into canvas_app (id, canvas_set_id, app_type,  n_of_total, total, ordinal, description) VALUES (1511, 501, 2, 1, 1, 300, 'Finishing your college applications');
INSERT into canvas_app (id, canvas_set_id, app_type,  n_of_total, total, ordinal, description) VALUES (1512, 502, 2, 1, 1, 100, 'Finishing your college applications');
INSERT into canvas_app (id, canvas_set_id, app_type,  n_of_total, total, ordinal, description) VALUES (1513, 503, 2, 1, 1, 100, 'Here’s what your mentee did in class…');
INSERT into canvas_app (id, canvas_set_id, app_type,  n_of_total, total, ordinal, description) VALUES (1514, 504, 2, 1, 2, 100, 'Lesson Overview');
INSERT into canvas_app (id, canvas_set_id, app_type,  n_of_total, total, ordinal, description) VALUES (1515, 504, 2, 2, 2, 200, 'Mentee Canvas Preview');
INSERT into canvas_app (id, canvas_set_id, app_type,  n_of_total, total, ordinal, description) VALUES (1516, 504, 2, 1, 1, 300, 'Finishing your college applications');
INSERT into canvas_app (id, canvas_set_id, app_type,  n_of_total, total, ordinal, description) VALUES (1517, 505, 2, 1, 1, 100, 'Finishing your college applications');
INSERT into canvas_app (id, canvas_set_id, app_type,  n_of_total, total, ordinal, description) VALUES (1518, 506, 2, 1, 1, 100, 'Here’s what your mentee did in class…');
INSERT into canvas_app (id, canvas_set_id, app_type,  n_of_total, total, ordinal, description) VALUES (1519, 507, 2, 1, 2, 100, 'Lesson Overview');
INSERT into canvas_app (id, canvas_set_id, app_type,  n_of_total, total, ordinal, description) VALUES (1520, 507, 2, 2, 2, 200, 'Mentee Canvas Preview');
INSERT into canvas_app (id, canvas_set_id, app_type,  n_of_total, total, ordinal, description) VALUES (1521, 507, 2, 1, 1, 300, 'Finishing your college applications');
INSERT into canvas_app (id, canvas_set_id, app_type,  n_of_total, total, ordinal, description) VALUES (1522, 508, 2, 1, 1, 100, 'Finishing your college applications');
INSERT into canvas_app (id, canvas_set_id, app_type,  n_of_total, total, ordinal, description) VALUES (1523, 509, 2, 1, 1, 100, 'Here’s what your mentee did in class…');
INSERT into canvas_app (id, canvas_set_id, app_type,  n_of_total, total, ordinal, description) VALUES (1524, 510, 2, 1, 2, 100, 'Lesson Overview');
INSERT into canvas_app (id, canvas_set_id, app_type,  n_of_total, total, ordinal, description) VALUES (1525, 510, 2, 2, 2, 200, 'Mentee Canvas Preview');
INSERT into canvas_app (id, canvas_set_id, app_type,  n_of_total, total, ordinal, description) VALUES (1526, 510, 2, 1, 1, 300, 'Finishing your college applications');
INSERT into canvas_app (id, canvas_set_id, app_type,  n_of_total, total, ordinal, description) VALUES (1527, 511, 2, 1, 1, 100, 'Finishing your college applications');
INSERT into canvas_app (id, canvas_set_id, app_type,  n_of_total, total, ordinal, description) VALUES (1528, 512, 2, 1, 1, 100, 'Here’s what your mentee did in class…');
INSERT into canvas_app (id, canvas_set_id, app_type,  n_of_total, total, ordinal, description) VALUES (1529, 513, 2, 1, 2, 100, 'Lesson Overview');
INSERT into canvas_app (id, canvas_set_id, app_type,  n_of_total, total, ordinal, description) VALUES (1530, 513, 2, 2, 2, 200, 'Mentee Canvas Preview');
INSERT into canvas_app (id, canvas_set_id, app_type,  n_of_total, total, ordinal, description) VALUES (1531, 513, 2, 1, 1, 300, 'Finishing your college applications');
INSERT into canvas_app (id, canvas_set_id, app_type,  n_of_total, total, ordinal, description) VALUES (1532, 514, 2, 1, 1, 100, 'Finishing your college applications');
INSERT into canvas_app (id, canvas_set_id, app_type,  n_of_total, total, ordinal, description) VALUES (1533, 515, 2, 1, 1, 100, 'Here’s what your mentee did in class…');
INSERT into canvas_app (id, canvas_set_id, app_type,  n_of_total, total, ordinal, description) VALUES (1534, 516, 2, 1, 2, 100, 'Lesson Overview');
INSERT into canvas_app (id, canvas_set_id, app_type,  n_of_total, total, ordinal, description) VALUES (1535, 516, 2, 2, 2, 200, 'Mentee Canvas Preview');
INSERT into canvas_app (id, canvas_set_id, app_type,  n_of_total, total, ordinal, description) VALUES (1536, 516, 2, 1, 1, 300, 'Finishing your college applications');
INSERT into canvas_app (id, canvas_set_id, app_type,  n_of_total, total, ordinal, description) VALUES (1537, 517, 2, 1, 1, 100, 'Finishing your college applications');
INSERT into canvas_app (id, canvas_set_id, app_type,  n_of_total, total, ordinal, description) VALUES (1538, 518, 2, 1, 1, 100, 'Here’s what your mentee did in class…');
INSERT into canvas_app (id, canvas_set_id, app_type,  n_of_total, total, ordinal, description) VALUES (1539, 519, 2, 1, 2, 100, 'Lesson Overview');
INSERT into canvas_app (id, canvas_set_id, app_type,  n_of_total, total, ordinal, description) VALUES (1540, 519, 2, 2, 2, 200, 'Mentee Canvas Preview');
INSERT into canvas_app (id, canvas_set_id, app_type,  n_of_total, total, ordinal, description) VALUES (1541, 519, 2, 1, 1, 300, 'Finishing your college applications');
INSERT into canvas_app (id, canvas_set_id, app_type,  n_of_total, total, ordinal, description) VALUES (1542, 520, 2, 1, 1, 100, 'Finishing your college applications');
INSERT into canvas_app (id, canvas_set_id, app_type,  n_of_total, total, ordinal, description) VALUES (1543, 521, 2, 1, 1, 100, 'Here’s what your mentee did in class…');

INSERT into canvas_widget (id, canvas_app_id, ordinal) VALUES (2549, 1509, 100);
INSERT into canvas_widget (id, canvas_app_id, ordinal) VALUES (2550, 1510, 100);
INSERT into canvas_widget (id, canvas_app_id, ordinal) VALUES (2551, 1511, 100);
INSERT into canvas_widget (id, canvas_app_id, ordinal) VALUES (2552, 1512, 100);
INSERT into canvas_widget (id, canvas_app_id, ordinal) VALUES (2553, 1513, 100);
INSERT into canvas_widget (id, canvas_app_id, ordinal) VALUES (2554, 1514, 100);
INSERT into canvas_widget (id, canvas_app_id, ordinal) VALUES (2555, 1515, 100);
INSERT into canvas_widget (id, canvas_app_id, ordinal) VALUES (2556, 1516, 100);
INSERT into canvas_widget (id, canvas_app_id, ordinal) VALUES (2557, 1517, 100);
INSERT into canvas_widget (id, canvas_app_id, ordinal) VALUES (2558, 1518, 100);
INSERT into canvas_widget (id, canvas_app_id, ordinal) VALUES (2559, 1519, 100);
INSERT into canvas_widget (id, canvas_app_id, ordinal) VALUES (2560, 1520, 100);
INSERT into canvas_widget (id, canvas_app_id, ordinal) VALUES (2561, 1521, 100);
INSERT into canvas_widget (id, canvas_app_id, ordinal) VALUES (2562, 1522, 100);
INSERT into canvas_widget (id, canvas_app_id, ordinal) VALUES (2563, 1523, 100);
INSERT into canvas_widget (id, canvas_app_id, ordinal) VALUES (2564, 1524, 100);
INSERT into canvas_widget (id, canvas_app_id, ordinal) VALUES (2565, 1525, 100);
INSERT into canvas_widget (id, canvas_app_id, ordinal) VALUES (2566, 1526, 100);
INSERT into canvas_widget (id, canvas_app_id, ordinal) VALUES (2567, 1527, 100);
INSERT into canvas_widget (id, canvas_app_id, ordinal) VALUES (2568, 1528, 100);
INSERT into canvas_widget (id, canvas_app_id, ordinal) VALUES (2569, 1529, 100);
INSERT into canvas_widget (id, canvas_app_id, ordinal) VALUES (2570, 1530, 100);
INSERT into canvas_widget (id, canvas_app_id, ordinal) VALUES (2571, 1531, 100);
INSERT into canvas_widget (id, canvas_app_id, ordinal) VALUES (2572, 1532, 100);
INSERT into canvas_widget (id, canvas_app_id, ordinal) VALUES (2573, 1533, 100);
INSERT into canvas_widget (id, canvas_app_id, ordinal) VALUES (2574, 1534, 100);
INSERT into canvas_widget (id, canvas_app_id, ordinal) VALUES (2575, 1535, 100);
INSERT into canvas_widget (id, canvas_app_id, ordinal) VALUES (2576, 1536, 100);
INSERT into canvas_widget (id, canvas_app_id, ordinal) VALUES (2577, 1537, 100);
INSERT into canvas_widget (id, canvas_app_id, ordinal) VALUES (2578, 1538, 100);
INSERT into canvas_widget (id, canvas_app_id, ordinal) VALUES (2579, 1539, 100);
INSERT into canvas_widget (id, canvas_app_id, ordinal) VALUES (2580, 1540, 100);
INSERT into canvas_widget (id, canvas_app_id, ordinal) VALUES (2581, 1541, 100);
INSERT into canvas_widget (id, canvas_app_id, ordinal) VALUES (2582, 1542, 100);
INSERT into canvas_widget (id, canvas_app_id, ordinal) VALUES (2583, 1543, 100);

INSERT into canvas_widget_content (id, widget_id, content_type, ordinal, filename, url, html, plain_text) VALUES (3289, 2549, 11, 100, NULL, NULL, '<img src="/new_platform/static/canvas/images/remember.png" style="float:right;" />The purpose of this unit is to give students dedicated time to complete their college applications. This unit is a flexible unit, which means you can schedule as many lessons as you need to support your program goals.<p><p>Each class should consist of the following:<ol><li>Working on college applications</li><li>Updating the College List Tool</li><li>Updating mentors through Conversations</li></ol></p></p>', NULL);
INSERT into canvas_widget_content (id, widget_id, content_type, ordinal, filename, url, html, plain_text) VALUES (3290, 2550, 11, 100, NULL, NULL, 'The following Canvas cards are what your class will see during this lesson.', NULL);
INSERT into canvas_widget_content (id, widget_id, content_type, ordinal, filename, url, html, plain_text) VALUES (3291, 2551, 11, 100, NULL, NULL, 'Today is all about completing your college applications:<ul><li>Use this time to finish your college applications.</li><li>Be sure to update the <a href="/cchklist/list/" target="_blank">College List Tool</a>.</li><li>Send your mentor an update in Conversations.</li></ul>', NULL);
INSERT into canvas_widget_content (id, widget_id, content_type, ordinal, filename, url, html, plain_text) VALUES (3292, 2552, 11, 100, NULL, NULL, 'Today is all about completing your college applications:<ul><li>Use this time to finish your college applications.</li><li>Be sure to update the <a href="/cchklist/list/" target="_blank">College List Tool</a>.</li><li>Send your mentor an update in Conversations.</li></ul>', NULL);
INSERT into canvas_widget_content (id, widget_id, content_type, ordinal, filename, url, html, plain_text) VALUES (3293, 2553, 11, 100, NULL, NULL, 'Today, your mentee worked on completing their college applications. You can see their progress in a couple ways:<ul><li>Check out the <a href="/cchklist/list/" target="_blank">College List Tool</a> to see their latest updates. If they are not updating this tool, send them a reminder to do so.</li><li>Read and respond to their message in <a href="http://learn.imentor.org/help/article/link/welcome-to-conversations" target="_blank">Conversations</a>.</li></ul>', NULL);
INSERT into canvas_widget_content (id, widget_id, content_type, ordinal, filename, url, html, plain_text) VALUES (3294, 2554, 11, 100, NULL, NULL, '<img src="/new_platform/static/canvas/images/remember.png" style="float:right;" />The purpose of this unit is to give students dedicated time to complete their college applications. This unit is a flexible unit, which means you can schedule as many lessons as you need to support your program goals.<p><p>Each class should consist of the following:<ol><li>Working on college applications</li><li>Updating the College List Tool</li><li>Updating mentors through Conversations</li></ol></p></p>', NULL);
INSERT into canvas_widget_content (id, widget_id, content_type, ordinal, filename, url, html, plain_text) VALUES (3295, 2555, 11, 100, NULL, NULL, 'The following Canvas cards are what your class will see during this lesson.', NULL);
INSERT into canvas_widget_content (id, widget_id, content_type, ordinal, filename, url, html, plain_text) VALUES (3296, 2556, 11, 100, NULL, NULL, 'Today is all about completing your college applications:<ul><li>Use this time to finish your college applications.</li><li>Be sure to update the <a href="/cchklist/list/" target="_blank">College List Tool</a>.</li><li>Send your mentor an update in Conversations.</li></ul>', NULL);
INSERT into canvas_widget_content (id, widget_id, content_type, ordinal, filename, url, html, plain_text) VALUES (3297, 2557, 11, 100, NULL, NULL, 'Today is all about completing your college applications:<ul><li>Use this time to finish your college applications.</li><li>Be sure to update the <a href="/cchklist/list/" target="_blank">College List Tool</a>.</li><li>Send your mentor an update in Conversations.</li></ul>', NULL);
INSERT into canvas_widget_content (id, widget_id, content_type, ordinal, filename, url, html, plain_text) VALUES (3298, 2558, 11, 100, NULL, NULL, 'Today, your mentee worked on completing their college applications. You can see their progress in a couple ways:<ul><li>Check out the <a href="/cchklist/list/" target="_blank">College List Tool</a> to see their latest updates. If they are not updating this tool, send them a reminder to do so.</li><li>Read and respond to their message in <a href="http://learn.imentor.org/help/article/link/welcome-to-conversations" target="_blank">Conversations</a>.</li></ul>', NULL);
INSERT into canvas_widget_content (id, widget_id, content_type, ordinal, filename, url, html, plain_text) VALUES (3299, 2559, 11, 100, NULL, NULL, '<img src="/new_platform/static/canvas/images/remember.png" style="float:right;" />The purpose of this unit is to give students dedicated time to complete their college applications. This unit is a flexible unit, which means you can schedule as many lessons as you need to support your program goals.<p><p>Each class should consist of the following:<ol><li>Working on college applications</li><li>Updating the College List Tool</li><li>Updating mentors through Conversations</li></ol></p></p>', NULL);
INSERT into canvas_widget_content (id, widget_id, content_type, ordinal, filename, url, html, plain_text) VALUES (3300, 2560, 11, 100, NULL, NULL, 'The following Canvas cards are what your class will see during this lesson.', NULL);
INSERT into canvas_widget_content (id, widget_id, content_type, ordinal, filename, url, html, plain_text) VALUES (3301, 2561, 11, 100, NULL, NULL, 'Today is all about completing your college applications:<ul><li>Use this time to finish your college applications.</li><li>Be sure to update the <a href="/cchklist/list/" target="_blank">College List Tool</a>.</li><li>Send your mentor an update in Conversations.</li></ul>', NULL);
INSERT into canvas_widget_content (id, widget_id, content_type, ordinal, filename, url, html, plain_text) VALUES (3302, 2562, 11, 100, NULL, NULL, 'Today is all about completing your college applications:<ul><li>Use this time to finish your college applications.</li><li>Be sure to update the <a href="/cchklist/list/" target="_blank">College List Tool</a>.</li><li>Send your mentor an update in Conversations.</li></ul>', NULL);
INSERT into canvas_widget_content (id, widget_id, content_type, ordinal, filename, url, html, plain_text) VALUES (3303, 2563, 11, 100, NULL, NULL, 'Today, your mentee worked on completing their college applications. You can see their progress in a couple ways:<ul><li>Check out the <a href="/cchklist/list/" target="_blank">College List Tool</a> to see their latest updates. If they are not updating this tool, send them a reminder to do so.</li><li>Read and respond to their message in <a href="http://learn.imentor.org/help/article/link/welcome-to-conversations" target="_blank">Conversations</a>.</li></ul>', NULL);
INSERT into canvas_widget_content (id, widget_id, content_type, ordinal, filename, url, html, plain_text) VALUES (3304, 2564, 11, 100, NULL, NULL, '<img src="/new_platform/static/canvas/images/remember.png" style="float:right;" />The purpose of this unit is to give students dedicated time to complete their college applications. This unit is a flexible unit, which means you can schedule as many lessons as you need to support your program goals.<p><p>Each class should consist of the following:<ol><li>Working on college applications</li><li>Updating the College List Tool</li><li>Updating mentors through Conversations</li></ol></p></p>', NULL);
INSERT into canvas_widget_content (id, widget_id, content_type, ordinal, filename, url, html, plain_text) VALUES (3305, 2565, 11, 100, NULL, NULL, 'The following Canvas cards are what your class will see during this lesson.', NULL);
INSERT into canvas_widget_content (id, widget_id, content_type, ordinal, filename, url, html, plain_text) VALUES (3306, 2566, 11, 100, NULL, NULL, 'Today is all about completing your college applications:<ul><li>Use this time to finish your college applications.</li><li>Be sure to update the <a href="/cchklist/list/" target="_blank">College List Tool</a>.</li><li>Send your mentor an update in Conversations.</li></ul>', NULL);
INSERT into canvas_widget_content (id, widget_id, content_type, ordinal, filename, url, html, plain_text) VALUES (3307, 2567, 11, 100, NULL, NULL, 'Today is all about completing your college applications:<ul><li>Use this time to finish your college applications.</li><li>Be sure to update the <a href="/cchklist/list/" target="_blank">College List Tool</a>.</li><li>Send your mentor an update in Conversations.</li></ul>', NULL);
INSERT into canvas_widget_content (id, widget_id, content_type, ordinal, filename, url, html, plain_text) VALUES (3308, 2568, 11, 100, NULL, NULL, 'Today, your mentee worked on completing their college applications. You can see their progress in a couple ways:<ul><li>Check out the <a href="/cchklist/list/" target="_blank">College List Tool</a> to see their latest updates. If they are not updating this tool, send them a reminder to do so.</li><li>Read and respond to their message in <a href="http://learn.imentor.org/help/article/link/welcome-to-conversations" target="_blank">Conversations</a>.</li></ul>', NULL);
INSERT into canvas_widget_content (id, widget_id, content_type, ordinal, filename, url, html, plain_text) VALUES (3309, 2569, 11, 100, NULL, NULL, '<img src="/new_platform/static/canvas/images/remember.png" style="float:right;" />The purpose of this unit is to give students dedicated time to complete their college applications. This unit is a flexible unit, which means you can schedule as many lessons as you need to support your program goals.<p><p>Each class should consist of the following:<ol><li>Working on college applications</li><li>Updating the College List Tool</li><li>Updating mentors through Conversations</li></ol></p></p>', NULL);
INSERT into canvas_widget_content (id, widget_id, content_type, ordinal, filename, url, html, plain_text) VALUES (3310, 2570, 11, 100, NULL, NULL, 'The following Canvas cards are what your class will see during this lesson.', NULL);
INSERT into canvas_widget_content (id, widget_id, content_type, ordinal, filename, url, html, plain_text) VALUES (3311, 2571, 11, 100, NULL, NULL, 'Today is all about completing your college applications:<ul><li>Use this time to finish your college applications.</li><li>Be sure to update the <a href="/cchklist/list/" target="_blank">College List Tool</a>.</li><li>Send your mentor an update in Conversations.</li></ul>', NULL);
INSERT into canvas_widget_content (id, widget_id, content_type, ordinal, filename, url, html, plain_text) VALUES (3312, 2572, 11, 100, NULL, NULL, 'Today is all about completing your college applications:<ul><li>Use this time to finish your college applications.</li><li>Be sure to update the <a href="/cchklist/list/" target="_blank">College List Tool</a>.</li><li>Send your mentor an update in Conversations.</li></ul>', NULL);
INSERT into canvas_widget_content (id, widget_id, content_type, ordinal, filename, url, html, plain_text) VALUES (3313, 2573, 11, 100, NULL, NULL, 'Today, your mentee worked on completing their college applications. You can see their progress in a couple ways:<ul><li>Check out the <a href="/cchklist/list/" target="_blank">College List Tool</a> to see their latest updates. If they are not updating this tool, send them a reminder to do so.</li><li>Read and respond to their message in <a href="http://learn.imentor.org/help/article/link/welcome-to-conversations" target="_blank">Conversations</a>.</li></ul>', NULL);
INSERT into canvas_widget_content (id, widget_id, content_type, ordinal, filename, url, html, plain_text) VALUES (3314, 2574, 11, 100, NULL, NULL, '<img src="/new_platform/static/canvas/images/remember.png" style="float:right;" />The purpose of this unit is to give students dedicated time to complete their college applications. This unit is a flexible unit, which means you can schedule as many lessons as you need to support your program goals.<p><p>Each class should consist of the following:<ol><li>Working on college applications</li><li>Updating the College List Tool</li><li>Updating mentors through Conversations</li></ol></p></p>', NULL);
INSERT into canvas_widget_content (id, widget_id, content_type, ordinal, filename, url, html, plain_text) VALUES (3315, 2575, 11, 100, NULL, NULL, 'The following Canvas cards are what your class will see during this lesson.', NULL);
INSERT into canvas_widget_content (id, widget_id, content_type, ordinal, filename, url, html, plain_text) VALUES (3316, 2576, 11, 100, NULL, NULL, 'Today is all about completing your college applications:<ul><li>Use this time to finish your college applications.</li><li>Be sure to update the <a href="/cchklist/list/" target="_blank">College List Tool</a>.</li><li>Send your mentor an update in Conversations.</li></ul>', NULL);
INSERT into canvas_widget_content (id, widget_id, content_type, ordinal, filename, url, html, plain_text) VALUES (3317, 2577, 11, 100, NULL, NULL, 'Today is all about completing your college applications:<ul><li>Use this time to finish your college applications.</li><li>Be sure to update the <a href="/cchklist/list/" target="_blank">College List Tool</a>.</li><li>Send your mentor an update in Conversations.</li></ul>', NULL);
INSERT into canvas_widget_content (id, widget_id, content_type, ordinal, filename, url, html, plain_text) VALUES (3318, 2578, 11, 100, NULL, NULL, 'Today, your mentee worked on completing their college applications. You can see their progress in a couple ways:<ul><li>Check out the <a href="/cchklist/list/" target="_blank">College List Tool</a> to see their latest updates. If they are not updating this tool, send them a reminder to do so.</li><li>Read and respond to their message in <a href="http://learn.imentor.org/help/article/link/welcome-to-conversations" target="_blank">Conversations</a>.</li></ul>', NULL);
INSERT into canvas_widget_content (id, widget_id, content_type, ordinal, filename, url, html, plain_text) VALUES (3319, 2579, 11, 100, NULL, NULL, '<img src="/new_platform/static/canvas/images/remember.png" style="float:right;" />The purpose of this unit is to give students dedicated time to complete their college applications. This unit is a flexible unit, which means you can schedule as many lessons as you need to support your program goals.<p><p>Each class should consist of the following:<ol><li>Working on college applications</li><li>Updating the College List Tool</li><li>Updating mentors through Conversations</li></ol></p></p>', NULL);
INSERT into canvas_widget_content (id, widget_id, content_type, ordinal, filename, url, html, plain_text) VALUES (3320, 2580, 11, 100, NULL, NULL, 'The following Canvas cards are what your class will see during this lesson.', NULL);
INSERT into canvas_widget_content (id, widget_id, content_type, ordinal, filename, url, html, plain_text) VALUES (3321, 2581, 11, 100, NULL, NULL, 'Today is all about completing your college applications:<ul><li>Use this time to finish your college applications.</li><li>Be sure to update the <a href="/cchklist/list/" target="_blank">College List Tool</a>.</li><li>Send your mentor an update in Conversations.</li></ul>', NULL);
INSERT into canvas_widget_content (id, widget_id, content_type, ordinal, filename, url, html, plain_text) VALUES (3322, 2582, 11, 100, NULL, NULL, 'Today is all about completing your college applications:<ul><li>Use this time to finish your college applications.</li><li>Be sure to update the <a href="/cchklist/list/" target="_blank">College List Tool</a>.</li><li>Send your mentor an update in Conversations.</li></ul>', NULL);
INSERT into canvas_widget_content (id, widget_id, content_type, ordinal, filename, url, html, plain_text) VALUES (3323, 2583, 11, 100, NULL, NULL, 'Today, your mentee worked on completing their college applications. You can see their progress in a couple ways:<ul><li>Check out the <a href="/cchklist/list/" target="_blank">College List Tool</a> to see their latest updates. If they are not updating this tool, send them a reminder to do so.</li><li>Read and respond to their message in <a href="http://learn.imentor.org/help/article/link/welcome-to-conversations" target="_blank">Conversations</a>.</li></ul>', NULL);