--Staff, Mentee, and Mentor Lesson 11.98.1

INSERT INTO canvas_doc_title_mapping (orig_doc_id, doc_title)
VALUES ('1MjU-bWzE9YLSGqL1Q86KVfdXhPbR8o-EuBbgb-0T0Bc', 'College Match & Fit Checklist');

INSERT into canvas_unit_info (id, unit_number, description, featured_image, secondary_description) VALUES (44, 98, 'Researching My Options', 'research', 'We''ll research colleges.');

INSERT into portfolio_reflection_card (id, grade_id, unit_id, mentor_card_html, mentee_card_html) VALUES (44, 3, 44, '<ul><li>This unit is all about college research, so there is no reflection.</li><li>Enjoy!</li></ul>', '<ul><li>This unit is all about college research, so there is no reflection.</li><li>Enjoy!</li></ul>');

INSERT into canvas_curriculum (id, canvas_type, start_datetime, end_datetime, grade_id, unit_id, curriculum_number, member_id, description, featured_image, secondary_description) VALUES (182, 2, '6/26/15 00:00:00', '6/26/15 23:59:59', 3, 44, 1, NULL, 'Researching My Options Day 1', '/new_platform/static/canvas/images/College_Application_Work_Day_1.png', NULL);

INSERT into canvas_set (id, role, curriculum_id, start_datetime, end_datetime, description) VALUES (522, 1, 182, '6/26/15 00:00:00', '6/26/15 23:59:59', 'Researching My Options Day 1');
INSERT into canvas_set (id, role, curriculum_id, start_datetime, end_datetime, description) VALUES (523, 5, 182, '6/26/15 00:00:00', '6/26/15 23:59:59', 'Researching My Options Day 1');
INSERT into canvas_set (id, role, curriculum_id, start_datetime, end_datetime, description) VALUES (524, 4, 182, '6/26/15 00:00:00', '6/26/15 23:59:59', 'Researching My Options Day 1');

INSERT into canvas_app (id, canvas_set_id, app_type,  n_of_total, total, ordinal, description) VALUES (1544, 522, 2, 1, 2, 100, 'Lesson Overview');
INSERT into canvas_app (id, canvas_set_id, app_type,  n_of_total, total, ordinal, description) VALUES (1545, 522, 2, 2, 2, 200, 'Mentee Canvas Preview');
INSERT into canvas_app (id, canvas_set_id, app_type,  n_of_total, total, ordinal, description) VALUES (1546, 522, 2, 1, 1, 300, 'What school is right for me?');
INSERT into canvas_app (id, canvas_set_id, app_type,  n_of_total, total, ordinal, description) VALUES (1547, 523, 2, 1, 1, 100, 'What school is right for me?');
INSERT into canvas_app (id, canvas_set_id, app_type,  n_of_total, total, ordinal, description) VALUES (1548, 524, 2, 1, 1, 100, 'Here’s what your mentee did in class…');

INSERT into canvas_widget (id, canvas_app_id, ordinal) VALUES (2584, 1544, 100);
INSERT into canvas_widget (id, canvas_app_id, ordinal) VALUES (2585, 1545, 100);
INSERT into canvas_widget (id, canvas_app_id, ordinal) VALUES (2586, 1546, 100);
INSERT into canvas_widget (id, canvas_app_id, ordinal) VALUES (2587, 1546, 200);
INSERT into canvas_widget (id, canvas_app_id, ordinal) VALUES (2588, 1546, 300);
INSERT into canvas_widget (id, canvas_app_id, ordinal) VALUES (2589, 1546, 400);
INSERT into canvas_widget (id, canvas_app_id, ordinal) VALUES (2590, 1547, 100);
INSERT into canvas_widget (id, canvas_app_id, ordinal) VALUES (2591, 1547, 200);
INSERT into canvas_widget (id, canvas_app_id, ordinal) VALUES (2592, 1547, 300);
INSERT into canvas_widget (id, canvas_app_id, ordinal) VALUES (2593, 1547, 400);
INSERT into canvas_widget (id, canvas_app_id, ordinal) VALUES (2594, 1548, 100);
INSERT into canvas_widget (id, canvas_app_id, ordinal) VALUES (2595, 1548, 200);
INSERT into canvas_widget (id, canvas_app_id, ordinal) VALUES (2596, 1548, 300);

INSERT into canvas_widget_content (id, widget_id, content_type, ordinal, filename, url, html, plain_text) VALUES (3324, 2584, 11, 100, NULL, NULL, '<img src="/new_platform/static/canvas/images/remember.png" style="float:right;" />The purpose of this unit is to give students dedicated time to research colleges and complete their college list. This unit is a flexible unit, which means you can schedule as many lessons as you need to support your program goals.<p><p>In each class, students should:<ol><li>Research colleges through the websites listed</li><li>Update the College Match and Fit Checklist so they can compare and contrast their options</li><li>Update the College List Tool as relevant</li><li>Update mentors through Conversations</li></ol></p></p>', NULL);
INSERT into canvas_widget_content (id, widget_id, content_type, ordinal, filename, url, html, plain_text) VALUES (3325, 2585, 11, 100, NULL, NULL, 'The following Canvas cards are what your class will see during this lesson.', NULL);
INSERT into canvas_widget_content (id, widget_id, content_type, ordinal, filename, url, html, plain_text) VALUES (3326, 2586, 11, 100, NULL, NULL, 'Now it’s time to research colleges to develop a college list. You’ll be putting the research you do today in your <a href="https://docs.google.com/spreadsheets/d/1MjU-bWzE9YLSGqL1Q86KVfdXhPbR8o-EuBbgb-0T0Bc/edit?usp=sharing" target="_blank">College Match and Fit Checklist</a>.', NULL);
INSERT into canvas_widget_content (id, widget_id, content_type, ordinal, filename, url, html, plain_text) VALUES (3327, 2587, 11, 100, NULL, NULL, 'First, use the following websites to find colleges that align to your preferences.<ul><li><a href="https://bigfuture.collegeboard.org/college-search" target="_blank">BigFuture</a></li><li><a href="https://collegescorecard.ed.gov/" target="_blank">College Scorecard</a></li><li><a href="http://www.communitycollegereview.com/compare-schools" target="_blank">Community College Review</a></li><li><a href="https://www.naviance.com/" target="_blank">Naviance</a></li></ul>', NULL);
INSERT into canvas_widget_content (id, widget_id, content_type, ordinal, filename, url, html, plain_text) VALUES (3328, 2588, 11, 100, NULL, NULL, 'As you find colleges that you want to apply to, add them to the <a href="/cchklist/list/" target="_blank">College List Tool</a> so you and your mentor can work on the college application process together.', NULL);
INSERT into canvas_widget_content (id, widget_id, content_type, ordinal, filename, url, html, plain_text) VALUES (3329, 2589, 11, 100, NULL, NULL, 'Finally, update your mentor in Conversations on your progress.<ul><li>Tell your mentor about one college you researched. Is it a good fit for you? Why or why not?</li><li>Give your mentor a personal update about your week.</li></ul>', NULL);
INSERT into canvas_widget_content (id, widget_id, content_type, ordinal, filename, url, html, plain_text) VALUES (3330, 2590, 11, 100, NULL, NULL, 'Now it’s time to research colleges to develop a college list. You’ll be putting the research you do today in your <a href="https://docs.google.com/spreadsheets/d/1MjU-bWzE9YLSGqL1Q86KVfdXhPbR8o-EuBbgb-0T0Bc/edit?usp=sharing" target="_blank">College Match and Fit Checklist</a>.', NULL);
INSERT into canvas_widget_content (id, widget_id, content_type, ordinal, filename, url, html, plain_text) VALUES (3331, 2591, 11, 100, NULL, NULL, 'First, use the following websites to find colleges that align to your preferences.<ul><li><a href="https://bigfuture.collegeboard.org/college-search" target="_blank">BigFuture</a></li><li><a href="https://collegescorecard.ed.gov/" target="_blank">College Scorecard</a></li><li><a href="http://www.communitycollegereview.com/compare-schools" target="_blank">Community College Review</a></li><li><a href="https://www.naviance.com/" target="_blank">Naviance</a></li></ul>', NULL);
INSERT into canvas_widget_content (id, widget_id, content_type, ordinal, filename, url, html, plain_text) VALUES (3332, 2592, 11, 100, NULL, NULL, 'As you find colleges that you want to apply to, add them to the <a href="/cchklist/list/" target="_blank">College List Tool</a> so you and your mentor can work on the college application process together.', NULL);
INSERT into canvas_widget_content (id, widget_id, content_type, ordinal, filename, url, html, plain_text) VALUES (3333, 2593, 11, 100, NULL, NULL, 'Finally, update your mentor in Conversations on your progress.<ul><li>Tell your mentor about one college you researched. Is it a good fit for you? Why or why not?</li><li>Give your mentor a personal update about your week.</li></ul>', NULL);
INSERT into canvas_widget_content (id, widget_id, content_type, ordinal, filename, url, html, plain_text) VALUES (3334, 2594, 11, 100, NULL, NULL, 'This unit is all about researching schools to generate a college list customized to your mentee’s preferences.<p><p>For info about why this unit is so important, click <a href="http://learn.imentor.org/help/article/link/the-importance-of-a-college-list" target="_blank">here</a>.</p></p>', NULL);
INSERT into canvas_widget_content (id, widget_id, content_type, ordinal, filename, url, html, plain_text) VALUES (3335, 2595, 11, 100, NULL, NULL, 'Today, your mentee used the following websites to research colleges:<ul><li><a href="https://bigfuture.collegeboard.org/college-search" target="_blank">BigFuture</a></li><li><a href="https://collegescorecard.ed.gov/" target="_blank">College Scorecard</a></li><li><a href="http://www.communitycollegereview.com/compare-schools" target="_blank">Community College Review</a></li><li><a href="https://www.naviance.com/" target="_blank">Naviance</a></li></ul>', NULL);
INSERT into canvas_widget_content (id, widget_id, content_type, ordinal, filename, url, html, plain_text) VALUES (3336, 2596, 11, 100, NULL, NULL, 'They documented their research in the <a href="https://docs.google.com/spreadsheets/d/1MjU-bWzE9YLSGqL1Q86KVfdXhPbR8o-EuBbgb-0T0Bc/edit?usp=sharing" target="_blank">College Match and Fit Checklist</a>.<p><p>Click <a href="http://learn.imentor.org/help/article/link/reviewing-your-mentees-college-list" target="_blank">here</a> for guidance around what makes a balanced college list and strategies for how you can support them along the way.</p></p>Review their research. What trends do you see? Is your mentee finding a diversity of schools that match their preferences? Are they ignoring schools that you think they should consider?<p><p>Share your thoughts with them in <a href="http://learn.imentor.org/help/article/link/welcome-to-conversations" target="_blank">Conversations</a>.</p></p>', NULL);

--Staff, Mentee, and Mentor Lessons 11.98.2 through 11.98.6

INSERT into canvas_curriculum (id, canvas_type, start_datetime, end_datetime, grade_id, unit_id, curriculum_number, member_id, description, featured_image, secondary_description) VALUES (183, 1, '6/26/15 00:00:00', '6/26/15 23:59:59', 3, 44, 2, NULL, 'Researching My Options Day 2', '/new_platform/static/canvas/images/College_Application_Work_Day_2.png', NULL);
INSERT into canvas_curriculum (id, canvas_type, start_datetime, end_datetime, grade_id, unit_id, curriculum_number, member_id, description, featured_image, secondary_description) VALUES (184, 1, '6/26/15 00:00:00', '6/26/15 23:59:59', 3, 44, 3, NULL, 'Researching My Options Day 3', '/new_platform/static/canvas/images/College_Application_Work_Day_3.png', NULL);
INSERT into canvas_curriculum (id, canvas_type, start_datetime, end_datetime, grade_id, unit_id, curriculum_number, member_id, description, featured_image, secondary_description) VALUES (185, 1, '6/26/15 00:00:00', '6/26/15 23:59:59', 3, 44, 4, NULL, 'Researching My Options Day 4', '/new_platform/static/canvas/images/College_Application_Work_Day_4.png', NULL);
INSERT into canvas_curriculum (id, canvas_type, start_datetime, end_datetime, grade_id, unit_id, curriculum_number, member_id, description, featured_image, secondary_description) VALUES (186, 1, '6/26/15 00:00:00', '6/26/15 23:59:59', 3, 44, 5, NULL, 'Researching My Options Day 5', '/new_platform/static/canvas/images/College_Application_Work_Day_5.png', NULL);
INSERT into canvas_curriculum (id, canvas_type, start_datetime, end_datetime, grade_id, unit_id, curriculum_number, member_id, description, featured_image, secondary_description) VALUES (187, 1, '6/26/15 00:00:00', '6/26/15 23:59:59', 3, 44, 6, NULL, 'Researching My Options Day 6', '/new_platform/static/canvas/images/College_Application_Work_Day_6.png', NULL);

INSERT into canvas_set (id, role, curriculum_id, start_datetime, end_datetime, description) VALUES (525, 1, 183, '6/26/15 00:00:00', '6/26/15 23:59:59', 'Researching My Options Day 2');
INSERT into canvas_set (id, role, curriculum_id, start_datetime, end_datetime, description) VALUES (526, 5, 183, '6/26/15 00:00:00', '6/26/15 23:59:59', 'Researching My Options Day 2');
INSERT into canvas_set (id, role, curriculum_id, start_datetime, end_datetime, description) VALUES (527, 4, 183, '6/26/15 00:00:00', '6/26/15 23:59:59', 'Researching My Options Day 2');
INSERT into canvas_set (id, role, curriculum_id, start_datetime, end_datetime, description) VALUES (528, 1, 184, '6/26/15 00:00:00', '6/26/15 23:59:59', 'Researching My Options Day 3');
INSERT into canvas_set (id, role, curriculum_id, start_datetime, end_datetime, description) VALUES (529, 5, 184, '6/26/15 00:00:00', '6/26/15 23:59:59', 'Researching My Options Day 3');
INSERT into canvas_set (id, role, curriculum_id, start_datetime, end_datetime, description) VALUES (530, 4, 184, '6/26/15 00:00:00', '6/26/15 23:59:59', 'Researching My Options Day 3');
INSERT into canvas_set (id, role, curriculum_id, start_datetime, end_datetime, description) VALUES (531, 1, 185, '6/26/15 00:00:00', '6/26/15 23:59:59', 'Researching My Options Day 4');
INSERT into canvas_set (id, role, curriculum_id, start_datetime, end_datetime, description) VALUES (532, 5, 185, '6/26/15 00:00:00', '6/26/15 23:59:59', 'Researching My Options Day 4');
INSERT into canvas_set (id, role, curriculum_id, start_datetime, end_datetime, description) VALUES (533, 4, 185, '6/26/15 00:00:00', '6/26/15 23:59:59', 'Researching My Options Day 4');
INSERT into canvas_set (id, role, curriculum_id, start_datetime, end_datetime, description) VALUES (534, 1, 186, '6/26/15 00:00:00', '6/26/15 23:59:59', 'Researching My Options Day 5');
INSERT into canvas_set (id, role, curriculum_id, start_datetime, end_datetime, description) VALUES (535, 5, 186, '6/26/15 00:00:00', '6/26/15 23:59:59', 'Researching My Options Day 5');
INSERT into canvas_set (id, role, curriculum_id, start_datetime, end_datetime, description) VALUES (536, 4, 186, '6/26/15 00:00:00', '6/26/15 23:59:59', 'Researching My Options Day 5');
INSERT into canvas_set (id, role, curriculum_id, start_datetime, end_datetime, description) VALUES (537, 1, 187, '6/26/15 00:00:00', '6/26/15 23:59:59', 'Researching My Options Day 6');
INSERT into canvas_set (id, role, curriculum_id, start_datetime, end_datetime, description) VALUES (538, 5, 187, '6/26/15 00:00:00', '6/26/15 23:59:59', 'Researching My Options Day 6');
INSERT into canvas_set (id, role, curriculum_id, start_datetime, end_datetime, description) VALUES (539, 4, 187, '6/26/15 00:00:00', '6/26/15 23:59:59', 'Researching My Options Day 6');

INSERT into canvas_app (id, canvas_set_id, app_type,  n_of_total, total, ordinal, description) VALUES (1549, 525, 2, 1, 2, 100, 'Lesson Overview');
INSERT into canvas_app (id, canvas_set_id, app_type,  n_of_total, total, ordinal, description) VALUES (1550, 525, 2, 2, 2, 200, 'Mentee Canvas Preview');
INSERT into canvas_app (id, canvas_set_id, app_type,  n_of_total, total, ordinal, description) VALUES (1551, 525, 2, 1, 1, 300, 'What school is right for me?');
INSERT into canvas_app (id, canvas_set_id, app_type,  n_of_total, total, ordinal, description) VALUES (1552, 526, 2, 1, 1, 100, 'What school is right for me?');
INSERT into canvas_app (id, canvas_set_id, app_type,  n_of_total, total, ordinal, description) VALUES (1553, 527, 2, 1, 1, 100, 'Here’s what your mentee did in class…');
INSERT into canvas_app (id, canvas_set_id, app_type,  n_of_total, total, ordinal, description) VALUES (1554, 528, 2, 1, 2, 100, 'Lesson Overview');
INSERT into canvas_app (id, canvas_set_id, app_type,  n_of_total, total, ordinal, description) VALUES (1555, 528, 2, 2, 2, 200, 'Mentee Canvas Preview');
INSERT into canvas_app (id, canvas_set_id, app_type,  n_of_total, total, ordinal, description) VALUES (1556, 528, 2, 1, 1, 300, 'What school is right for me?');
INSERT into canvas_app (id, canvas_set_id, app_type,  n_of_total, total, ordinal, description) VALUES (1557, 529, 2, 1, 1, 100, 'What school is right for me?');
INSERT into canvas_app (id, canvas_set_id, app_type,  n_of_total, total, ordinal, description) VALUES (1558, 530, 2, 1, 1, 100, 'Here’s what your mentee did in class…');
INSERT into canvas_app (id, canvas_set_id, app_type,  n_of_total, total, ordinal, description) VALUES (1559, 531, 2, 1, 2, 100, 'Lesson Overview');
INSERT into canvas_app (id, canvas_set_id, app_type,  n_of_total, total, ordinal, description) VALUES (1560, 531, 2, 2, 2, 200, 'Mentee Canvas Preview');
INSERT into canvas_app (id, canvas_set_id, app_type,  n_of_total, total, ordinal, description) VALUES (1561, 531, 2, 1, 1, 300, 'What school is right for me?');
INSERT into canvas_app (id, canvas_set_id, app_type,  n_of_total, total, ordinal, description) VALUES (1562, 532, 2, 1, 1, 100, 'What school is right for me?');
INSERT into canvas_app (id, canvas_set_id, app_type,  n_of_total, total, ordinal, description) VALUES (1563, 533, 2, 1, 1, 100, 'Here’s what your mentee did in class…');
INSERT into canvas_app (id, canvas_set_id, app_type,  n_of_total, total, ordinal, description) VALUES (1564, 534, 2, 1, 2, 100, 'Lesson Overview');
INSERT into canvas_app (id, canvas_set_id, app_type,  n_of_total, total, ordinal, description) VALUES (1565, 534, 2, 2, 2, 200, 'Mentee Canvas Preview');
INSERT into canvas_app (id, canvas_set_id, app_type,  n_of_total, total, ordinal, description) VALUES (1566, 534, 2, 1, 1, 300, 'What school is right for me?');
INSERT into canvas_app (id, canvas_set_id, app_type,  n_of_total, total, ordinal, description) VALUES (1567, 535, 2, 1, 1, 100, 'What school is right for me?');
INSERT into canvas_app (id, canvas_set_id, app_type,  n_of_total, total, ordinal, description) VALUES (1568, 536, 2, 1, 1, 100, 'Here’s what your mentee did in class…');
INSERT into canvas_app (id, canvas_set_id, app_type,  n_of_total, total, ordinal, description) VALUES (1569, 537, 2, 1, 2, 100, 'Lesson Overview');
INSERT into canvas_app (id, canvas_set_id, app_type,  n_of_total, total, ordinal, description) VALUES (1570, 537, 2, 2, 2, 200, 'Mentee Canvas Preview');
INSERT into canvas_app (id, canvas_set_id, app_type,  n_of_total, total, ordinal, description) VALUES (1571, 537, 2, 1, 1, 300, 'What school is right for me?');
INSERT into canvas_app (id, canvas_set_id, app_type,  n_of_total, total, ordinal, description) VALUES (1572, 538, 2, 1, 1, 100, 'What school is right for me?');
INSERT into canvas_app (id, canvas_set_id, app_type,  n_of_total, total, ordinal, description) VALUES (1573, 539, 2, 1, 1, 100, 'Here’s what your mentee did in class…');

INSERT into canvas_widget (id, canvas_app_id, ordinal) VALUES (2597, 1549, 100);
INSERT into canvas_widget (id, canvas_app_id, ordinal) VALUES (2598, 1550, 100);
INSERT into canvas_widget (id, canvas_app_id, ordinal) VALUES (2599, 1551, 100);
INSERT into canvas_widget (id, canvas_app_id, ordinal) VALUES (2600, 1551, 200);
INSERT into canvas_widget (id, canvas_app_id, ordinal) VALUES (2601, 1551, 300);
INSERT into canvas_widget (id, canvas_app_id, ordinal) VALUES (2602, 1551, 400);
INSERT into canvas_widget (id, canvas_app_id, ordinal) VALUES (2603, 1552, 100);
INSERT into canvas_widget (id, canvas_app_id, ordinal) VALUES (2604, 1552, 200);
INSERT into canvas_widget (id, canvas_app_id, ordinal) VALUES (2605, 1552, 300);
INSERT into canvas_widget (id, canvas_app_id, ordinal) VALUES (2606, 1552, 400);
INSERT into canvas_widget (id, canvas_app_id, ordinal) VALUES (2607, 1553, 100);
INSERT into canvas_widget (id, canvas_app_id, ordinal) VALUES (2608, 1553, 200);
INSERT into canvas_widget (id, canvas_app_id, ordinal) VALUES (2609, 1553, 300);
INSERT into canvas_widget (id, canvas_app_id, ordinal) VALUES (2610, 1554, 100);
INSERT into canvas_widget (id, canvas_app_id, ordinal) VALUES (2611, 1555, 100);
INSERT into canvas_widget (id, canvas_app_id, ordinal) VALUES (2612, 1556, 100);
INSERT into canvas_widget (id, canvas_app_id, ordinal) VALUES (2613, 1556, 200);
INSERT into canvas_widget (id, canvas_app_id, ordinal) VALUES (2614, 1556, 300);
INSERT into canvas_widget (id, canvas_app_id, ordinal) VALUES (2615, 1556, 400);
INSERT into canvas_widget (id, canvas_app_id, ordinal) VALUES (2616, 1557, 100);
INSERT into canvas_widget (id, canvas_app_id, ordinal) VALUES (2617, 1557, 200);
INSERT into canvas_widget (id, canvas_app_id, ordinal) VALUES (2618, 1557, 300);
INSERT into canvas_widget (id, canvas_app_id, ordinal) VALUES (2619, 1557, 400);
INSERT into canvas_widget (id, canvas_app_id, ordinal) VALUES (2620, 1558, 100);
INSERT into canvas_widget (id, canvas_app_id, ordinal) VALUES (2621, 1558, 200);
INSERT into canvas_widget (id, canvas_app_id, ordinal) VALUES (2622, 1558, 300);
INSERT into canvas_widget (id, canvas_app_id, ordinal) VALUES (2623, 1559, 100);
INSERT into canvas_widget (id, canvas_app_id, ordinal) VALUES (2624, 1560, 100);
INSERT into canvas_widget (id, canvas_app_id, ordinal) VALUES (2625, 1561, 100);
INSERT into canvas_widget (id, canvas_app_id, ordinal) VALUES (2626, 1561, 200);
INSERT into canvas_widget (id, canvas_app_id, ordinal) VALUES (2627, 1561, 300);
INSERT into canvas_widget (id, canvas_app_id, ordinal) VALUES (2628, 1561, 400);
INSERT into canvas_widget (id, canvas_app_id, ordinal) VALUES (2629, 1562, 100);
INSERT into canvas_widget (id, canvas_app_id, ordinal) VALUES (2630, 1562, 200);
INSERT into canvas_widget (id, canvas_app_id, ordinal) VALUES (2631, 1562, 300);
INSERT into canvas_widget (id, canvas_app_id, ordinal) VALUES (2632, 1562, 400);
INSERT into canvas_widget (id, canvas_app_id, ordinal) VALUES (2633, 1563, 100);
INSERT into canvas_widget (id, canvas_app_id, ordinal) VALUES (2634, 1563, 200);
INSERT into canvas_widget (id, canvas_app_id, ordinal) VALUES (2635, 1563, 300);
INSERT into canvas_widget (id, canvas_app_id, ordinal) VALUES (2636, 1564, 100);
INSERT into canvas_widget (id, canvas_app_id, ordinal) VALUES (2637, 1565, 100);
INSERT into canvas_widget (id, canvas_app_id, ordinal) VALUES (2638, 1566, 100);
INSERT into canvas_widget (id, canvas_app_id, ordinal) VALUES (2639, 1566, 200);
INSERT into canvas_widget (id, canvas_app_id, ordinal) VALUES (2640, 1566, 300);
INSERT into canvas_widget (id, canvas_app_id, ordinal) VALUES (2641, 1566, 400);
INSERT into canvas_widget (id, canvas_app_id, ordinal) VALUES (2642, 1567, 100);
INSERT into canvas_widget (id, canvas_app_id, ordinal) VALUES (2643, 1567, 200);
INSERT into canvas_widget (id, canvas_app_id, ordinal) VALUES (2644, 1567, 300);
INSERT into canvas_widget (id, canvas_app_id, ordinal) VALUES (2645, 1567, 400);
INSERT into canvas_widget (id, canvas_app_id, ordinal) VALUES (2646, 1568, 100);
INSERT into canvas_widget (id, canvas_app_id, ordinal) VALUES (2647, 1568, 200);
INSERT into canvas_widget (id, canvas_app_id, ordinal) VALUES (2648, 1568, 300);
INSERT into canvas_widget (id, canvas_app_id, ordinal) VALUES (2649, 1569, 100);
INSERT into canvas_widget (id, canvas_app_id, ordinal) VALUES (2650, 1570, 100);
INSERT into canvas_widget (id, canvas_app_id, ordinal) VALUES (2651, 1571, 100);
INSERT into canvas_widget (id, canvas_app_id, ordinal) VALUES (2652, 1571, 200);
INSERT into canvas_widget (id, canvas_app_id, ordinal) VALUES (2653, 1571, 300);
INSERT into canvas_widget (id, canvas_app_id, ordinal) VALUES (2654, 1571, 400);
INSERT into canvas_widget (id, canvas_app_id, ordinal) VALUES (2655, 1572, 100);
INSERT into canvas_widget (id, canvas_app_id, ordinal) VALUES (2656, 1572, 200);
INSERT into canvas_widget (id, canvas_app_id, ordinal) VALUES (2657, 1572, 300);
INSERT into canvas_widget (id, canvas_app_id, ordinal) VALUES (2658, 1572, 400);
INSERT into canvas_widget (id, canvas_app_id, ordinal) VALUES (2659, 1573, 100);
INSERT into canvas_widget (id, canvas_app_id, ordinal) VALUES (2660, 1573, 200);
INSERT into canvas_widget (id, canvas_app_id, ordinal) VALUES (2661, 1573, 300);

INSERT into canvas_widget_content (id, widget_id, content_type, ordinal, filename, url, html, plain_text) VALUES (3337, 2597, 11, 100, NULL, NULL, '<img src="/new_platform/static/canvas/images/remember.png" style="float:right;" />The purpose of this unit is to give students dedicated time to research colleges and complete their college list. This unit is a flexible unit, which means you can schedule as many lessons as you need to support your program goals.<p><p>In each class, students should:<ol><li>Research colleges through the websites listed</li><li>Update the College Match and Fit Checklist so they can compare and contrast their options</li><li>Update the College List Tool as relevant</li><li>Update mentors through Conversations</li></ol></p></p>', NULL);
INSERT into canvas_widget_content (id, widget_id, content_type, ordinal, filename, url, html, plain_text) VALUES (3338, 2598, 11, 100, NULL, NULL, 'The following Canvas cards are what your class will see during this lesson.', NULL);
INSERT into canvas_widget_content (id, widget_id, content_type, ordinal, filename, url, html, plain_text) VALUES (3339, 2599, 11, 100, NULL, NULL, 'Now it’s time to research colleges to develop a college list. You’ll be putting the research you do today in your <a href="https://docs.google.com/spreadsheets/d/1MjU-bWzE9YLSGqL1Q86KVfdXhPbR8o-EuBbgb-0T0Bc/edit?usp=sharing" target="_blank">College Match and Fit Checklist</a>.', NULL);
INSERT into canvas_widget_content (id, widget_id, content_type, ordinal, filename, url, html, plain_text) VALUES (3340, 2600, 11, 100, NULL, NULL, 'First, use the following websites to find colleges that align to your preferences.<ul><li><a href="https://bigfuture.collegeboard.org/college-search" target="_blank">BigFuture</a></li><li><a href="https://collegescorecard.ed.gov/" target="_blank">College Scorecard</a></li><li><a href="http://www.communitycollegereview.com/compare-schools" target="_blank">Community College Review</a></li><li><a href="https://www.naviance.com/" target="_blank">Naviance</a></li></ul>', NULL);
INSERT into canvas_widget_content (id, widget_id, content_type, ordinal, filename, url, html, plain_text) VALUES (3341, 2601, 11, 100, NULL, NULL, 'As you find colleges that you want to apply to, add them to the <a href="/cchklist/list/" target="_blank">College List Tool</a> so you and your mentor can work on the college application process together.', NULL);
INSERT into canvas_widget_content (id, widget_id, content_type, ordinal, filename, url, html, plain_text) VALUES (3342, 2602, 11, 100, NULL, NULL, 'Finally, update your mentor in Conversations on your progress.<ul><li>Tell your mentor about one college you researched. Is it a good fit for you? Why or why not?</li><li>Give your mentor a personal update about your week.</li></ul>', NULL);
INSERT into canvas_widget_content (id, widget_id, content_type, ordinal, filename, url, html, plain_text) VALUES (3343, 2603, 11, 100, NULL, NULL, 'Now it’s time to research colleges to develop a college list. You’ll be putting the research you do today in your <a href="https://docs.google.com/spreadsheets/d/1MjU-bWzE9YLSGqL1Q86KVfdXhPbR8o-EuBbgb-0T0Bc/edit?usp=sharing" target="_blank">College Match and Fit Checklist</a>.', NULL);
INSERT into canvas_widget_content (id, widget_id, content_type, ordinal, filename, url, html, plain_text) VALUES (3344, 2604, 11, 100, NULL, NULL, 'First, use the following websites to find colleges that align to your preferences.<ul><li><a href="https://bigfuture.collegeboard.org/college-search" target="_blank">BigFuture</a></li><li><a href="https://collegescorecard.ed.gov/" target="_blank">College Scorecard</a></li><li><a href="http://www.communitycollegereview.com/compare-schools" target="_blank">Community College Review</a></li><li><a href="https://www.naviance.com/" target="_blank">Naviance</a></li></ul>', NULL);
INSERT into canvas_widget_content (id, widget_id, content_type, ordinal, filename, url, html, plain_text) VALUES (3345, 2605, 11, 100, NULL, NULL, 'As you find colleges that you want to apply to, add them to the <a href="/cchklist/list/" target="_blank">College List Tool</a> so you and your mentor can work on the college application process together.', NULL);
INSERT into canvas_widget_content (id, widget_id, content_type, ordinal, filename, url, html, plain_text) VALUES (3346, 2606, 11, 100, NULL, NULL, 'Finally, update your mentor in Conversations on your progress.<ul><li>Tell your mentor about one college you researched. Is it a good fit for you? Why or why not?</li><li>Give your mentor a personal update about your week.</li></ul>', NULL);
INSERT into canvas_widget_content (id, widget_id, content_type, ordinal, filename, url, html, plain_text) VALUES (3347, 2607, 11, 100, NULL, NULL, 'This unit is all about researching schools to generate a college list customized to your mentee’s preferences.<p><p>For info about why this unit is so important, click <a href="http://learn.imentor.org/help/article/link/the-importance-of-a-college-list" target="_blank">here</a>.</p></p>', NULL);
INSERT into canvas_widget_content (id, widget_id, content_type, ordinal, filename, url, html, plain_text) VALUES (3348, 2608, 11, 100, NULL, NULL, 'Today, your mentee used the following websites to research colleges:<ul><li><a href="https://bigfuture.collegeboard.org/college-search" target="_blank">BigFuture</a></li><li><a href="https://collegescorecard.ed.gov/" target="_blank">College Scorecard</a></li><li><a href="http://www.communitycollegereview.com/compare-schools" target="_blank">Community College Review</a></li><li><a href="https://www.naviance.com/" target="_blank">Naviance</a></li></ul>', NULL);
INSERT into canvas_widget_content (id, widget_id, content_type, ordinal, filename, url, html, plain_text) VALUES (3349, 2609, 11, 100, NULL, NULL, 'They documented their research in the <a href="https://docs.google.com/spreadsheets/d/1MjU-bWzE9YLSGqL1Q86KVfdXhPbR8o-EuBbgb-0T0Bc/edit?usp=sharing" target="_blank">College Match and Fit Checklist</a>.<p><p>Click <a href="http://learn.imentor.org/help/article/link/reviewing-your-mentees-college-list" target="_blank">here</a> for guidance around what makes a balanced college list and strategies for how you can support them along the way.</p></p>Review their research. What trends do you see? Is your mentee finding a diversity of schools that match their preferences? Are they ignoring schools that you think they should consider?<p><p>Share your thoughts with them in <a href="http://learn.imentor.org/help/article/link/welcome-to-conversations" target="_blank">Conversations</a>.</p></p>', NULL);
INSERT into canvas_widget_content (id, widget_id, content_type, ordinal, filename, url, html, plain_text) VALUES (3350, 2610, 11, 100, NULL, NULL, '<img src="/new_platform/static/canvas/images/remember.png" style="float:right;" />The purpose of this unit is to give students dedicated time to research colleges and complete their college list. This unit is a flexible unit, which means you can schedule as many lessons as you need to support your program goals.<p><p>In each class, students should:<ol><li>Research colleges through the websites listed</li><li>Update the College Match and Fit Checklist so they can compare and contrast their options</li><li>Update the College List Tool as relevant</li><li>Update mentors through Conversations</li></ol></p></p>', NULL);
INSERT into canvas_widget_content (id, widget_id, content_type, ordinal, filename, url, html, plain_text) VALUES (3351, 2611, 11, 100, NULL, NULL, 'The following Canvas cards are what your class will see during this lesson.', NULL);
INSERT into canvas_widget_content (id, widget_id, content_type, ordinal, filename, url, html, plain_text) VALUES (3352, 2612, 11, 100, NULL, NULL, 'Now it’s time to research colleges to develop a college list. You’ll be putting the research you do today in your <a href="https://docs.google.com/spreadsheets/d/1MjU-bWzE9YLSGqL1Q86KVfdXhPbR8o-EuBbgb-0T0Bc/edit?usp=sharing" target="_blank">College Match and Fit Checklist</a>.', NULL);
INSERT into canvas_widget_content (id, widget_id, content_type, ordinal, filename, url, html, plain_text) VALUES (3353, 2613, 11, 100, NULL, NULL, 'First, use the following websites to find colleges that align to your preferences.<ul><li><a href="https://bigfuture.collegeboard.org/college-search" target="_blank">BigFuture</a></li><li><a href="https://collegescorecard.ed.gov/" target="_blank">College Scorecard</a></li><li><a href="http://www.communitycollegereview.com/compare-schools" target="_blank">Community College Review</a></li><li><a href="https://www.naviance.com/" target="_blank">Naviance</a></li></ul>', NULL);
INSERT into canvas_widget_content (id, widget_id, content_type, ordinal, filename, url, html, plain_text) VALUES (3354, 2614, 11, 100, NULL, NULL, 'As you find colleges that you want to apply to, add them to the <a href="/cchklist/list/" target="_blank">College List Tool</a> so you and your mentor can work on the college application process together.', NULL);
INSERT into canvas_widget_content (id, widget_id, content_type, ordinal, filename, url, html, plain_text) VALUES (3355, 2615, 11, 100, NULL, NULL, 'Finally, update your mentor in Conversations on your progress.<ul><li>Tell your mentor about one college you researched. Is it a good fit for you? Why or why not?</li><li>Give your mentor a personal update about your week.</li></ul>', NULL);
INSERT into canvas_widget_content (id, widget_id, content_type, ordinal, filename, url, html, plain_text) VALUES (3356, 2616, 11, 100, NULL, NULL, 'Now it’s time to research colleges to develop a college list. You’ll be putting the research you do today in your <a href="https://docs.google.com/spreadsheets/d/1MjU-bWzE9YLSGqL1Q86KVfdXhPbR8o-EuBbgb-0T0Bc/edit?usp=sharing" target="_blank">College Match and Fit Checklist</a>.', NULL);
INSERT into canvas_widget_content (id, widget_id, content_type, ordinal, filename, url, html, plain_text) VALUES (3357, 2617, 11, 100, NULL, NULL, 'First, use the following websites to find colleges that align to your preferences.<ul><li><a href="https://bigfuture.collegeboard.org/college-search" target="_blank">BigFuture</a></li><li><a href="https://collegescorecard.ed.gov/" target="_blank">College Scorecard</a></li><li><a href="http://www.communitycollegereview.com/compare-schools" target="_blank">Community College Review</a></li><li><a href="https://www.naviance.com/" target="_blank">Naviance</a></li></ul>', NULL);
INSERT into canvas_widget_content (id, widget_id, content_type, ordinal, filename, url, html, plain_text) VALUES (3358, 2618, 11, 100, NULL, NULL, 'As you find colleges that you want to apply to, add them to the <a href="/cchklist/list/" target="_blank">College List Tool</a> so you and your mentor can work on the college application process together.', NULL);
INSERT into canvas_widget_content (id, widget_id, content_type, ordinal, filename, url, html, plain_text) VALUES (3359, 2619, 11, 100, NULL, NULL, 'Finally, update your mentor in Conversations on your progress.<ul><li>Tell your mentor about one college you researched. Is it a good fit for you? Why or why not?</li><li>Give your mentor a personal update about your week.</li></ul>', NULL);
INSERT into canvas_widget_content (id, widget_id, content_type, ordinal, filename, url, html, plain_text) VALUES (3360, 2620, 11, 100, NULL, NULL, 'This unit is all about researching schools to generate a college list customized to your mentee’s preferences.<p><p>For info about why this unit is so important, click <a href="http://learn.imentor.org/help/article/link/the-importance-of-a-college-list" target="_blank">here</a>.</p></p>', NULL);
INSERT into canvas_widget_content (id, widget_id, content_type, ordinal, filename, url, html, plain_text) VALUES (3361, 2621, 11, 100, NULL, NULL, 'Today, your mentee used the following websites to research colleges:<ul><li><a href="https://bigfuture.collegeboard.org/college-search" target="_blank">BigFuture</a></li><li><a href="https://collegescorecard.ed.gov/" target="_blank">College Scorecard</a></li><li><a href="http://www.communitycollegereview.com/compare-schools" target="_blank">Community College Review</a></li><li><a href="https://www.naviance.com/" target="_blank">Naviance</a></li></ul>', NULL);
INSERT into canvas_widget_content (id, widget_id, content_type, ordinal, filename, url, html, plain_text) VALUES (3362, 2622, 11, 100, NULL, NULL, 'They documented their research in the <a href="https://docs.google.com/spreadsheets/d/1MjU-bWzE9YLSGqL1Q86KVfdXhPbR8o-EuBbgb-0T0Bc/edit?usp=sharing" target="_blank">College Match and Fit Checklist</a>.<p><p>Click <a href="http://learn.imentor.org/help/article/link/reviewing-your-mentees-college-list" target="_blank">here</a> for guidance around what makes a balanced college list and strategies for how you can support them along the way.</p></p>Review their research. What trends do you see? Is your mentee finding a diversity of schools that match their preferences? Are they ignoring schools that you think they should consider?<p><p>Share your thoughts with them in <a href="http://learn.imentor.org/help/article/link/welcome-to-conversations" target="_blank">Conversations</a>.</p></p>', NULL);
INSERT into canvas_widget_content (id, widget_id, content_type, ordinal, filename, url, html, plain_text) VALUES (3363, 2623, 11, 100, NULL, NULL, '<img src="/new_platform/static/canvas/images/remember.png" style="float:right;" />The purpose of this unit is to give students dedicated time to research colleges and complete their college list. This unit is a flexible unit, which means you can schedule as many lessons as you need to support your program goals.<p><p>In each class, students should:<ol><li>Research colleges through the websites listed</li><li>Update the College Match and Fit Checklist so they can compare and contrast their options</li><li>Update the College List Tool as relevant</li><li>Update mentors through Conversations</li></ol></p></p>', NULL);
INSERT into canvas_widget_content (id, widget_id, content_type, ordinal, filename, url, html, plain_text) VALUES (3364, 2624, 11, 100, NULL, NULL, 'The following Canvas cards are what your class will see during this lesson.', NULL);
INSERT into canvas_widget_content (id, widget_id, content_type, ordinal, filename, url, html, plain_text) VALUES (3365, 2625, 11, 100, NULL, NULL, 'Now it’s time to research colleges to develop a college list. You’ll be putting the research you do today in your <a href="https://docs.google.com/spreadsheets/d/1MjU-bWzE9YLSGqL1Q86KVfdXhPbR8o-EuBbgb-0T0Bc/edit?usp=sharing" target="_blank">College Match and Fit Checklist</a>.', NULL);
INSERT into canvas_widget_content (id, widget_id, content_type, ordinal, filename, url, html, plain_text) VALUES (3366, 2626, 11, 100, NULL, NULL, 'First, use the following websites to find colleges that align to your preferences.<ul><li><a href="https://bigfuture.collegeboard.org/college-search" target="_blank">BigFuture</a></li><li><a href="https://collegescorecard.ed.gov/" target="_blank">College Scorecard</a></li><li><a href="http://www.communitycollegereview.com/compare-schools" target="_blank">Community College Review</a></li><li><a href="https://www.naviance.com/" target="_blank">Naviance</a></li></ul>', NULL);
INSERT into canvas_widget_content (id, widget_id, content_type, ordinal, filename, url, html, plain_text) VALUES (3367, 2627, 11, 100, NULL, NULL, 'As you find colleges that you want to apply to, add them to the <a href="/cchklist/list/" target="_blank">College List Tool</a> so you and your mentor can work on the college application process together.', NULL);
INSERT into canvas_widget_content (id, widget_id, content_type, ordinal, filename, url, html, plain_text) VALUES (3368, 2628, 11, 100, NULL, NULL, 'Finally, update your mentor in Conversations on your progress.<ul><li>Tell your mentor about one college you researched. Is it a good fit for you? Why or why not?</li><li>Give your mentor a personal update about your week.</li></ul>', NULL);
INSERT into canvas_widget_content (id, widget_id, content_type, ordinal, filename, url, html, plain_text) VALUES (3369, 2629, 11, 100, NULL, NULL, 'Now it’s time to research colleges to develop a college list. You’ll be putting the research you do today in your <a href="https://docs.google.com/spreadsheets/d/1MjU-bWzE9YLSGqL1Q86KVfdXhPbR8o-EuBbgb-0T0Bc/edit?usp=sharing" target="_blank">College Match and Fit Checklist</a>.', NULL);
INSERT into canvas_widget_content (id, widget_id, content_type, ordinal, filename, url, html, plain_text) VALUES (3370, 2630, 11, 100, NULL, NULL, 'First, use the following websites to find colleges that align to your preferences.<ul><li><a href="https://bigfuture.collegeboard.org/college-search" target="_blank">BigFuture</a></li><li><a href="https://collegescorecard.ed.gov/" target="_blank">College Scorecard</a></li><li><a href="http://www.communitycollegereview.com/compare-schools" target="_blank">Community College Review</a></li><li><a href="https://www.naviance.com/" target="_blank">Naviance</a></li></ul>', NULL);
INSERT into canvas_widget_content (id, widget_id, content_type, ordinal, filename, url, html, plain_text) VALUES (3371, 2631, 11, 100, NULL, NULL, 'As you find colleges that you want to apply to, add them to the <a href="/cchklist/list/" target="_blank">College List Tool</a> so you and your mentor can work on the college application process together.', NULL);
INSERT into canvas_widget_content (id, widget_id, content_type, ordinal, filename, url, html, plain_text) VALUES (3372, 2632, 11, 100, NULL, NULL, 'Finally, update your mentor in Conversations on your progress.<ul><li>Tell your mentor about one college you researched. Is it a good fit for you? Why or why not?</li><li>Give your mentor a personal update about your week.</li></ul>', NULL);
INSERT into canvas_widget_content (id, widget_id, content_type, ordinal, filename, url, html, plain_text) VALUES (3373, 2633, 11, 100, NULL, NULL, 'This unit is all about researching schools to generate a college list customized to your mentee’s preferences.<p><p>For info about why this unit is so important, click <a href="http://learn.imentor.org/help/article/link/the-importance-of-a-college-list" target="_blank">here</a>.</p></p>', NULL);
INSERT into canvas_widget_content (id, widget_id, content_type, ordinal, filename, url, html, plain_text) VALUES (3374, 2634, 11, 100, NULL, NULL, 'Today, your mentee used the following websites to research colleges:<ul><li><a href="https://bigfuture.collegeboard.org/college-search" target="_blank">BigFuture</a></li><li><a href="https://collegescorecard.ed.gov/" target="_blank">College Scorecard</a></li><li><a href="http://www.communitycollegereview.com/compare-schools" target="_blank">Community College Review</a></li><li><a href="https://www.naviance.com/" target="_blank">Naviance</a></li></ul>', NULL);
INSERT into canvas_widget_content (id, widget_id, content_type, ordinal, filename, url, html, plain_text) VALUES (3375, 2635, 11, 100, NULL, NULL, 'They documented their research in the <a href="https://docs.google.com/spreadsheets/d/1MjU-bWzE9YLSGqL1Q86KVfdXhPbR8o-EuBbgb-0T0Bc/edit?usp=sharing" target="_blank">College Match and Fit Checklist</a>.<p><p>Click <a href="http://learn.imentor.org/help/article/link/reviewing-your-mentees-college-list" target="_blank">here</a> for guidance around what makes a balanced college list and strategies for how you can support them along the way.</p></p>Review their research. What trends do you see? Is your mentee finding a diversity of schools that match their preferences? Are they ignoring schools that you think they should consider?<p><p>Share your thoughts with them in <a href="http://learn.imentor.org/help/article/link/welcome-to-conversations" target="_blank">Conversations</a>.</p></p>', NULL);
INSERT into canvas_widget_content (id, widget_id, content_type, ordinal, filename, url, html, plain_text) VALUES (3376, 2636, 11, 100, NULL, NULL, '<img src="/new_platform/static/canvas/images/remember.png" style="float:right;" />The purpose of this unit is to give students dedicated time to research colleges and complete their college list. This unit is a flexible unit, which means you can schedule as many lessons as you need to support your program goals.<p><p>In each class, students should:<ol><li>Research colleges through the websites listed</li><li>Update the College Match and Fit Checklist so they can compare and contrast their options</li><li>Update the College List Tool as relevant</li><li>Update mentors through Conversations</li></ol></p></p>', NULL);
INSERT into canvas_widget_content (id, widget_id, content_type, ordinal, filename, url, html, plain_text) VALUES (3377, 2637, 11, 100, NULL, NULL, 'The following Canvas cards are what your class will see during this lesson.', NULL);
INSERT into canvas_widget_content (id, widget_id, content_type, ordinal, filename, url, html, plain_text) VALUES (3378, 2638, 11, 100, NULL, NULL, 'Now it’s time to research colleges to develop a college list. You’ll be putting the research you do today in your <a href="https://docs.google.com/spreadsheets/d/1MjU-bWzE9YLSGqL1Q86KVfdXhPbR8o-EuBbgb-0T0Bc/edit?usp=sharing" target="_blank">College Match and Fit Checklist</a>.', NULL);
INSERT into canvas_widget_content (id, widget_id, content_type, ordinal, filename, url, html, plain_text) VALUES (3379, 2639, 11, 100, NULL, NULL, 'First, use the following websites to find colleges that align to your preferences.<ul><li><a href="https://bigfuture.collegeboard.org/college-search" target="_blank">BigFuture</a></li><li><a href="https://collegescorecard.ed.gov/" target="_blank">College Scorecard</a></li><li><a href="http://www.communitycollegereview.com/compare-schools" target="_blank">Community College Review</a></li><li><a href="https://www.naviance.com/" target="_blank">Naviance</a></li></ul>', NULL);
INSERT into canvas_widget_content (id, widget_id, content_type, ordinal, filename, url, html, plain_text) VALUES (3380, 2640, 11, 100, NULL, NULL, 'As you find colleges that you want to apply to, add them to the <a href="/cchklist/list/" target="_blank">College List Tool</a> so you and your mentor can work on the college application process together.', NULL);
INSERT into canvas_widget_content (id, widget_id, content_type, ordinal, filename, url, html, plain_text) VALUES (3381, 2641, 11, 100, NULL, NULL, 'Finally, update your mentor in Conversations on your progress.<ul><li>Tell your mentor about one college you researched. Is it a good fit for you? Why or why not?</li><li>Give your mentor a personal update about your week.</li></ul>', NULL);
INSERT into canvas_widget_content (id, widget_id, content_type, ordinal, filename, url, html, plain_text) VALUES (3382, 2642, 11, 100, NULL, NULL, 'Now it’s time to research colleges to develop a college list. You’ll be putting the research you do today in your <a href="https://docs.google.com/spreadsheets/d/1MjU-bWzE9YLSGqL1Q86KVfdXhPbR8o-EuBbgb-0T0Bc/edit?usp=sharing" target="_blank">College Match and Fit Checklist</a>.', NULL);
INSERT into canvas_widget_content (id, widget_id, content_type, ordinal, filename, url, html, plain_text) VALUES (3383, 2643, 11, 100, NULL, NULL, 'First, use the following websites to find colleges that align to your preferences.<ul><li><a href="https://bigfuture.collegeboard.org/college-search" target="_blank">BigFuture</a></li><li><a href="https://collegescorecard.ed.gov/" target="_blank">College Scorecard</a></li><li><a href="http://www.communitycollegereview.com/compare-schools" target="_blank">Community College Review</a></li><li><a href="https://www.naviance.com/" target="_blank">Naviance</a></li></ul>', NULL);
INSERT into canvas_widget_content (id, widget_id, content_type, ordinal, filename, url, html, plain_text) VALUES (3384, 2644, 11, 100, NULL, NULL, 'As you find colleges that you want to apply to, add them to the <a href="/cchklist/list/" target="_blank">College List Tool</a> so you and your mentor can work on the college application process together.', NULL);
INSERT into canvas_widget_content (id, widget_id, content_type, ordinal, filename, url, html, plain_text) VALUES (3385, 2645, 11, 100, NULL, NULL, 'Finally, update your mentor in Conversations on your progress.<ul><li>Tell your mentor about one college you researched. Is it a good fit for you? Why or why not?</li><li>Give your mentor a personal update about your week.</li></ul>', NULL);
INSERT into canvas_widget_content (id, widget_id, content_type, ordinal, filename, url, html, plain_text) VALUES (3386, 2646, 11, 100, NULL, NULL, 'This unit is all about researching schools to generate a college list customized to your mentee’s preferences.<p><p>For info about why this unit is so important, click <a href="http://learn.imentor.org/help/article/link/the-importance-of-a-college-list" target="_blank">here</a>.</p></p>', NULL);
INSERT into canvas_widget_content (id, widget_id, content_type, ordinal, filename, url, html, plain_text) VALUES (3387, 2647, 11, 100, NULL, NULL, 'Today, your mentee used the following websites to research colleges:<ul><li><a href="https://bigfuture.collegeboard.org/college-search" target="_blank">BigFuture</a></li><li><a href="https://collegescorecard.ed.gov/" target="_blank">College Scorecard</a></li><li><a href="http://www.communitycollegereview.com/compare-schools" target="_blank">Community College Review</a></li><li><a href="https://www.naviance.com/" target="_blank">Naviance</a></li></ul>', NULL);
INSERT into canvas_widget_content (id, widget_id, content_type, ordinal, filename, url, html, plain_text) VALUES (3388, 2648, 11, 100, NULL, NULL, 'They documented their research in the <a href="https://docs.google.com/spreadsheets/d/1MjU-bWzE9YLSGqL1Q86KVfdXhPbR8o-EuBbgb-0T0Bc/edit?usp=sharing" target="_blank">College Match and Fit Checklist</a>.<p><p>Click <a href="http://learn.imentor.org/help/article/link/reviewing-your-mentees-college-list" target="_blank">here</a> for guidance around what makes a balanced college list and strategies for how you can support them along the way.</p></p>Review their research. What trends do you see? Is your mentee finding a diversity of schools that match their preferences? Are they ignoring schools that you think they should consider?<p><p>Share your thoughts with them in <a href="http://learn.imentor.org/help/article/link/welcome-to-conversations" target="_blank">Conversations</a>.</p></p>', NULL);
INSERT into canvas_widget_content (id, widget_id, content_type, ordinal, filename, url, html, plain_text) VALUES (3389, 2649, 11, 100, NULL, NULL, '<img src="/new_platform/static/canvas/images/remember.png" style="float:right;" />The purpose of this unit is to give students dedicated time to research colleges and complete their college list. This unit is a flexible unit, which means you can schedule as many lessons as you need to support your program goals.<p><p>In each class, students should:<ol><li>Research colleges through the websites listed</li><li>Update the College Match and Fit Checklist so they can compare and contrast their options</li><li>Update the College List Tool as relevant</li><li>Update mentors through Conversations</li></ol></p></p>', NULL);
INSERT into canvas_widget_content (id, widget_id, content_type, ordinal, filename, url, html, plain_text) VALUES (3390, 2650, 11, 100, NULL, NULL, 'The following Canvas cards are what your class will see during this lesson.', NULL);
INSERT into canvas_widget_content (id, widget_id, content_type, ordinal, filename, url, html, plain_text) VALUES (3391, 2651, 11, 100, NULL, NULL, 'Now it’s time to research colleges to develop a college list. You’ll be putting the research you do today in your <a href="https://docs.google.com/spreadsheets/d/1MjU-bWzE9YLSGqL1Q86KVfdXhPbR8o-EuBbgb-0T0Bc/edit?usp=sharing" target="_blank">College Match and Fit Checklist</a>.', NULL);
INSERT into canvas_widget_content (id, widget_id, content_type, ordinal, filename, url, html, plain_text) VALUES (3392, 2652, 11, 100, NULL, NULL, 'First, use the following websites to find colleges that align to your preferences.<ul><li><a href="https://bigfuture.collegeboard.org/college-search" target="_blank">BigFuture</a></li><li><a href="https://collegescorecard.ed.gov/" target="_blank">College Scorecard</a></li><li><a href="http://www.communitycollegereview.com/compare-schools" target="_blank">Community College Review</a></li><li><a href="https://www.naviance.com/" target="_blank">Naviance</a></li></ul>', NULL);
INSERT into canvas_widget_content (id, widget_id, content_type, ordinal, filename, url, html, plain_text) VALUES (3393, 2653, 11, 100, NULL, NULL, 'As you find colleges that you want to apply to, add them to the <a href="/cchklist/list/" target="_blank">College List Tool</a> so you and your mentor can work on the college application process together.', NULL);
INSERT into canvas_widget_content (id, widget_id, content_type, ordinal, filename, url, html, plain_text) VALUES (3394, 2654, 11, 100, NULL, NULL, 'Finally, update your mentor in Conversations on your progress.<ul><li>Tell your mentor about one college you researched. Is it a good fit for you? Why or why not?</li><li>Give your mentor a personal update about your week.</li></ul>', NULL);
INSERT into canvas_widget_content (id, widget_id, content_type, ordinal, filename, url, html, plain_text) VALUES (3395, 2655, 11, 100, NULL, NULL, 'Now it’s time to research colleges to develop a college list. You’ll be putting the research you do today in your <a href="https://docs.google.com/spreadsheets/d/1MjU-bWzE9YLSGqL1Q86KVfdXhPbR8o-EuBbgb-0T0Bc/edit?usp=sharing" target="_blank">College Match and Fit Checklist</a>.', NULL);
INSERT into canvas_widget_content (id, widget_id, content_type, ordinal, filename, url, html, plain_text) VALUES (3396, 2656, 11, 100, NULL, NULL, 'First, use the following websites to find colleges that align to your preferences.<ul><li><a href="https://bigfuture.collegeboard.org/college-search" target="_blank">BigFuture</a></li><li><a href="https://collegescorecard.ed.gov/" target="_blank">College Scorecard</a></li><li><a href="http://www.communitycollegereview.com/compare-schools" target="_blank">Community College Review</a></li><li><a href="https://www.naviance.com/" target="_blank">Naviance</a></li></ul>', NULL);
INSERT into canvas_widget_content (id, widget_id, content_type, ordinal, filename, url, html, plain_text) VALUES (3397, 2657, 11, 100, NULL, NULL, 'As you find colleges that you want to apply to, add them to the <a href="/cchklist/list/" target="_blank">College List Tool</a> so you and your mentor can work on the college application process together.', NULL);
INSERT into canvas_widget_content (id, widget_id, content_type, ordinal, filename, url, html, plain_text) VALUES (3398, 2658, 11, 100, NULL, NULL, 'Finally, update your mentor in Conversations on your progress.<ul><li>Tell your mentor about one college you researched. Is it a good fit for you? Why or why not?</li><li>Give your mentor a personal update about your week.</li></ul>', NULL);
INSERT into canvas_widget_content (id, widget_id, content_type, ordinal, filename, url, html, plain_text) VALUES (3399, 2659, 11, 100, NULL, NULL, 'This unit is all about researching schools to generate a college list customized to your mentee’s preferences.<p><p>For info about why this unit is so important, click <a href="http://learn.imentor.org/help/article/link/the-importance-of-a-college-list" target="_blank">here</a>.</p></p>', NULL);
INSERT into canvas_widget_content (id, widget_id, content_type, ordinal, filename, url, html, plain_text) VALUES (3400, 2660, 11, 100, NULL, NULL, 'Today, your mentee used the following websites to research colleges:<ul><li><a href="https://bigfuture.collegeboard.org/college-search" target="_blank">BigFuture</a></li><li><a href="https://collegescorecard.ed.gov/" target="_blank">College Scorecard</a></li><li><a href="http://www.communitycollegereview.com/compare-schools" target="_blank">Community College Review</a></li><li><a href="https://www.naviance.com/" target="_blank">Naviance</a></li></ul>', NULL);
INSERT into canvas_widget_content (id, widget_id, content_type, ordinal, filename, url, html, plain_text) VALUES (3401, 2661, 11, 100, NULL, NULL, 'They documented their research in the <a href="https://docs.google.com/spreadsheets/d/1MjU-bWzE9YLSGqL1Q86KVfdXhPbR8o-EuBbgb-0T0Bc/edit?usp=sharing" target="_blank">College Match and Fit Checklist</a>.<p><p>Click <a href="http://learn.imentor.org/help/article/link/reviewing-your-mentees-college-list" target="_blank">here</a> for guidance around what makes a balanced college list and strategies for how you can support them along the way.</p></p>Review their research. What trends do you see? Is your mentee finding a diversity of schools that match their preferences? Are they ignoring schools that you think they should consider?<p><p>Share your thoughts with them in <a href="http://learn.imentor.org/help/article/link/welcome-to-conversations" target="_blank">Conversations</a>.</p></p>', NULL);