INSERT into canvas_grade_info (id, grade_number, description) VALUES (1, 9, '9th Grade, High School');
INSERT into canvas_grade_info (id, grade_number, description) VALUES (2, 10, '10th Grade, High School');
INSERT into canvas_grade_info (id, grade_number, description) VALUES (3, 11, '11th Grade, High School');
INSERT into canvas_grade_info (id, grade_number, description) VALUES (4, 12, '12th Grade, High School');

INSERT into canvas_unit_info (id, unit_number, description) VALUES (1, 1, 'Building Relationships - New');
INSERT into canvas_unit_info (id, unit_number, description) VALUES (2, 1, 'Building Relationships');
INSERT into canvas_unit_info (id, unit_number, description) VALUES (3, 1, 'Building Relationships - Returning');

INSERT into canvas_curriculum (id, canvas_type, start_datetime, end_datetime, grade_id, unit_id, member_id, description) VALUES (1, 1, '6/1/15 00:00:00', '6/1/15 23:59:59', NULL, NULL, NULL, 'Introduction to iMentor');
INSERT into canvas_curriculum (id, canvas_type, start_datetime, end_datetime, grade_id, unit_id, member_id, description) VALUES (2, 1, '6/2/15 00:00:00', '6/2/15 23:59:59', NULL, NULL, NULL, 'Sample 1, First in the Family');
INSERT into canvas_curriculum (id, canvas_type, start_datetime, end_datetime, grade_id, unit_id, member_id, description) VALUES (3, 1, '6/3/15 00:00:00', '6/3/15 23:59:59', NULL, NULL, NULL, 'Test for Google Drive');
INSERT into canvas_curriculum (id, canvas_type, start_datetime, end_datetime, grade_id, unit_id, member_id, description) VALUES (4, 1, '8/15/15 00:00:00', '9/30/15 23:59:59', NULL, NULL, NULL, 'About Me');
INSERT into canvas_curriculum (id, canvas_type, start_datetime, end_datetime, grade_id, unit_id, member_id, description) VALUES (5, 1, '6/4/15 00:00:00', '6/4/15 23:59:59', NULL, NULL, NULL, 'Onsite School Test');
INSERT into canvas_curriculum (id, canvas_type, start_datetime, end_datetime, grade_id, unit_id, member_id, description) VALUES (6, 1, '6/5/15 00:00:00', '6/5/15 23:59:59', 1, 2, NULL, 'Introduction to iMentor');
INSERT into canvas_curriculum (id, canvas_type, start_datetime, end_datetime, grade_id, unit_id, member_id, description) VALUES (7, 1, '6/6/15 00:00:00', '6/6/15 23:59:59', 2, 2, NULL, 'Refresh and Reconnect');
INSERT into canvas_curriculum (id, canvas_type, start_datetime, end_datetime, grade_id, unit_id, member_id, description) VALUES (8, 1, '6/7/15 00:00:00', '6/7/15 23:59:59', 3, 3, NULL, 'Refresh and Reconnect');

INSERT into canvas_set (id, role, curriculum_id, start_datetime, end_datetime, description) VALUES (1, 1, 1, '6/1/15 00:00:00', '6/1/15 23:59:59', 'Introduction to iMentor');
INSERT into canvas_set (id, role, curriculum_id, start_datetime, end_datetime, description) VALUES (2, 5, 1, '6/1/15 00:00:00', '6/1/15 23:59:59', 'Introduction to iMentor');
INSERT into canvas_set (id, role, curriculum_id, start_datetime, end_datetime, description) VALUES (3, 4, 1, '6/1/15 00:00:00', '6/1/15 23:59:59', 'Introduction to iMentor');
INSERT into canvas_set (id, role, curriculum_id, start_datetime, end_datetime, description) VALUES (4, 5, 2, '6/2/15 00:00:00', '6/2/15 23:59:59', 'Sample 1, First in the Family');
INSERT into canvas_set (id, role, curriculum_id, start_datetime, end_datetime, description) VALUES (5, 5, 3, '6/3/15 00:00:00', '6/3/15 23:59:59', 'Mentee Test for Google Drive');
INSERT into canvas_set (id, role, curriculum_id, start_datetime, end_datetime, description) VALUES (6, 4, 3, '6/3/15 00:00:00', '6/3/15 23:59:59', 'Mentor Test for Google Drive');
INSERT into canvas_set (id, role, curriculum_id, start_datetime, end_datetime, description) VALUES (7, 1, 4, '6/8/15 00:00:00', '6/8/15 23:59:59', 'About Me');
INSERT into canvas_set (id, role, curriculum_id, start_datetime, end_datetime, description) VALUES (8, 5, 4, '8/15/15 00:00:00', '9/30/15 23:59:59', 'About Me');
INSERT into canvas_set (id, role, curriculum_id, start_datetime, end_datetime, description) VALUES (9, 4, 4, '8/15/15 00:00:00', '9/30/15 23:59:59', 'About Me');
INSERT into canvas_set (id, role, curriculum_id, start_datetime, end_datetime, description) VALUES (10, 1, 5, '6/4/15 00:00:00', '6/4/15 23:59:59', 'Onsite School Test');
INSERT into canvas_set (id, role, curriculum_id, start_datetime, end_datetime, description) VALUES (11, 1, 4, '8/15/15 00:00:00', '9/30/15 23:59:59', 'About Me');
INSERT into canvas_set (id, role, curriculum_id, start_datetime, end_datetime, description) VALUES (12, 1, 6, '6/5/15 00:00:00', '6/5/15 23:59:59', 'Introduction to iMentor');
INSERT into canvas_set (id, role, curriculum_id, start_datetime, end_datetime, description) VALUES (13, 1, 7, '6/6/15 00:00:00', '6/6/15 23:59:59', 'Refresh and Reconnect');
INSERT into canvas_set (id, role, curriculum_id, start_datetime, end_datetime, description) VALUES (14, 5, 7, '6/6/15 00:00:00', '6/6/15 23:59:59', 'Refresh and Reconnect');
INSERT into canvas_set (id, role, curriculum_id, start_datetime, end_datetime, description) VALUES (15, 4, 7, '6/6/15 00:00:00', '6/6/15 23:59:59', 'Refresh and Reconnect');
INSERT into canvas_set (id, role, curriculum_id, start_datetime, end_datetime, description) VALUES (16, 1, 8, '6/7/15 00:00:00', '6/7/15 23:59:59', 'Refresh and Reconnect');
INSERT into canvas_set (id, role, curriculum_id, start_datetime, end_datetime, description) VALUES (17, 5, 8, '6/7/15 00:00:00', '6/7/15 23:59:59', 'Refresh and Reconnect');
INSERT into canvas_set (id, role, curriculum_id, start_datetime, end_datetime, description) VALUES (18, 4, 8, '6/7/15 00:00:00', '6/7/15 23:59:59', 'Refresh and Reconnect');

INSERT into canvas_app (id, canvas_set_id, app_type,  n_of_total, total, ordinal, description) VALUES (1, 1, 2, 1, 6, 100, 'Lesson Overview');
INSERT into canvas_app (id, canvas_set_id, app_type,  n_of_total, total, ordinal, description) VALUES (2, 1, 2, 2, 6, 200, 'Entry Point');
INSERT into canvas_app (id, canvas_set_id, app_type,  n_of_total, total, ordinal, description) VALUES (3, 1, 2, 3, 6, 300, 'Keystone 1 Overview');
INSERT into canvas_app (id, canvas_set_id, app_type,  n_of_total, total, ordinal, description) VALUES (4, 1, 2, 4, 6, 400, 'Introduction to iMentor');
INSERT into canvas_app (id, canvas_set_id, app_type,  n_of_total, total, ordinal, description) VALUES (5, 1, 2, 5, 6, 500, 'Keystone 2 Overview');
INSERT into canvas_app (id, canvas_set_id, app_type,  n_of_total, total, ordinal, description) VALUES (6, 1, 2, 6, 6, 600, 'Create an iMentor poster');
INSERT into canvas_app (id, canvas_set_id, app_type,  n_of_total, total, ordinal, description) VALUES (7, 2, 2, 1, 2, 100, 'Watch the video');
INSERT into canvas_app (id, canvas_set_id, app_type,  n_of_total, total, ordinal, description) VALUES (8, 2, 2, 2, 2, 200, 'Create an iMentor poster and write about it');
INSERT into canvas_app (id, canvas_set_id, app_type,  n_of_total, total, ordinal, description) VALUES (9, 3, 2, 1, 3, 100, 'Here’s what your mentee did in class…');
INSERT into canvas_app (id, canvas_set_id, app_type,  n_of_total, total, ordinal, description) VALUES (10, 3, 2, 2, 3, 200, 'Watch a video and create a poster');
INSERT into canvas_app (id, canvas_set_id, app_type,  n_of_total, total, ordinal, description) VALUES (11, 3, 2, 3, 3, 300, 'Write your reflection');
INSERT into canvas_app (id, canvas_set_id, app_type,  n_of_total, total, ordinal, description) VALUES (12, 4, 2, 1, 3, 100, 'Do Now');
INSERT into canvas_app (id, canvas_set_id, app_type,  n_of_total, total, ordinal, description) VALUES (13, 4, 2, 2, 3, 200, 'New Content');
INSERT into canvas_app (id, canvas_set_id, app_type,  n_of_total, total, ordinal, description) VALUES (14, 4, 2, 3, 3, 300, 'Sharing With Your Mentor');
INSERT into canvas_app (id, canvas_set_id, app_type,  n_of_total, total, ordinal, description) VALUES (15, 5, 2, 1, 1, 100, 'Create an iMentor poster for your mentor');
INSERT into canvas_app (id, canvas_set_id, app_type,  n_of_total, total, ordinal, description) VALUES (16, 6, 2, 1, 1, 100, 'Collaborate on your mentee''s iMentor poster');
INSERT into canvas_app (id, canvas_set_id, app_type,  n_of_total, total, ordinal, description) VALUES (17, 7, 2, 1, 6, 100, 'Lesson Overview');
INSERT into canvas_app (id, canvas_set_id, app_type,  n_of_total, total, ordinal, description) VALUES (18, 7, 2, 2, 6, 200, 'Entry Point');
INSERT into canvas_app (id, canvas_set_id, app_type,  n_of_total, total, ordinal, description) VALUES (19, 7, 2, 3, 6, 300, 'Keystone 1 Overview');
INSERT into canvas_app (id, canvas_set_id, app_type,  n_of_total, total, ordinal, description) VALUES (20, 7, 2, 4, 6, 400, 'The rose that grew from concrete');
INSERT into canvas_app (id, canvas_set_id, app_type,  n_of_total, total, ordinal, description) VALUES (21, 7, 2, 5, 6, 500, 'Keystone 2 Overview');
INSERT into canvas_app (id, canvas_set_id, app_type,  n_of_total, total, ordinal, description) VALUES (22, 7, 2, 6, 6, 600, 'Create an “I am” poster');
INSERT into canvas_app (id, canvas_set_id, app_type,  n_of_total, total, ordinal, description) VALUES (23, 8, 2, 1, 3, 100, 'Read the poem');
INSERT into canvas_app (id, canvas_set_id, app_type,  n_of_total, total, ordinal, description) VALUES (24, 8, 2, 2, 3, 200, 'I Am From Poem');
INSERT into canvas_app (id, canvas_set_id, app_type,  n_of_total, total, ordinal, description) VALUES (25, 8, 2, 3, 3, 300, 'I Am Poster');
INSERT into canvas_app (id, canvas_set_id, app_type,  n_of_total, total, ordinal, description) VALUES (26, 9, 2, 1, 2, 100, 'Here’s what your mentee did in class…');
INSERT into canvas_app (id, canvas_set_id, app_type,  n_of_total, total, ordinal, description) VALUES (27, 9, 2, 2, 2, 200, 'Now it’s your turn…');
INSERT into canvas_app (id, canvas_set_id, app_type,  n_of_total, total, ordinal, description) VALUES (28, 10, 2, 1, 6, 100, 'Let''s test YouTube');
INSERT into canvas_app (id, canvas_set_id, app_type,  n_of_total, total, ordinal, description) VALUES (29, 10, 2, 2, 6, 200, 'Let''s test Google Drive');
INSERT into canvas_app (id, canvas_set_id, app_type,  n_of_total, total, ordinal, description) VALUES (30, 10, 2, 3, 6, 300, 'Let''s test Vimeo');
INSERT into canvas_app (id, canvas_set_id, app_type,  n_of_total, total, ordinal, description) VALUES (31, 10, 2, 4, 6, 400, 'Let''s test writing');
INSERT into canvas_app (id, canvas_set_id, app_type,  n_of_total, total, ordinal, description) VALUES (32, 10, 2, 5, 6, 500, 'Let''s test a picture');
INSERT into canvas_app (id, canvas_set_id, app_type,  n_of_total, total, ordinal, description) VALUES (33, 10, 2, 6, 6, 600, 'Let''s test SoundCloud');
INSERT into canvas_app (id, canvas_set_id, app_type,  n_of_total, total, ordinal, description) VALUES (34, 11, 2, 1, 2, 100, 'Lesson Overview');
INSERT into canvas_app (id, canvas_set_id, app_type,  n_of_total, total, ordinal, description) VALUES (35, 11, 2, 2, 2, 200, 'Mentee Canvas Preview');
INSERT into canvas_app (id, canvas_set_id, app_type,  n_of_total, total, ordinal, description) VALUES (36, 11, 2, 1, 3, 300, 'Read the poem');
INSERT into canvas_app (id, canvas_set_id, app_type,  n_of_total, total, ordinal, description) VALUES (37, 11, 2, 2, 3, 400, 'I Am From Poem');
INSERT into canvas_app (id, canvas_set_id, app_type,  n_of_total, total, ordinal, description) VALUES (38, 11, 2, 3, 3, 500, 'I Am Poster');
INSERT into canvas_app (id, canvas_set_id, app_type,  n_of_total, total, ordinal, description) VALUES (39, 12, 2, 1, 1, 100, 'Lesson Overview');
INSERT into canvas_app (id, canvas_set_id, app_type,  n_of_total, total, ordinal, description) VALUES (40, 13, 2, 1, 2, 100, 'Lesson Overview');
INSERT into canvas_app (id, canvas_set_id, app_type,  n_of_total, total, ordinal, description) VALUES (41, 13, 2, 2, 2, 200, 'Mentee Canvas Preview');
INSERT into canvas_app (id, canvas_set_id, app_type,  n_of_total, total, ordinal, description) VALUES (42, 14, 2, 1, 3, 100, 'Read the quote');
INSERT into canvas_app (id, canvas_set_id, app_type,  n_of_total, total, ordinal, description) VALUES (43, 14, 2, 2, 3, 200, 'Summer Experiences');
INSERT into canvas_app (id, canvas_set_id, app_type,  n_of_total, total, ordinal, description) VALUES (44, 14, 2, 3, 3, 300, 'Share with your mentor');
INSERT into canvas_app (id, canvas_set_id, app_type,  n_of_total, total, ordinal, description) VALUES (45, 13, 2, 1, 3, 300, 'Read the quote');
INSERT into canvas_app (id, canvas_set_id, app_type,  n_of_total, total, ordinal, description) VALUES (46, 13, 2, 2, 3, 400, 'Summer Experiences');
INSERT into canvas_app (id, canvas_set_id, app_type,  n_of_total, total, ordinal, description) VALUES (47, 13, 2, 3, 3, 500, 'Share with your mentor');
INSERT into canvas_app (id, canvas_set_id, app_type,  n_of_total, total, ordinal, description) VALUES (48, 15, 2, 1, 2, 100, 'Here’s what your mentee did in class…');
INSERT into canvas_app (id, canvas_set_id, app_type,  n_of_total, total, ordinal, description) VALUES (49, 15, 2, 2, 2, 200, 'Now it’s your turn…');
INSERT into canvas_app (id, canvas_set_id, app_type,  n_of_total, total, ordinal, description) VALUES (50, 16, 2, 1, 2, 100, 'Lesson Overview');
INSERT into canvas_app (id, canvas_set_id, app_type,  n_of_total, total, ordinal, description) VALUES (51, 16, 2, 2, 2, 200, 'Mentee Canvas Preview');
INSERT into canvas_app (id, canvas_set_id, app_type,  n_of_total, total, ordinal, description) VALUES (52, 16, 2, 1, 3, 300, 'Read the quote');
INSERT into canvas_app (id, canvas_set_id, app_type,  n_of_total, total, ordinal, description) VALUES (53, 16, 2, 2, 3, 400, 'Summer Experiences');
INSERT into canvas_app (id, canvas_set_id, app_type,  n_of_total, total, ordinal, description) VALUES (54, 16, 2, 3, 3, 500, 'Share with your mentor');
INSERT into canvas_app (id, canvas_set_id, app_type,  n_of_total, total, ordinal, description) VALUES (55, 17, 2, 1, 3, 300, 'Read the quote');
INSERT into canvas_app (id, canvas_set_id, app_type,  n_of_total, total, ordinal, description) VALUES (56, 17, 2, 2, 3, 400, 'Summer Experiences');
INSERT into canvas_app (id, canvas_set_id, app_type,  n_of_total, total, ordinal, description) VALUES (57, 17, 2, 3, 3, 500, 'Share with your mentor');
INSERT into canvas_app (id, canvas_set_id, app_type,  n_of_total, total, ordinal, description) VALUES (58, 18, 2, 1, 2, 100, 'Here’s what your mentee did in class…');
INSERT into canvas_app (id, canvas_set_id, app_type,  n_of_total, total, ordinal, description) VALUES (59, 18, 2, 2, 2, 200, 'Now it’s your turn…');

INSERT into canvas_widget (id, canvas_app_id, ordinal) VALUES (1, 1, 100);
INSERT into canvas_widget (id, canvas_app_id, ordinal) VALUES (2, 2, 100);
INSERT into canvas_widget (id, canvas_app_id, ordinal) VALUES (3, 3, 100);
INSERT into canvas_widget (id, canvas_app_id, ordinal) VALUES (4, 4, 100);
INSERT into canvas_widget (id, canvas_app_id, ordinal) VALUES (5, 4, 200);
INSERT into canvas_widget (id, canvas_app_id, ordinal) VALUES (6, 5, 100);
INSERT into canvas_widget (id, canvas_app_id, ordinal) VALUES (7, 6, 100);
INSERT into canvas_widget (id, canvas_app_id, ordinal) VALUES (8, 6, 200);
INSERT into canvas_widget (id, canvas_app_id, ordinal) VALUES (9, 6, 300);
INSERT into canvas_widget (id, canvas_app_id, ordinal) VALUES (10, 7, 100);
INSERT into canvas_widget (id, canvas_app_id, ordinal) VALUES (11, 8, 100);
INSERT into canvas_widget (id, canvas_app_id, ordinal) VALUES (12, 8, 200);
INSERT into canvas_widget (id, canvas_app_id, ordinal) VALUES (13, 9, 100);
INSERT into canvas_widget (id, canvas_app_id, ordinal) VALUES (14, 9, 200);
INSERT into canvas_widget (id, canvas_app_id, ordinal) VALUES (15, 10, 100);
INSERT into canvas_widget (id, canvas_app_id, ordinal) VALUES (16, 10, 200);
INSERT into canvas_widget (id, canvas_app_id, ordinal) VALUES (17, 10, 300);
INSERT into canvas_widget (id, canvas_app_id, ordinal) VALUES (18, 10, 400);
INSERT into canvas_widget (id, canvas_app_id, ordinal) VALUES (19, 11, 100);
INSERT into canvas_widget (id, canvas_app_id, ordinal) VALUES (20, 8, 300);
INSERT into canvas_widget (id, canvas_app_id, ordinal) VALUES (21, 12, 100);
INSERT into canvas_widget (id, canvas_app_id, ordinal) VALUES (22, 13, 100);
INSERT into canvas_widget (id, canvas_app_id, ordinal) VALUES (23, 13, 200);
INSERT into canvas_widget (id, canvas_app_id, ordinal) VALUES (24, 13, 300);
INSERT into canvas_widget (id, canvas_app_id, ordinal) VALUES (25, 14, 100);
INSERT into canvas_widget (id, canvas_app_id, ordinal) VALUES (26, 15, 100);
INSERT into canvas_widget (id, canvas_app_id, ordinal) VALUES (27, 16, 100);
INSERT into canvas_widget (id, canvas_app_id, ordinal) VALUES (28, 17, 100);
INSERT into canvas_widget (id, canvas_app_id, ordinal) VALUES (29, 18, 100);
INSERT into canvas_widget (id, canvas_app_id, ordinal) VALUES (30, 19, 100);
INSERT into canvas_widget (id, canvas_app_id, ordinal) VALUES (31, 20, 100);
INSERT into canvas_widget (id, canvas_app_id, ordinal) VALUES (32, 20, 200);
INSERT into canvas_widget (id, canvas_app_id, ordinal) VALUES (33, 20, 300);
INSERT into canvas_widget (id, canvas_app_id, ordinal) VALUES (34, 20, 400);
INSERT into canvas_widget (id, canvas_app_id, ordinal) VALUES (35, 20, 500);
INSERT into canvas_widget (id, canvas_app_id, ordinal) VALUES (36, 21, 100);
INSERT into canvas_widget (id, canvas_app_id, ordinal) VALUES (37, 22, 100);
INSERT into canvas_widget (id, canvas_app_id, ordinal) VALUES (38, 22, 200);
INSERT into canvas_widget (id, canvas_app_id, ordinal) VALUES (39, 22, 300);
INSERT into canvas_widget (id, canvas_app_id, ordinal) VALUES (40, 22, 400);
INSERT into canvas_widget (id, canvas_app_id, ordinal) VALUES (41, 23, 100);
INSERT into canvas_widget (id, canvas_app_id, ordinal) VALUES (42, 24, 100);
INSERT into canvas_widget (id, canvas_app_id, ordinal) VALUES (43, 25, 100);
INSERT into canvas_widget (id, canvas_app_id, ordinal) VALUES (44, 25, 200);
INSERT into canvas_widget (id, canvas_app_id, ordinal) VALUES (45, 25, 300);
INSERT into canvas_widget (id, canvas_app_id, ordinal) VALUES (46, 26, 100);
INSERT into canvas_widget (id, canvas_app_id, ordinal) VALUES (47, 26, 200);
INSERT into canvas_widget (id, canvas_app_id, ordinal) VALUES (48, 26, 300);
INSERT into canvas_widget (id, canvas_app_id, ordinal) VALUES (49, 26, 400);
INSERT into canvas_widget (id, canvas_app_id, ordinal) VALUES (50, 27, 100);
INSERT into canvas_widget (id, canvas_app_id, ordinal) VALUES (51, 26, 50);
INSERT into canvas_widget (id, canvas_app_id, ordinal) VALUES (52, 28, 100);
INSERT into canvas_widget (id, canvas_app_id, ordinal) VALUES (53, 29, 100);
INSERT into canvas_widget (id, canvas_app_id, ordinal) VALUES (54, 30, 100);
INSERT into canvas_widget (id, canvas_app_id, ordinal) VALUES (55, 31, 100);
INSERT into canvas_widget (id, canvas_app_id, ordinal) VALUES (56, 32, 100);
INSERT into canvas_widget (id, canvas_app_id, ordinal) VALUES (57, 33, 100);
INSERT into canvas_widget (id, canvas_app_id, ordinal) VALUES (58, 34, 100);
INSERT into canvas_widget (id, canvas_app_id, ordinal) VALUES (59, 34, 200);
INSERT into canvas_widget (id, canvas_app_id, ordinal) VALUES (60, 35, 100);
INSERT into canvas_widget (id, canvas_app_id, ordinal) VALUES (61, 36, 100);
INSERT into canvas_widget (id, canvas_app_id, ordinal) VALUES (62, 37, 100);
INSERT into canvas_widget (id, canvas_app_id, ordinal) VALUES (63, 38, 100);
INSERT into canvas_widget (id, canvas_app_id, ordinal) VALUES (64, 38, 200);
INSERT into canvas_widget (id, canvas_app_id, ordinal) VALUES (65, 38, 300);
INSERT into canvas_widget (id, canvas_app_id, ordinal) VALUES (66, 39, 100);
INSERT into canvas_widget (id, canvas_app_id, ordinal) VALUES (67, 39, 200);
INSERT into canvas_widget (id, canvas_app_id, ordinal) VALUES (68, 39, 300);
INSERT into canvas_widget (id, canvas_app_id, ordinal) VALUES (69, 40, 100);
INSERT into canvas_widget (id, canvas_app_id, ordinal) VALUES (70, 40, 200);
INSERT into canvas_widget (id, canvas_app_id, ordinal) VALUES (71, 40, 300);
INSERT into canvas_widget (id, canvas_app_id, ordinal) VALUES (72, 41, 100);
INSERT into canvas_widget (id, canvas_app_id, ordinal) VALUES (73, 42, 100);
INSERT into canvas_widget (id, canvas_app_id, ordinal) VALUES (74, 43, 100);
INSERT into canvas_widget (id, canvas_app_id, ordinal) VALUES (75, 44, 100);
INSERT into canvas_widget (id, canvas_app_id, ordinal) VALUES (76, 45, 100);
INSERT into canvas_widget (id, canvas_app_id, ordinal) VALUES (77, 46, 100);
INSERT into canvas_widget (id, canvas_app_id, ordinal) VALUES (78, 47, 100);
INSERT into canvas_widget (id, canvas_app_id, ordinal) VALUES (79, 48, 100);
INSERT into canvas_widget (id, canvas_app_id, ordinal) VALUES (80, 48, 200);
INSERT into canvas_widget (id, canvas_app_id, ordinal) VALUES (81, 48, 300);
INSERT into canvas_widget (id, canvas_app_id, ordinal) VALUES (82, 49, 100);
INSERT into canvas_widget (id, canvas_app_id, ordinal) VALUES (83, 50, 100);
INSERT into canvas_widget (id, canvas_app_id, ordinal) VALUES (84, 50, 200);
INSERT into canvas_widget (id, canvas_app_id, ordinal) VALUES (85, 51, 100);
INSERT into canvas_widget (id, canvas_app_id, ordinal) VALUES (86, 52, 100);
INSERT into canvas_widget (id, canvas_app_id, ordinal) VALUES (87, 53, 100);
INSERT into canvas_widget (id, canvas_app_id, ordinal) VALUES (88, 54, 100);
INSERT into canvas_widget (id, canvas_app_id, ordinal) VALUES (89, 55, 100);
INSERT into canvas_widget (id, canvas_app_id, ordinal) VALUES (90, 56, 100);
INSERT into canvas_widget (id, canvas_app_id, ordinal) VALUES (91, 57, 100);
INSERT into canvas_widget (id, canvas_app_id, ordinal) VALUES (92, 58, 100);
INSERT into canvas_widget (id, canvas_app_id, ordinal) VALUES (93, 58, 200);
INSERT into canvas_widget (id, canvas_app_id, ordinal) VALUES (94, 58, 300);
INSERT into canvas_widget (id, canvas_app_id, ordinal) VALUES (95, 59, 100);

INSERT into canvas_widget_content (id, widget_id, content_type, ordinal, filename, url, html, plain_text) VALUES (1, 1, 11, 100, NULL, NULL, '<img src="/new_platform/static/canvas/images/read_old.png" style="float:right;" />This lesson introduces new mentees to the iMentor program. It exposes them to program goals, expectations, and common vocabulary they will experience throughout the program: PC, Mentor, Mentee, Relationship, Goals.<p><p>At the end of this lesson, mentees will be able to:<ul><li>Explain a summary of the iMentor program</li><li>Set specific goals for this year</li><li>Describe the role of the PC</li><li>Describe the role of the Mentor</li><li>Describe the role of the Mentee</li><li>Illustrate the different relationships that exist between the PC, the Mentee, and the Mentor</li></ul></p></p>For the complete lesson, click <a href="https://learn.imentor.org/help/article/link/1111---building-relationships---welcome-to-imentor" target="_blank">here</a>.', NULL);
INSERT into canvas_widget_content (id, widget_id, content_type, ordinal, filename, url, html, plain_text) VALUES (2, 2, 11, 100, NULL, NULL, '<img src="/new_platform/static/canvas/images/check_old.png" style="float:right;" />Write the following questions on the board or present the slide on a projector.', NULL);
INSERT into canvas_widget_content (id, widget_id, content_type, ordinal, filename, url, html, plain_text) VALUES (3, 2, 6, 200, NULL, 'https://docs.google.com/presentation/d/11aLUnILdyf2kyoXirw-7-O__V2pTMosfKogn2ONlOPI/embed?start=false&loop=false&delayms=60000', NULL, NULL);
INSERT into canvas_widget_content (id, widget_id, content_type, ordinal, filename, url, html, plain_text) VALUES (4, 3, 11, 100, NULL, NULL, '<img src="/new_platform/static/canvas/images/read_old.png" style="float:right;" />Activity Purpose: This activity exposes mentees to the iMentor program for the first time using a video. Mentees will watch the video, create a summary of the iMentor program, and process the video with their peers.<p><p>Activity will help mentee:<ul><li>Process new information</li><li>Articulate information in own words</li></ul></p></p>For full details, click <a href="https://learn.imentor.org/help/article/link/1111---building-relationships---welcome-to-imentor#keystone1" target="_blank">here</a>.', NULL);
INSERT into canvas_widget_content (id, widget_id, content_type, ordinal, filename, url, html, plain_text) VALUES (5, 4, 11, 100, NULL, NULL, '<img src="/new_platform/static/canvas/images/check_old.png" style="float:right;" />Discuss “What is iMentor? What do you think you will be doing over the next few years?”', NULL);
INSERT into canvas_widget_content (id, widget_id, content_type, ordinal, filename, url, html, plain_text) VALUES (6, 5, 11, 100, NULL, NULL, '<img src="/new_platform/static/canvas/images/check_old.png" style="float:right;" />Play the following video for the class:', NULL);
INSERT into canvas_widget_content (id, widget_id, content_type, ordinal, filename, url, html, plain_text) VALUES (7, 5, 3, 200, NULL, 'https://vimeo.com/124930020', NULL, NULL);
INSERT into canvas_widget_content (id, widget_id, content_type, ordinal, filename, url, html, plain_text) VALUES (8, 6, 11, 100, NULL, NULL, '<img src="/new_platform/static/canvas/images/read_old.png" style="float:right;" />Activity Purpose: This activity extends the lesson by allowing mentees to internalize the information they saw in the video and articulate it in their own words.<p><p>Activity will help mentee:<ul><li>Articulate information in own words</li><li>Apply information to self</li><li>Check content knowledge</li></ul></p></p>For full details, click <a href="https://learn.imentor.org/help/article/link/1111---building-relationships---welcome-to-imentor#keystone2" target="_blank">here</a>.', NULL);
INSERT into canvas_widget_content (id, widget_id, content_type, ordinal, filename, url, html, plain_text) VALUES (9, 7, 11, 100, NULL, NULL, '<img src="/new_platform/static/canvas/images/check_old.png" style="float:right;" />Explain to students that they will now use everything they learned to create a poster that teaches a friend about the iMentor program.', NULL);
INSERT into canvas_widget_content (id, widget_id, content_type, ordinal, filename, url, html, plain_text) VALUES (10, 8, 11, 100, NULL, NULL, '<img src="/new_platform/static/canvas/images/check_old.png" style="float:right;" />Start by showing them this sample poster:', NULL);
INSERT into canvas_widget_content (id, widget_id, content_type, ordinal, filename, url, html, plain_text) VALUES (11, 8, 9, 200, NULL, '/new_platform/static/canvas/images/poster.jpg', NULL, NULL);
INSERT into canvas_widget_content (id, widget_id, content_type, ordinal, filename, url, html, plain_text) VALUES (12, 9, 11, 100, NULL, NULL, '<ul><li>Have students create their own poster. Remind them the poster should describe what the program does and who is involved.</li><li>And be creative - use images, colors, shapes, and text.</li></ul>', NULL);
INSERT into canvas_widget_content (id, widget_id, content_type, ordinal, filename, url, html, plain_text) VALUES (13, 10, 11, 100, NULL, NULL, 'Watch the video to learn more about the iMentor program:', NULL);
INSERT into canvas_widget_content (id, widget_id, content_type, ordinal, filename, url, html, plain_text) VALUES (14, 10, 3, 200, NULL, 'https://vimeo.com/124930020', NULL, NULL);
INSERT into canvas_widget_content (id, widget_id, content_type, ordinal, filename, url, html, plain_text) VALUES (15, 11, 11, 100, NULL, NULL, 'Remember:<ul><li>Now you’ll create a poster that teaches a friend of yours about the iMentor program.</li><li>The poster should describe what the program does and who is involved.</li><li>Be creative - use images, colors, shapes, and text.</li></ul><p><p>You can see a sample poster below:</p></p>', NULL);
INSERT into canvas_widget_content (id, widget_id, content_type, ordinal, filename, url, html, plain_text) VALUES (16, 11, 9, 200, NULL, '/new_platform/static/canvas/images/poster.jpg', NULL, NULL);
INSERT into canvas_widget_content (id, widget_id, content_type, ordinal, filename, url, html, plain_text) VALUES (17, 12, 11, 100, NULL, NULL, 'Now it’s your turn! Start your poster by clicking <a href="https://docs.google.com/a/imentor.org/drawings/d/1WSbjBr1-iuRphw2w4-XPyjtRTEuEkSEwZHTYwMvwkVQ/edit?usp=sharing" target="_blank">here</a>.', NULL);
INSERT into canvas_widget_content (id, widget_id, content_type, ordinal, filename, url, html, plain_text) VALUES (18, 13, 11, 100, NULL, NULL, 'The class discussed “What is iMentor?” and “What do you think you will be doing over the next few years?”<p><p>They then watched a video to learn more about the iMentor program (you’ll have a chance to watch the same video below).</p></p><p><p>And then they made the following poster to teach a friend about the iMentor program and wrote the text just below the poster about what a mentor is to them:</p></p>', NULL);
INSERT into canvas_widget_content (id, widget_id, content_type, ordinal, filename, url, html, plain_text) VALUES (19, 13, 6, 200, NULL, 'https://docs.google.com/drawings/d/1WSbjBr1-iuRphw2w4-XPyjtRTEuEkSEwZHTYwMvwkVQ/edit?usp=sharing', NULL, NULL);
INSERT into canvas_widget_content (id, widget_id, content_type, ordinal, filename, url, html, plain_text) VALUES (20, 14, 11, 100, NULL, NULL, 'Start by sharing a few thoughts about your mentee’s poster and your mentee’s description of a mentor. What are you curious to learn more about? Where do you agree? Where do you see things differently? Next, finish the following sentence: “To me, a mentee is someone who…”', NULL);
INSERT into canvas_widget_content (id, widget_id, content_type, ordinal, filename, url, html, plain_text) VALUES (21, 15, 11, 100, NULL, NULL, 'Watch the following video:', NULL);
INSERT into canvas_widget_content (id, widget_id, content_type, ordinal, filename, url, html, plain_text) VALUES (22, 15, 3, 200, NULL, 'https://vimeo.com/124930020', NULL, NULL);
INSERT into canvas_widget_content (id, widget_id, content_type, ordinal, filename, url, html, plain_text) VALUES (23, 16, 11, 100, NULL, NULL, 'Now create your own poster that represents the iMentor program, how you see your role, and how you see the relationship between you and your mentee evolving over time. ', NULL);
INSERT into canvas_widget_content (id, widget_id, content_type, ordinal, filename, url, html, plain_text) VALUES (24, 17, 11, 100, NULL, NULL, 'In addition to your mentee’s poster above, you can see another sample here:', NULL);
INSERT into canvas_widget_content (id, widget_id, content_type, ordinal, filename, url, html, plain_text) VALUES (25, 17, 9, 200, NULL, '/new_platform/static/canvas/images/poster.jpg', NULL, NULL);
INSERT into canvas_widget_content (id, widget_id, content_type, ordinal, filename, url, html, plain_text) VALUES (26, 18, 11, 100, NULL, NULL, 'Start your poster by clicking <a href="https://docs.google.com/drawings/d/1lkXs2Wr2wmpUcmPo5uaMbCMjYuA5DqiZSmEHNth4czo/edit?usp=sharing" target="_target">here</a>.', NULL);
INSERT into canvas_widget_content (id, widget_id, content_type, ordinal, filename, url, html, plain_text) VALUES (27, 19, 11, 100, NULL, NULL, 'Write a few sentences about your thoughts on creating your poster and your hopes for this program.', NULL);
INSERT into canvas_widget_content (id, widget_id, content_type, ordinal, filename, url, html, plain_text) VALUES (28, 20, 11, 100, NULL, NULL, 'After completing your poster, finish this sentence: “To me, a mentor is someone who…”', NULL);
INSERT into canvas_widget_content (id, widget_id, content_type, ordinal, filename, url, html, plain_text) VALUES (29, 21, 9, 100, NULL, 'http://izquotes.com/quotes-pictures/quote-believe-you-can-and-you-re-halfway-there-theodore-roosevelt-158024.jpg', NULL, NULL);
INSERT into canvas_widget_content (id, widget_id, content_type, ordinal, filename, url, html, plain_text) VALUES (30, 21, 11, 200, NULL, NULL, 'Write to your mentor and share what this quote means to you. Where in your life can you see this connecting?', NULL);
INSERT into canvas_widget_content (id, widget_id, content_type, ordinal, filename, url, html, plain_text) VALUES (31, 22, 2, 100, NULL, 'https://www.youtube.com/watch?v=bznt_4Kbo5Q', NULL, NULL);
INSERT into canvas_widget_content (id, widget_id, content_type, ordinal, filename, url, html, plain_text) VALUES (32, 22, 11, 200, NULL, NULL, '<ul><li>In your groups, brainstorm a list of as many challenges of being 1st as you can.</li><li>Write those challenges in your group''s “Challenges” box in the Google Doc.</li></ul>', NULL);
INSERT into canvas_widget_content (id, widget_id, content_type, ordinal, filename, url, html, plain_text) VALUES (33, 22, 6, 300, NULL, 'https://docs.google.com/a/imentor.org/document/d/1UfK2l41yDz_2cf676te7Ft0IBW_sRsdndFVeKtMdIlI/edit?usp=sharing', NULL, NULL);
INSERT into canvas_widget_content (id, widget_id, content_type, ordinal, filename, url, html, plain_text) VALUES (34, 23, 2, 100, NULL, 'https://youtu.be/RYsQp_ocMvQ', NULL, NULL);
INSERT into canvas_widget_content (id, widget_id, content_type, ordinal, filename, url, html, plain_text) VALUES (35, 23, 11, 200, NULL, NULL, '<ul><li>In your groups, discuss how many of the challenges you listed apply to Michelle Obama''s experience as a 1st Generation college student.</li><li>Next, brainstorm a list of as many questions you can about being a first generation college student, the challenges of going to college, and/or anything else that comes to mind related to going to college.</li><li>Type those questions into your group''s “Questions” box in the Google Doc.</li></ul>', NULL);
INSERT into canvas_widget_content (id, widget_id, content_type, ordinal, filename, url, html, plain_text) VALUES (36, 23, 6, 300, NULL, 'https://docs.google.com/a/imentor.org/document/d/1UfK2l41yDz_2cf676te7Ft0IBW_sRsdndFVeKtMdIlI/edit?usp=sharing', NULL, NULL);
INSERT into canvas_widget_content (id, widget_id, content_type, ordinal, filename, url, html, plain_text) VALUES (37, 24, 11, 100, NULL, NULL, 'Using the website below, find an answer to your group''s question. Once your group finds an answer, type that answer into your group''s “Answers” box in the Google Doc.', NULL);
INSERT into canvas_widget_content (id, widget_id, content_type, ordinal, filename, url, html, plain_text) VALUES (38, 24, 10, 200, NULL, 'http://www.firstgenerationstudent.com/ ', NULL, NULL);
INSERT into canvas_widget_content (id, widget_id, content_type, ordinal, filename, url, html, plain_text) VALUES (39, 25, 11, 100, NULL, NULL, '<ul><li>Share something that you learned today about the challenge of being 1st and how you can overcome that challenge.</li><li>Share any questions that you still have about going to college that weren’t answered in today’s class.</li></ul>', NULL);
INSERT into canvas_widget_content (id, widget_id, content_type, ordinal, filename, url, html, plain_text) VALUES (40, 26, 11, 100, NULL, NULL, 'Create an amazing poster for your mentor.', NULL);
INSERT into canvas_widget_content (id, widget_id, content_type, ordinal, filename, url, html, plain_text) VALUES (41, 26, 6, 200, NULL, 'https://docs.google.com/drawings/d/1WSbjBr1-iuRphw2w4-XPyjtRTEuEkSEwZHTYwMvwkVQ/edit?usp=sharing', NULL, NULL);
INSERT into canvas_widget_content (id, widget_id, content_type, ordinal, filename, url, html, plain_text) VALUES (42, 27, 11, 100, NULL, NULL, 'Collaborate on the poster your mentee created.', NULL);
INSERT into canvas_widget_content (id, widget_id, content_type, ordinal, filename, url, html, plain_text) VALUES (43, 27, 6, 200, NULL, 'https://docs.google.com/drawings/d/1WSbjBr1-iuRphw2w4-XPyjtRTEuEkSEwZHTYwMvwkVQ/edit?usp=sharing', NULL, NULL);
INSERT into canvas_widget_content (id, widget_id, content_type, ordinal, filename, url, html, plain_text) VALUES (44, 28, 11, 100, NULL, NULL, '<img src="/new_platform/static/canvas/images/remember.png" style="float:right;" />This lesson is the entry point for the mentee/mentor relationship. This lesson helps prepare both mentees and mentors to communicate appropriate personal information about themselves as they enter into their relationship.<p><p>At the end of this lesson, mentees will be able to:<ul><li>Create an "I AM FROM" poem to share with their mentor.</li><li>Create an "I AM" poster to share with their mentor.</li></ul></p></p>For the complete lesson, click <a href="https://learn.imentor.org/help/article/link/np-building-relationships-about-me" target="_blank">here</a>.', NULL);
INSERT into canvas_widget_content (id, widget_id, content_type, ordinal, filename, url, html, plain_text) VALUES (45, 29, 11, 100, NULL, NULL, '<img src="/new_platform/static/canvas/images/display.png" style="float:right;" />Write the following questions on the board or present the slide on a projector.', NULL);
INSERT into canvas_widget_content (id, widget_id, content_type, ordinal, filename, url, html, plain_text) VALUES (46, 29, 6, 200, NULL, 'https://docs.google.com/presentation/d/1hq-LCxRveUZ6CXFhBAo86_im17SduuASJENqKbwpfi8/embed?start=false&loop=false&delayms=60000', NULL, NULL);
INSERT into canvas_widget_content (id, widget_id, content_type, ordinal, filename, url, html, plain_text) VALUES (47, 30, 11, 100, NULL, NULL, '<img src="/new_platform/static/canvas/images/remember.png" style="float:right;" />Activity Purpose: This activity allows mentees to begin introducing themselves to their mentor by writing an "I Am From" poem. This activity directs the focus as mentees begin to make decisions about which information they will choose to share with their mentors, and how they will represent this information.<p><p>For full details, click <a href="https://learn.imentor.org/help/article/link/np-building-relationships-about-me#keystone1" target="_target">here</a>.</p></p>', NULL);
INSERT into canvas_widget_content (id, widget_id, content_type, ordinal, filename, url, html, plain_text) VALUES (48, 31, 11, 100, NULL, NULL, '<img src="/new_platform/static/canvas/images/display.png" style="float:right;" />Display the following slide and ask mentees to silently reflect on what the poem means.', NULL);
INSERT into canvas_widget_content (id, widget_id, content_type, ordinal, filename, url, html, plain_text) VALUES (49, 31, 6, 200, NULL, 'https://docs.google.com/presentation/d/1lb8fWqo0FvVwXKOHuqwGLFJasAJ2Is4Js8bKHQEscDE/embed?start=false&loop=false&delayms=60000', NULL, NULL);
INSERT into canvas_widget_content (id, widget_id, content_type, ordinal, filename, url, html, plain_text) VALUES (50, 32, 11, 100, NULL, NULL, '<img src="/new_platform/static/canvas/images/discuss.png" style="float:right;" />Lead a class discussion<ul><li>What do you think this poem means?</li><li>What does the rose represent?</li><li>What does the concrete represent?</li><li>Does this image/poem resonate? Why or why not?</li></ul>', NULL);
INSERT into canvas_widget_content (id, widget_id, content_type, ordinal, filename, url, html, plain_text) VALUES (51, 33, 11, 100, NULL, NULL, '<img src="/new_platform/static/canvas/images/check.png" style="float:right;" />Ask mentees to take out a scratch sheet of paper and silently brainstorm any and all ideas about where they are from.', NULL);
INSERT into canvas_widget_content (id, widget_id, content_type, ordinal, filename, url, html, plain_text) VALUES (52, 34, 11, 100, NULL, NULL, '<img src="/new_platform/static/canvas/images/display.png" style="float:right;" />While students are brainstorming, display the following slide as a guide.', NULL);
INSERT into canvas_widget_content (id, widget_id, content_type, ordinal, filename, url, html, plain_text) VALUES (53, 34, 6, 200, NULL, 'https://docs.google.com/presentation/d/1ZTqomOPJU_Eagfq9KrJa3MTb5dkzvUmkWdj2fHmaGtE/embed?start=false&loop=false&delayms=60000', NULL, NULL);
INSERT into canvas_widget_content (id, widget_id, content_type, ordinal, filename, url, html, plain_text) VALUES (54, 35, 11, 100, NULL, NULL, '<img src="/new_platform/static/canvas/images/check.png" style="float:right;" />Have mentees use what they wrote down and write an I Am From poem to their mentors on the platform.', NULL);
INSERT into canvas_widget_content (id, widget_id, content_type, ordinal, filename, url, html, plain_text) VALUES (55, 36, 11, 100, NULL, NULL, '<img src="/new_platform/static/canvas/images/remember.png" style="float:right;" />Activity Purpose: In this activity, mentees will create a visual "I Am" poster on the platform.<p><p>For full details, click <a href="https://learn.imentor.org/help/article/link/np-building-relationships-about-me#keystone2" target="_blank">here</a>.</p></p>', NULL);
INSERT into canvas_widget_content (id, widget_id, content_type, ordinal, filename, url, html, plain_text) VALUES (56, 37, 11, 100, NULL, NULL, '<img src="/new_platform/static/canvas/images/discuss.png" style="float:right;" />Lead a discussion about "I am" and talk about its difference with "I am from.”', NULL);
INSERT into canvas_widget_content (id, widget_id, content_type, ordinal, filename, url, html, plain_text) VALUES (57, 38, 11, 100, NULL, NULL, '<img src="/new_platform/static/canvas/images/display.png" style="float:right;" />Show mentees the sample “I am” poster and let them know they will be creating one.', NULL);
INSERT into canvas_widget_content (id, widget_id, content_type, ordinal, filename, url, html, plain_text) VALUES (58, 38, 6, 200, NULL, 'https://docs.google.com/presentation/d/1wDiOS-7EWWsc2Rc987hm4_38zFUGzMY8ZD4DFVI0nh0/embed?start=false&loop=false&delayms=60000', NULL, NULL);
INSERT into canvas_widget_content (id, widget_id, content_type, ordinal, filename, url, html, plain_text) VALUES (59, 39, 11, 100, NULL, NULL, '<img src="/new_platform/static/canvas/images/display.png" style="float:right;" />Display the Google Drawing Instructional video and talk them through the key features', NULL);
INSERT into canvas_widget_content (id, widget_id, content_type, ordinal, filename, url, html, plain_text) VALUES (60, 39, 3, 200, NULL, 'https://vimeo.com/135490195', NULL, NULL);
INSERT into canvas_widget_content (id, widget_id, content_type, ordinal, filename, url, html, plain_text) VALUES (61, 40, 11, 100, NULL, NULL, '<img src="/new_platform/static/canvas/images/check.png" style="float:right;" /><ul><li>Have students create their own poster. to introduce themselves to their mentor.</li><li>Remind them to be creative - use images, colors, shapes, and text.</li><li>Make sure they come back to Canvas and click “finish” when they are done.</li></ul>', NULL);
INSERT into canvas_widget_content (id, widget_id, content_type, ordinal, filename, url, html, plain_text) VALUES (62, 41, 9, 100, NULL, '/new_platform/static/canvas/images/the-rose-poem.jpg', NULL, NULL);
INSERT into canvas_widget_content (id, widget_id, content_type, ordinal, filename, url, html, plain_text) VALUES (63, 41, 11, 200, NULL, NULL, 'Consider the following:<ul><li>What do you think this poem means?</li><li>What does the rose represent?</li><li>What does the concrete represent?</li><li>Does this image/poem resonate? Why or why not?</li></ul>', NULL);
INSERT into canvas_widget_content (id, widget_id, content_type, ordinal, filename, url, html, plain_text) VALUES (64, 42, 11, 100, NULL, NULL, 'Consider each of the following to create your poem.<ul><li>words that describe your home, family, community</li><li>things you love about your country, neighborhood, community, family, self</li><li>people that have had a strong influence in your life</li><li>powerful experiences you had at an early age</li><li>things you learned the hard way</li></ul><p><p>Now write your poem. Start each line with “I am from…”</p></p>', NULL);
INSERT into canvas_widget_content (id, widget_id, content_type, ordinal, filename, url, html, plain_text) VALUES (65, 43, 11, 100, NULL, NULL, 'Below is a sample “I Am” poster. Check it out so you can make your own.', NULL);
INSERT into canvas_widget_content (id, widget_id, content_type, ordinal, filename, url, html, plain_text) VALUES (66, 43, 9, 200, NULL, '/new_platform/static/canvas/images/i-am-sample-poster.jpg', NULL, NULL);
INSERT into canvas_widget_content (id, widget_id, content_type, ordinal, filename, url, html, plain_text) VALUES (67, 44, 11, 100, NULL, NULL, 'Before you get started on yours, watch this short video to learn how to use Google Drawing.', NULL);
INSERT into canvas_widget_content (id, widget_id, content_type, ordinal, filename, url, html, plain_text) VALUES (68, 44, 3, 200, NULL, 'https://vimeo.com/135490195', NULL, NULL);
INSERT into canvas_widget_content (id, widget_id, content_type, ordinal, filename, url, html, plain_text) VALUES (69, 45, 11, 100, NULL, NULL, 'Start your poster by clicking <a href="https://docs.google.com/drawings/d/1vpiny6lJFaOAW4Pb_mDVwD9XB7BUR93NApXax0ILL1A/edit?usp=sharing" target="_blank">here</a>.', NULL);
INSERT into canvas_widget_content (id, widget_id, content_type, ordinal, filename, url, html, plain_text) VALUES (70, 46, 11, 100, NULL, NULL, 'They then discussed the components of a quality introduction and explored the parts of their identity they’d like to share with their mentors before writing an I Am From Poem.', NULL);
INSERT into canvas_widget_content (id, widget_id, content_type, ordinal, filename, url, html, plain_text) VALUES (71, 47, 11, 100, NULL, NULL, 'Share a few thoughts about your mentee’s poem. What resonated with you? What would you like to learn more about? What are the similarities and differences you share?', NULL);
INSERT into canvas_widget_content (id, widget_id, content_type, ordinal, filename, url, html, plain_text) VALUES (72, 48, 11, 100, NULL, NULL, 'Then your mentee created an I AM Poster.', NULL);
INSERT into canvas_widget_content (id, widget_id, content_type, ordinal, filename, url, html, plain_text) VALUES (73, 48, 6, 200, NULL, 'https://docs.google.com/drawings/d/1vpiny6lJFaOAW4Pb_mDVwD9XB7BUR93NApXax0ILL1A/edit?usp=sharing', NULL, NULL);
INSERT into canvas_widget_content (id, widget_id, content_type, ordinal, filename, url, html, plain_text) VALUES (74, 49, 11, 100, NULL, NULL, 'Share a few thoughts about your mentee’s poster. What resonated with you? What would you like to learn more about? What are the similarities and differences you share?', NULL);
INSERT into canvas_widget_content (id, widget_id, content_type, ordinal, filename, url, html, plain_text) VALUES (75, 50, 11, 100, NULL, NULL, 'Write your I AM From poem to share with your mentee. Consider any of the following to get started:<ul><li>words that describe your home, family, community</li><li>things you love about your country, neighborhood, community, family, self</li><li>people that have had a strong influence in your life</li><li>powerful experiences you had at an early age</li><li>things you learned the hard way</li></ul><p><p>Start each line of your poem with “I am from…”</p></p>', NULL);
INSERT into canvas_widget_content (id, widget_id, content_type, ordinal, filename, url, html, plain_text) VALUES (76, 51, 11, 100, NULL, NULL, 'Your mentee’s class started the day discussing the following poem:', NULL);
INSERT into canvas_widget_content (id, widget_id, content_type, ordinal, filename, url, html, plain_text) VALUES (77, 51, 9, 200, NULL, '/new_platform/static/canvas/images/the-rose-poem.jpg', NULL, NULL);
INSERT into canvas_widget_content (id, widget_id, content_type, ordinal, filename, url, html, plain_text) VALUES (78, 52, 11, 100, NULL, NULL, 'If you can play the YouTube content below, then this test passed.', NULL);
INSERT into canvas_widget_content (id, widget_id, content_type, ordinal, filename, url, html, plain_text) VALUES (79, 52, 2, 200, NULL, 'https://www.youtube.com/watch?v=bznt_4Kbo5Q', NULL, NULL);
INSERT into canvas_widget_content (id, widget_id, content_type, ordinal, filename, url, html, plain_text) VALUES (80, 53, 11, 100, NULL, NULL, 'If you can see the Google Slides content below, then this test passed.', NULL);
INSERT into canvas_widget_content (id, widget_id, content_type, ordinal, filename, url, html, plain_text) VALUES (81, 53, 6, 200, NULL, 'https://docs.google.com/presentation/d/1ZTqomOPJU_Eagfq9KrJa3MTb5dkzvUmkWdj2fHmaGtE/embed?start=false&loop=false&delayms=60000', NULL, NULL);
INSERT into canvas_widget_content (id, widget_id, content_type, ordinal, filename, url, html, plain_text) VALUES (82, 54, 11, 100, NULL, NULL, 'If you can play the Vimeo content below, then this test passed.', NULL);
INSERT into canvas_widget_content (id, widget_id, content_type, ordinal, filename, url, html, plain_text) VALUES (83, 54, 3, 200, NULL, 'https://vimeo.com/135490195', NULL, NULL);
INSERT into canvas_widget_content (id, widget_id, content_type, ordinal, filename, url, html, plain_text) VALUES (84, 55, 11, 100, NULL, NULL, 'If you can write in the box below, click the "Finish" button at the end of the Canvas, then click the "Review your work" button on the following page and see that same text in the box below, then this test passed.', NULL);
INSERT into canvas_widget_content (id, widget_id, content_type, ordinal, filename, url, html, plain_text) VALUES (85, 56, 11, 100, NULL, NULL, 'If you can see the picture below, then this test passed.', NULL);
INSERT into canvas_widget_content (id, widget_id, content_type, ordinal, filename, url, html, plain_text) VALUES (86, 56, 9, 200, NULL, 'http://izquotes.com/quotes-pictures/quote-believe-you-can-and-you-re-halfway-there-theodore-roosevelt-158024.jpg', NULL, NULL);
INSERT into canvas_widget_content (id, widget_id, content_type, ordinal, filename, url, html, plain_text) VALUES (87, 57, 11, 100, NULL, NULL, 'If you can play the SoundCloud content below, then this test passed.', NULL);
INSERT into canvas_widget_content (id, widget_id, content_type, ordinal, filename, url, html, plain_text) VALUES (88, 57, 14, 200, NULL, 'https%3A//api.soundcloud.com/tracks/60352387&amp;color=00aabb&amp;auto_play=false&amp;hide_related=false&amp;show_comments=true&amp;show_user=true&amp;show_reposts=false', NULL, NULL);
INSERT into canvas_widget_content (id, widget_id, content_type, ordinal, filename, url, html, plain_text) VALUES (89, 58, 11, 100, NULL, NULL, '<img src="/new_platform/static/canvas/images/remember.png" style="float:right;" />This lesson is the entry point for the mentee/mentor relationship. This lesson helps prepare both mentees and mentors to communicate appropriate personal information about themselves as they enter into their relationship.<p><p>At the end of this lesson, mentees will be able to:<ul><li>Analyze a poem and examine its meaning</li><li>Select ideas and terms that effectively communicate their own personal context</li><li>Create an "I AM FROM" that identifies and describes where they came from</li><li>Create an "I AM" that identifies and describes key qualities that they currently have</li></ul></p></p><b>For the complete lesson, click <a href="https://learn.imentor.org/help/article/link/np-building-relationships-about-me" target="_blank">here</a>.</b>', NULL);
INSERT into canvas_widget_content (id, widget_id, content_type, ordinal, filename, url, html, plain_text) VALUES (90, 59, 11, 100, NULL, NULL, '<img src="/new_platform/static/canvas/images/display.png" style="float:right;" />Display the following slideshow to facilitate the lesson. For instructions on editing the slideshow, click <a href="https://learn.imentor.org/help/article/link/editting-slide-presentations" target="_blank">here</a>.', NULL);
INSERT into canvas_widget_content (id, widget_id, content_type, ordinal, filename, url, html, plain_text) VALUES (91, 59, 6, 200, NULL, 'https://docs.google.com/presentation/d/1H6PKGHLNJfwM8mDrIDTN8DA1pyY8dIpVAqDi52pojGY/embed?start=false&loop=false&delayms=60000', NULL, NULL);
INSERT into canvas_widget_content (id, widget_id, content_type, ordinal, filename, url, html, plain_text) VALUES (92, 60, 11, 100, NULL, NULL, 'The following Canvas cards are what your class will see during this lesson.', NULL);
INSERT into canvas_widget_content (id, widget_id, content_type, ordinal, filename, url, html, plain_text) VALUES (93, 61, 9, 100, NULL, '/new_platform/static/canvas/images/the-rose-poem.jpg', NULL, NULL);
INSERT into canvas_widget_content (id, widget_id, content_type, ordinal, filename, url, html, plain_text) VALUES (94, 61, 11, 200, NULL, NULL, 'Consider the following:<ul><li>What do you think this poem means?</li><li>What does the rose represent?</li><li>What does the concrete represent?</li><li>Does this image/poem resonate? Why or why not?</li></ul>', NULL);
INSERT into canvas_widget_content (id, widget_id, content_type, ordinal, filename, url, html, plain_text) VALUES (95, 62, 11, 100, NULL, NULL, 'Consider each of the following to create your poem.<ul><li>words that describe your home, family, community</li><li>things you love about your country, neighborhood, community, family, self</li><li>people that have had a strong influence in your life</li><li>powerful experiences you had at an early age</li><li>things you learned the hard way</li></ul><p><p>Now write your poem. Start each line with “I am from…”</p></p>', NULL);
INSERT into canvas_widget_content (id, widget_id, content_type, ordinal, filename, url, html, plain_text) VALUES (96, 63, 11, 100, NULL, NULL, 'Below is a sample “I Am” poster. Check it out so you can make your own.', NULL);
INSERT into canvas_widget_content (id, widget_id, content_type, ordinal, filename, url, html, plain_text) VALUES (97, 63, 9, 200, NULL, '/new_platform/static/canvas/images/i-am-sample-poster.jpg', NULL, NULL);
INSERT into canvas_widget_content (id, widget_id, content_type, ordinal, filename, url, html, plain_text) VALUES (98, 64, 11, 100, NULL, NULL, 'Before you get started on yours, watch this short video to learn how to use Google Drawing.', NULL);
INSERT into canvas_widget_content (id, widget_id, content_type, ordinal, filename, url, html, plain_text) VALUES (99, 64, 3, 200, NULL, 'https://vimeo.com/135490195', NULL, NULL);
INSERT into canvas_widget_content (id, widget_id, content_type, ordinal, filename, url, html, plain_text) VALUES (100, 65, 11, 100, NULL, NULL, 'Start your poster by clicking <a href="https://docs.google.com/drawings/d/1vpiny6lJFaOAW4Pb_mDVwD9XB7BUR93NApXax0ILL1A/edit?usp=sharing" target="_blank">here</a>.', NULL);
INSERT into canvas_widget_content (id, widget_id, content_type, ordinal, filename, url, html, plain_text) VALUES (101, 66, 11, 100, NULL, NULL, '<img src="/new_platform/static/canvas/images/remember.png" style="float:right;" />This lesson introduces new mentees to the iMentor program. It familiarizes them with program goals, expectations, and common vocabulary they will use throughout the program.<p><p>At the end of this lesson, mentees will be able to:<ul><li>Define what a mentor is</li><li>Articulate the goals and purpose of the program</li><li>Describe the role of program participants:<ul style="list-style-type: circle"><li>mentee</li><li>mentor</li><li>staff</li></ul></li><li>Illustrate the purpose of the program and different relationships that exist between program staff, mentee, and mentor</li></ul></p></p><b>For the complete lesson, click <a href="https://learn.imentor.org/help/article/link/building-relationships-introduction-to-imentor-9" target="_blank">here</a>.</b>', NULL);
INSERT into canvas_widget_content (id, widget_id, content_type, ordinal, filename, url, html, plain_text) VALUES (102, 67, 11, 100, NULL, NULL, '<img src="/new_platform/static/canvas/images/display.png" style="float:right;" />Display the following slideshow to facilitate the lesson. For instructions on editing the slideshow, click <a href="https://learn.imentor.org/help/article/link/editting-slide-presentations" target="_blank">here</a>.', NULL);
INSERT into canvas_widget_content (id, widget_id, content_type, ordinal, filename, url, html, plain_text) VALUES (103, 67, 6, 200, NULL, 'https://docs.google.com/presentation/d/1HCiKtyICPcoSGIQCHdN5iHlpQBG40stVm-yVZHjDUgM/embed', NULL, NULL);
INSERT into canvas_widget_content (id, widget_id, content_type, ordinal, filename, url, html, plain_text) VALUES (104, 68, 11, 100, NULL, NULL, '<img src="/new_platform/static/canvas/images/display.png" style="float:right;" />If YouTube is unavailable to be streamed at your school, use the below video, which is streamed from Vimeo.', NULL);
INSERT into canvas_widget_content (id, widget_id, content_type, ordinal, filename, url, html, plain_text) VALUES (105, 68, 3, 200, NULL, 'https://vimeo.com/134947495', NULL, NULL);
INSERT into canvas_widget_content (id, widget_id, content_type, ordinal, filename, url, html, plain_text) VALUES (106, 69, 11, 100, NULL, NULL, '<img src="/new_platform/static/canvas/images/remember.png" style="float:right;" />This lesson introduces new mentees to the iMentor program. It familiarizes them with program goals, expectations, and common vocabulary they will use throughout the program.<p><p>At the end of this lesson, mentees will be able to:<ul><li>Define what a mentor is</li><li>Articulate the goals and purpose of the program</li><li>Describe the role of program participants:<ul style="list-style-type: circle"><li>mentee</li><li>mentor</li><li>staff</li></ul><li>Illustrate the purpose of the program and different relationships that exist between program staff, mentee, and mentor</li></ul></p></p><b>For the complete lesson, click <a href="https://learn.imentor.org/help/article/link/building-relationships-refresh-and-reconnect-10" target="_blank">here</a>.', NULL);
INSERT into canvas_widget_content (id, widget_id, content_type, ordinal, filename, url, html, plain_text) VALUES (107, 70, 11, 100, NULL, NULL, '<img src="/new_platform/static/canvas/images/check.png" style="float:right;" />Play Pomp and Circumstance as students walk into the classroom. The most recognizable part of the song happens at 1:30.', NULL);
INSERT into canvas_widget_content (id, widget_id, content_type, ordinal, filename, url, html, plain_text) VALUES (108, 70, 14, 200, NULL, 'https://w.soundcloud.com/player/?url=https%3A//api.soundcloud.com/tracks/60352387&amp;color=00aabb&amp;auto_play=false&amp;hide_related=false&amp;show_comments=true&amp;show_user=true&amp;show_reposts=false', NULL, NULL);
INSERT into canvas_widget_content (id, widget_id, content_type, ordinal, filename, url, html, plain_text) VALUES (109, 71, 11, 100, NULL, NULL, '<img src="/new_platform/static/canvas/images/display.png" style="float:right;" />Display the following slideshow to facilitate the lesson. For instructions on editing the slideshow, click <a href="https://learn.imentor.org/help/article/link/editting-slide-presentations" target="_blank">here</a>.', NULL);
INSERT into canvas_widget_content (id, widget_id, content_type, ordinal, filename, url, html, plain_text) VALUES (110, 71, 6, 200, NULL, 'https://docs.google.com/presentation/d/1-aUySU6Dp6nqUgTx0MIxnMD2fZXcrn0mlqRu4Hy_M7w/embed', NULL, NULL);
INSERT into canvas_widget_content (id, widget_id, content_type, ordinal, filename, url, html, plain_text) VALUES (111, 73, 9, 100, NULL, '/new_platform/static/canvas/images/Aristotle_Quote.png', NULL, NULL);
INSERT into canvas_widget_content (id, widget_id, content_type, ordinal, filename, url, html, plain_text) VALUES (112, 73, 11, 200, NULL, NULL, 'Consider the following:<ul><li>What do you think the quote means?</li><li>How can you apply the quote this year?</li></ul>', NULL);
INSERT into canvas_widget_content (id, widget_id, content_type, ordinal, filename, url, html, plain_text) VALUES (113, 74, 9, 100, NULL, '/new_platform/static/canvas/images/Summer_Experiences.jpg', NULL, NULL);
INSERT into canvas_widget_content (id, widget_id, content_type, ordinal, filename, url, html, plain_text) VALUES (114, 74, 11, 200, NULL, NULL, '<ul><li>Think about what you did this summer.</li><li>Use paper to write down two highlights and write one-sentence descriptions for each.</li></ul>', NULL);
INSERT into canvas_widget_content (id, widget_id, content_type, ordinal, filename, url, html, plain_text) VALUES (115, 75, 11, 100, NULL, NULL, '<ul><li>Share your summer experiences with your mentor.</li><li>Ask your mentor three questions about his or her summer.</li><li>Respond to your mentor if they wrote to you over the summer.</li></ul>', NULL);
INSERT into canvas_widget_content (id, widget_id, content_type, ordinal, filename, url, html, plain_text) VALUES (116, 76, 9, 100, NULL, '/new_platform/static/canvas/images/Aristotle_Quote.png', NULL, NULL);
INSERT into canvas_widget_content (id, widget_id, content_type, ordinal, filename, url, html, plain_text) VALUES (117, 76, 11, 200, NULL, NULL, 'Consider the following:<ul><li>What do you think the quote means?</li><li>How can you apply the quote this year?</li></ul>', NULL);
INSERT into canvas_widget_content (id, widget_id, content_type, ordinal, filename, url, html, plain_text) VALUES (118, 77, 9, 100, NULL, '/new_platform/static/canvas/images/Summer_Experiences.jpg', NULL, NULL);
INSERT into canvas_widget_content (id, widget_id, content_type, ordinal, filename, url, html, plain_text) VALUES (119, 77, 11, 200, NULL, NULL, '<ul><li>Think about what you did this summer.</li><li>Use paper to write down two highlights and write one-sentence descriptions for each.</li></ul>', NULL);
INSERT into canvas_widget_content (id, widget_id, content_type, ordinal, filename, url, html, plain_text) VALUES (120, 78, 11, 100, NULL, NULL, '<ul><li>Share your summer experiences with your mentor.</li><li>Ask your mentor three questions about his or her summer.</li><li>Respond to your mentor if they wrote to you over the summer.</li></ul>', NULL);
INSERT into canvas_widget_content (id, widget_id, content_type, ordinal, filename, url, html, plain_text) VALUES (121, 72, 11, 100, NULL, NULL, 'The following Canvas cards are what your class will see during this lesson.', NULL);
INSERT into canvas_widget_content (id, widget_id, content_type, ordinal, filename, url, html, plain_text) VALUES (122, 79, 9, 100, NULL, '/new_platform/static/canvas/images/Aristotle_Quote.png', NULL, NULL);
INSERT into canvas_widget_content (id, widget_id, content_type, ordinal, filename, url, html, plain_text) VALUES (123, 79, 11, 200, NULL, NULL, 'After reading the above quote, your mentee considered the following questions:<ul><li>What do you think the quote means?</li><li>How can you apply the quote this year?</li></ul>', NULL);
INSERT into canvas_widget_content (id, widget_id, content_type, ordinal, filename, url, html, plain_text) VALUES (124, 80, 11, 100, NULL, NULL, 'The class then reflected on their summer experiences.', NULL);
INSERT into canvas_widget_content (id, widget_id, content_type, ordinal, filename, url, html, plain_text) VALUES (125, 80, 9, 200, NULL, '/new_platform/static/canvas/images/Summer_Experiences.jpg', NULL, NULL);
INSERT into canvas_widget_content (id, widget_id, content_type, ordinal, filename, url, html, plain_text) VALUES (126, 81, 11, 100, NULL, NULL, 'They shared their summer experiences with each other and learned how to ask good clarifying questions. ', NULL);
INSERT into canvas_widget_content (id, widget_id, content_type, ordinal, filename, url, html, plain_text) VALUES (127, 82, 11, 100, NULL, NULL, '<ul><li>Respond to your mentee and ask clarifying questions.</li><li>Share highlights from your summer. Be sure to answer your mentee’s questions.</li><li>Remember to lead by example and provide clear details.</li></ul>', NULL);
INSERT into canvas_widget_content (id, widget_id, content_type, ordinal, filename, url, html, plain_text) VALUES (128, 83, 11, 100, NULL, NULL, '<img src="/new_platform/static/canvas/images/remember.png" style="float:right;" />This lesson re-orients mentees to the goals of the program, gives them an opportunity to welcome each other back to school, and reconnects them with their mentors after summer break.<p><p>At the end of this lesson, mentees will be able to:<ul><li>State the program goals and expectations</li><li>​Reflect on their summer experiences</li><li>Process and revise those experiences through peer feedback</li><li>​Share what they did this summer with their mentor</li><li>Write a reflection to their mentor about what they are most looking forward to this year</li></ul></p></p><b>For the complete lesson, click <a href="https://learn.imentor.org/help/article/link/rp-building-relationships-refresh-and-reconnect-11" target="_blank">here</a>.</b>', NULL);
INSERT into canvas_widget_content (id, widget_id, content_type, ordinal, filename, url, html, plain_text) VALUES (129, 84, 11, 100, NULL, NULL, '<img src="/new_platform/static/canvas/images/display.png" style="float:right;" />Display the following slideshow to facilitate the lesson. For instructions on editing the slideshow, click <a href="https://learn.imentor.org/help/article/link/editting-slide-presentations" target="_blank">here</a>.', NULL);
INSERT into canvas_widget_content (id, widget_id, content_type, ordinal, filename, url, html, plain_text) VALUES (130, 84, 6, 200, NULL, 'https://docs.google.com/presentation/d/1eZ5wROliwilXKnaPcvosIMRxW5aCh4QVv7E5cbnX4M8/embed', NULL, NULL);
INSERT into canvas_widget_content (id, widget_id, content_type, ordinal, filename, url, html, plain_text) VALUES (131, 85, 11, 100, NULL, NULL, 'The following Canvas cards are what your class will see during this lesson.', NULL);
INSERT into canvas_widget_content (id, widget_id, content_type, ordinal, filename, url, html, plain_text) VALUES (132, 86, 9, 100, NULL, '/new_platform/static/canvas/images/Pele_Quote.jpg', NULL, NULL);
INSERT into canvas_widget_content (id, widget_id, content_type, ordinal, filename, url, html, plain_text) VALUES (133, 86, 11, 200, NULL, NULL, 'Consider the following:<ul><li>What do you think the quote means?</li><li>Does the quote resonate with you? why or why not?</li><li>How does the quote apply to the 11th grade?</li></ul>', NULL);
INSERT into canvas_widget_content (id, widget_id, content_type, ordinal, filename, url, html, plain_text) VALUES (134, 87, 9, 100, NULL, '/new_platform/static/canvas/images/Summer_Experiences.jpg', NULL, NULL);
INSERT into canvas_widget_content (id, widget_id, content_type, ordinal, filename, url, html, plain_text) VALUES (135, 87, 11, 200, NULL, NULL, '<ul><li>Think about what you did this summer.</li><li>Use paper to write down two highlights and write one-sentence descriptions for each.</li><li>Write one-sentence descriptions for each.</li></ul>', NULL);
INSERT into canvas_widget_content (id, widget_id, content_type, ordinal, filename, url, html, plain_text) VALUES (136, 88, 11, 100, NULL, NULL, '<ul><li>Share your summer highlights with your mentor.</li><li>Ask your mentor three questions about his or her summer.</li><li>Share what you are most looking forward to this year.</li></ul>', NULL);
INSERT into canvas_widget_content (id, widget_id, content_type, ordinal, filename, url, html, plain_text) VALUES (137, 89, 9, 100, NULL, '/new_platform/static/canvas/images/Pele_Quote.jpg', NULL, NULL);
INSERT into canvas_widget_content (id, widget_id, content_type, ordinal, filename, url, html, plain_text) VALUES (138, 89, 11, 200, NULL, NULL, 'Consider the following:<ul><li>What do you think the quote means?</li><li>Does the quote resonate with you? why or why not?</li><li>How does the quote apply to the 11th grade?</li></ul>', NULL);
INSERT into canvas_widget_content (id, widget_id, content_type, ordinal, filename, url, html, plain_text) VALUES (139, 90, 9, 100, NULL, '/new_platform/static/canvas/images/Summer_Experiences.jpg', NULL, NULL);
INSERT into canvas_widget_content (id, widget_id, content_type, ordinal, filename, url, html, plain_text) VALUES (140, 90, 11, 200, NULL, NULL, '<ul><li>Think about what you did this summer.</li><li>Use paper to write down two highlights and write one-sentence descriptions for each.</li><li>Write one-sentence descriptions for each.</li></ul>', NULL);
INSERT into canvas_widget_content (id, widget_id, content_type, ordinal, filename, url, html, plain_text) VALUES (141, 91, 11, 100, NULL, NULL, '<ul><li>Share your summer highlights with your mentor.</li><li>Ask your mentor three questions about his or her summer.</li><li>Share what you are most looking forward to this year.</li></ul>', NULL);
INSERT into canvas_widget_content (id, widget_id, content_type, ordinal, filename, url, html, plain_text) VALUES (142, 92, 9, 100, NULL, '/new_platform/static/canvas/images/Pele_Quote.jpg', NULL, NULL);
INSERT into canvas_widget_content (id, widget_id, content_type, ordinal, filename, url, html, plain_text) VALUES (143, 92, 11, 200, NULL, NULL, 'After reading the above quote, your mentee responded to the following questions:<ul><li>What do you think the quote means?</li><li>How can you apply the quote this year?</li></ul>', NULL);
INSERT into canvas_widget_content (id, widget_id, content_type, ordinal, filename, url, html, plain_text) VALUES (144, 93, 11, 100, NULL, NULL, 'The class then reflected on their summer experiences.', NULL);
INSERT into canvas_widget_content (id, widget_id, content_type, ordinal, filename, url, html, plain_text) VALUES (145, 93, 9, 200, NULL, '/new_platform/static/canvas/images/Summer_Experiences.jpg', NULL, NULL);
INSERT into canvas_widget_content (id, widget_id, content_type, ordinal, filename, url, html, plain_text) VALUES (146, 94, 11, 100, NULL, NULL, 'They shared their summer experiences with each other and learned how to ask good clarifying questions before sharing those experiences with you.', NULL);
INSERT into canvas_widget_content (id, widget_id, content_type, ordinal, filename, url, html, plain_text) VALUES (147, 95, 11, 100, NULL, NULL, '<ul><li>Respond to your mentee and ask clarifying questions.</li><li>Share highlights from your summer. Be sure to answer your mentee’s questions. Remember to lead by example and provide clear details.</li><li>Share you what are most looking forward to this year.</li></ul>', NULL);

INSERT into canvas_widget_content_response_marker (id, widget_content_id, ordinal, position, response_type) VALUES (1, 20, 100, 0, 2);
INSERT into canvas_widget_content_response_marker (id, widget_content_id, ordinal, position, response_type) VALUES (2, 27, 100, 0, 2);
INSERT into canvas_widget_content_response_marker (id, widget_content_id, ordinal, position, response_type) VALUES (3, 28, 100, 0, 2);
INSERT into canvas_widget_content_response_marker (id, widget_content_id, ordinal, position, response_type) VALUES (4, 30, 100, 0, 2);
INSERT into canvas_widget_content_response_marker (id, widget_content_id, ordinal, position, response_type) VALUES (5, 39, 100, 0, 2);
INSERT into canvas_widget_content_response_marker (id, widget_content_id, ordinal, position, response_type) VALUES (6, 64, 100, 0, 2);
INSERT into canvas_widget_content_response_marker (id, widget_content_id, ordinal, position, response_type) VALUES (7, 71, 100, 0, 2);
INSERT into canvas_widget_content_response_marker (id, widget_content_id, ordinal, position, response_type) VALUES (8, 74, 100, 0, 2);
INSERT into canvas_widget_content_response_marker (id, widget_content_id, ordinal, position, response_type) VALUES (9, 75, 100, 0, 2);
INSERT into canvas_widget_content_response_marker (id, widget_content_id, ordinal, position, response_type) VALUES (10, 84, 100, 0, 2);
INSERT into canvas_widget_content_response_marker (id, widget_content_id, ordinal, position, response_type) VALUES (11, 95, 100, 0, 2);
INSERT into canvas_widget_content_response_marker (id, widget_content_id, ordinal, position, response_type) VALUES (12, 115, 100, 0, 2);
INSERT into canvas_widget_content_response_marker (id, widget_content_id, ordinal, position, response_type) VALUES (13, 120, 100, 0, 2);
INSERT into canvas_widget_content_response_marker (id, widget_content_id, ordinal, position, response_type) VALUES (14, 127, 100, 0, 2);
INSERT into canvas_widget_content_response_marker (id, widget_content_id, ordinal, position, response_type) VALUES (15, 136, 100, 0, 2);
INSERT into canvas_widget_content_response_marker (id, widget_content_id, ordinal, position, response_type) VALUES (16, 141, 100, 0, 2);
INSERT into canvas_widget_content_response_marker (id, widget_content_id, ordinal, position, response_type) VALUES (17, 147, 100, 0, 2);

INSERT into canvas_widget_content_marker_reference (id, widget_content_id, other_marker_id, read_only, ordinal, position) VALUES (1, 19, 3, TRUE, 100, 0);
INSERT into canvas_widget_content_marker_reference (id, widget_content_id, other_marker_id, read_only, ordinal, position) VALUES (2, 70, 6, TRUE, 100, 0);
INSERT into canvas_widget_content_marker_reference (id, widget_content_id, other_marker_id, read_only, ordinal, position) VALUES (3, 126, 12, TRUE, 100, 0);
INSERT into canvas_widget_content_marker_reference (id, widget_content_id, other_marker_id, read_only, ordinal, position) VALUES (4, 146, 16, TRUE, 100, 0);