begin transaction;

INSERT into forms_form (id, copied_from_id, description, is_active, form_user_type, form_data_type) VALUES (30, NULL, 'Mentor Application', TRUE, 1, 1);

INSERT into forms_form_member_site (id, member_site_id, form_id) VALUES (44, 248, 30);

INSERT into forms_form_role_can_modify (id, form_id, role_id_can_modify) VALUES (59, 30, 6);
INSERT into forms_form_role_can_modify (id, form_id, role_id_can_modify) VALUES (60, 30, 1);

INSERT into forms_form_role_can_answer (id, form_id, role_id_can_answer) VALUES (88, 30, 6);
INSERT into forms_form_role_can_answer (id, form_id, role_id_can_answer) VALUES (89, 30, 1);
INSERT into forms_form_role_can_answer (id, form_id, role_id_can_answer) VALUES (90, 30, 4);

INSERT into forms_section (id, copied_from_id, description, form_id, ordinal, is_active, section_data_type) VALUES (103, NULL, 'Contact Information', 30, 100, TRUE, 1);
INSERT into forms_section (id, copied_from_id, description, form_id, ordinal, is_active, section_data_type) VALUES (104, NULL, 'Evaluation', 30, 200, TRUE, 1);
INSERT into forms_section (id, copied_from_id, description, form_id, ordinal, is_active, section_data_type) VALUES (105, NULL, 'Matching', 30, 300, TRUE, 1);
INSERT into forms_section (id, copied_from_id, description, form_id, ordinal, is_active, section_data_type) VALUES (106, NULL, 'References', 30, 400, TRUE, 1);

INSERT into forms_section_question (id, copied_from_id, weighted_val, is_required, is_visible, is_immutable, dependent_on_question_id, dependent_on_noanswer_question_id, if_answered_goto_question, answer_matches_goto_question, section_id, ordinal, sub_ordinal, question_type, question_text, is_active) VALUES (2064, NULL, 0, TRUE, TRUE, TRUE, NULL, NULL, NULL, NULL, 103, 200, 0, 2, E'Preferred First Name', TRUE);
INSERT into forms_section_question (id, copied_from_id, weighted_val, is_required, is_visible, is_immutable, dependent_on_question_id, dependent_on_noanswer_question_id, if_answered_goto_question, answer_matches_goto_question, section_id, ordinal, sub_ordinal, question_type, question_text, is_active) VALUES (2065, NULL, 0, TRUE, TRUE, TRUE, NULL, NULL, NULL, NULL, 103, 300, 0, 2, E'Preferred Last Name', TRUE);
INSERT into forms_section_question (id, copied_from_id, weighted_val, is_required, is_visible, is_immutable, dependent_on_question_id, dependent_on_noanswer_question_id, if_answered_goto_question, answer_matches_goto_question, section_id, ordinal, sub_ordinal, question_type, question_text, is_active) VALUES (2066, NULL, 0, TRUE, TRUE, TRUE, NULL, NULL, NULL, NULL, 103, 400, 0, 2, E'Legal First Name', TRUE);
INSERT into forms_section_question (id, copied_from_id, weighted_val, is_required, is_visible, is_immutable, dependent_on_question_id, dependent_on_noanswer_question_id, if_answered_goto_question, answer_matches_goto_question, section_id, ordinal, sub_ordinal, question_type, question_text, is_active) VALUES (2067, NULL, 0, TRUE, TRUE, TRUE, NULL, NULL, NULL, NULL, 103, 500, 0, 2, E'Legal Last Name', TRUE);
INSERT into forms_section_question (id, copied_from_id, weighted_val, is_required, is_visible, is_immutable, dependent_on_question_id, dependent_on_noanswer_question_id, if_answered_goto_question, answer_matches_goto_question, section_id, ordinal, sub_ordinal, question_type, question_text, is_active) VALUES (2068, NULL, 0, FALSE, TRUE, TRUE, NULL, NULL, NULL, NULL, 103, 600, 0, 2, E'Additional Email Address', TRUE);
INSERT into forms_section_question (id, copied_from_id, weighted_val, is_required, is_visible, is_immutable, dependent_on_question_id, dependent_on_noanswer_question_id, if_answered_goto_question, answer_matches_goto_question, section_id, ordinal, sub_ordinal, question_type, question_text, is_active) VALUES (2069, NULL, 0, TRUE, TRUE, TRUE, NULL, NULL, NULL, NULL, 103, 700, 100, 3, E'Primary Phone Number', TRUE);
INSERT into forms_section_question (id, copied_from_id, weighted_val, is_required, is_visible, is_immutable, dependent_on_question_id, dependent_on_noanswer_question_id, if_answered_goto_question, answer_matches_goto_question, section_id, ordinal, sub_ordinal, question_type, question_text, is_active) VALUES (2070, NULL, 0, TRUE, TRUE, TRUE, NULL, NULL, NULL, NULL, 103, 700, 200, 5, E'Is this a cell phone?', TRUE);
INSERT into forms_section_question (id, copied_from_id, weighted_val, is_required, is_visible, is_immutable, dependent_on_question_id, dependent_on_noanswer_question_id, if_answered_goto_question, answer_matches_goto_question, section_id, ordinal, sub_ordinal, question_type, question_text, is_active) VALUES (2071, NULL, 0, FALSE, TRUE, TRUE, NULL, NULL, NULL, NULL, 103, 800, 100, 3, E'Secondary Phone Number', TRUE);
INSERT into forms_section_question (id, copied_from_id, weighted_val, is_required, is_visible, is_immutable, dependent_on_question_id, dependent_on_noanswer_question_id, if_answered_goto_question, answer_matches_goto_question, section_id, ordinal, sub_ordinal, question_type, question_text, is_active) VALUES (2072, NULL, 0, FALSE, TRUE, TRUE, NULL, NULL, NULL, NULL, 103, 800, 200, 5, E'Is this a cell phone?', TRUE);
INSERT into forms_section_question (id, copied_from_id, weighted_val, is_required, is_visible, is_immutable, dependent_on_question_id, dependent_on_noanswer_question_id, if_answered_goto_question, answer_matches_goto_question, section_id, ordinal, sub_ordinal, question_type, question_text, is_active) VALUES (2073, NULL, 0, TRUE, TRUE, TRUE, NULL, NULL, NULL, NULL, 103, 900, 0, 5, E'Can iMentor Bay Area send you text message reminders to help you complete the application and screening process? For reference, the iMentor privacy policy is available <a href="https://imentor.org/privacy-policy" target="_blank">here</a>.', TRUE);
INSERT into forms_section_question (id, copied_from_id, weighted_val, is_required, is_visible, is_immutable, dependent_on_question_id, dependent_on_noanswer_question_id, if_answered_goto_question, answer_matches_goto_question, section_id, ordinal, sub_ordinal, question_type, question_text, is_active) VALUES (2074, NULL, 0, TRUE, TRUE, TRUE, NULL, NULL, NULL, NULL, 103, 1000, 0, 4, E'Your Home Address', TRUE);
INSERT into forms_section_question (id, copied_from_id, weighted_val, is_required, is_visible, is_immutable, dependent_on_question_id, dependent_on_noanswer_question_id, if_answered_goto_question, answer_matches_goto_question, section_id, ordinal, sub_ordinal, question_type, question_text, is_active) VALUES (2075, NULL, 0, TRUE, TRUE, TRUE, NULL, NULL, NULL, NULL, 103, 1050, 0, 6, E'Which best describes your living location?', FALSE);
INSERT into forms_section_question (id, copied_from_id, weighted_val, is_required, is_visible, is_immutable, dependent_on_question_id, dependent_on_noanswer_question_id, if_answered_goto_question, answer_matches_goto_question, section_id, ordinal, sub_ordinal, question_type, question_text, is_active) VALUES (2076, NULL, 0, FALSE, TRUE, TRUE, NULL, NULL, NULL, NULL, 103, 1100, 0, 15, E'Employer Information', TRUE);
INSERT into forms_section_question (id, copied_from_id, weighted_val, is_required, is_visible, is_immutable, dependent_on_question_id, dependent_on_noanswer_question_id, if_answered_goto_question, answer_matches_goto_question, section_id, ordinal, sub_ordinal, question_type, question_text, is_active) VALUES (2077, NULL, 0, TRUE, TRUE, TRUE, NULL, NULL, NULL, NULL, 103, 1200, 0, 11, E'Employer', TRUE);
INSERT into forms_section_question (id, copied_from_id, weighted_val, is_required, is_visible, is_immutable, dependent_on_question_id, dependent_on_noanswer_question_id, if_answered_goto_question, answer_matches_goto_question, section_id, ordinal, sub_ordinal, question_type, question_text, is_active) VALUES (2078, NULL, 0, FALSE, TRUE, TRUE, NULL, NULL, NULL, NULL, 103, 1300, 0, 2, E'If your employer was not listed above, please list it here', TRUE);
INSERT into forms_section_question (id, copied_from_id, weighted_val, is_required, is_visible, is_immutable, dependent_on_question_id, dependent_on_noanswer_question_id, if_answered_goto_question, answer_matches_goto_question, section_id, ordinal, sub_ordinal, question_type, question_text, is_active) VALUES (2079, NULL, 0, TRUE, TRUE, TRUE, NULL, NULL, NULL, NULL, 103, 1400, 0, 2, E'Job Title', TRUE);
INSERT into forms_section_question (id, copied_from_id, weighted_val, is_required, is_visible, is_immutable, dependent_on_question_id, dependent_on_noanswer_question_id, if_answered_goto_question, answer_matches_goto_question, section_id, ordinal, sub_ordinal, question_type, question_text, is_active) VALUES (2080, NULL, 0, TRUE, TRUE, TRUE, NULL, NULL, NULL, NULL, 103, 1500, 0, 4, E'Work Address', TRUE);
INSERT into forms_section_question (id, copied_from_id, weighted_val, is_required, is_visible, is_immutable, dependent_on_question_id, dependent_on_noanswer_question_id, if_answered_goto_question, answer_matches_goto_question, section_id, ordinal, sub_ordinal, question_type, question_text, is_active) VALUES (2081, NULL, 0, FALSE, TRUE, TRUE, NULL, NULL, NULL, NULL, 103, 1600, 0, 15, E'Demographic Information', TRUE);
INSERT into forms_section_question (id, copied_from_id, weighted_val, is_required, is_visible, is_immutable, dependent_on_question_id, dependent_on_noanswer_question_id, if_answered_goto_question, answer_matches_goto_question, section_id, ordinal, sub_ordinal, question_type, question_text, is_active) VALUES (2082, NULL, 0, TRUE, TRUE, TRUE, NULL, NULL, NULL, NULL, 103, 1700, 0, 14, E'What is your birthday?', TRUE);
INSERT into forms_section_question (id, copied_from_id, weighted_val, is_required, is_visible, is_immutable, dependent_on_question_id, dependent_on_noanswer_question_id, if_answered_goto_question, answer_matches_goto_question, section_id, ordinal, sub_ordinal, question_type, question_text, is_active) VALUES (2083, NULL, 0, TRUE, TRUE, TRUE, NULL, NULL, NULL, NULL, 103, 1800, 0, 6, E'With which gender do you most closely identify?', TRUE);
INSERT into forms_section_question (id, copied_from_id, weighted_val, is_required, is_visible, is_immutable, dependent_on_question_id, dependent_on_noanswer_question_id, if_answered_goto_question, answer_matches_goto_question, section_id, ordinal, sub_ordinal, question_type, question_text, is_active) VALUES (2084, NULL, 0, FALSE, FALSE, TRUE, 2083, NULL, NULL, NULL, 103, 1900, 0, 1, E'Please tell us more about how you identify so we can match you effectively.', TRUE);
INSERT into forms_section_question (id, copied_from_id, weighted_val, is_required, is_visible, is_immutable, dependent_on_question_id, dependent_on_noanswer_question_id, if_answered_goto_question, answer_matches_goto_question, section_id, ordinal, sub_ordinal, question_type, question_text, is_active) VALUES (2085, NULL, 0, TRUE, TRUE, TRUE, NULL, NULL, NULL, NULL, 103, 2000, 0, 19, E'With which race or races do you identify? (Check all that apply)', TRUE);
INSERT into forms_section_question (id, copied_from_id, weighted_val, is_required, is_visible, is_immutable, dependent_on_question_id, dependent_on_noanswer_question_id, if_answered_goto_question, answer_matches_goto_question, section_id, ordinal, sub_ordinal, question_type, question_text, is_active) VALUES (2086, NULL, 0, FALSE, TRUE, TRUE, NULL, NULL, NULL, NULL, 103, 2100, 0, 15, E'Program Information', TRUE);
INSERT into forms_section_question (id, copied_from_id, weighted_val, is_required, is_visible, is_immutable, dependent_on_question_id, dependent_on_noanswer_question_id, if_answered_goto_question, answer_matches_goto_question, section_id, ordinal, sub_ordinal, question_type, question_text, is_active) VALUES (2087, NULL, 0, TRUE, TRUE, TRUE, NULL, NULL, NULL, NULL, 103, 2200, 0, 6, E'We have partner high schools in San Jose and Oakland. Please tell us in which region(s) you are able to mentor.', TRUE);
INSERT into forms_section_question (id, copied_from_id, weighted_val, is_required, is_visible, is_immutable, dependent_on_question_id, dependent_on_noanswer_question_id, if_answered_goto_question, answer_matches_goto_question, section_id, ordinal, sub_ordinal, question_type, question_text, is_active) VALUES (2088, NULL, 0, FALSE, TRUE, TRUE, NULL, NULL, NULL, NULL, 103, 2250, 0, 7, E'What other ways are you interested in getting involved with iMentor? (Check all that apply)', TRUE);
INSERT into forms_section_question (id, copied_from_id, weighted_val, is_required, is_visible, is_immutable, dependent_on_question_id, dependent_on_noanswer_question_id, if_answered_goto_question, answer_matches_goto_question, section_id, ordinal, sub_ordinal, question_type, question_text, is_active) VALUES (2089, NULL, 0, FALSE, TRUE, TRUE, NULL, NULL, NULL, NULL, 103, 2400, 0, 5, E'Do you have access to a car?', TRUE);
INSERT into forms_section_question (id, copied_from_id, weighted_val, is_required, is_visible, is_immutable, dependent_on_question_id, dependent_on_noanswer_question_id, if_answered_goto_question, answer_matches_goto_question, section_id, ordinal, sub_ordinal, question_type, question_text, is_active) VALUES (2090, NULL, 0, FALSE, FALSE, TRUE, 2089, NULL, NULL, NULL, 103, 2500, 0, 1, E'If you drive a car would you be willing to transport others to iMentor monthly in person events?', TRUE);
INSERT into forms_section_question (id, copied_from_id, weighted_val, is_required, is_visible, is_immutable, dependent_on_question_id, dependent_on_noanswer_question_id, if_answered_goto_question, answer_matches_goto_question, section_id, ordinal, sub_ordinal, question_type, question_text, is_active) VALUES (2091, NULL, 0, FALSE, FALSE, TRUE, 2089, NULL, NULL, NULL, 103, 2600, 0, 1, E'If you do not drive a car would you be interested in carpooling with other mentors to iMentor monthly events?', TRUE);
INSERT into forms_section_question (id, copied_from_id, weighted_val, is_required, is_visible, is_immutable, dependent_on_question_id, dependent_on_noanswer_question_id, if_answered_goto_question, answer_matches_goto_question, section_id, ordinal, sub_ordinal, question_type, question_text, is_active) VALUES (2092, NULL, 0, FALSE, FALSE, TRUE, 2088, NULL, NULL, NULL, 103, 2275, 0, 1, E'Please share another way to get involved.', TRUE);
INSERT into forms_section_question (id, copied_from_id, weighted_val, is_required, is_visible, is_immutable, dependent_on_question_id, dependent_on_noanswer_question_id, if_answered_goto_question, answer_matches_goto_question, section_id, ordinal, sub_ordinal, question_type, question_text, is_active) VALUES (2093, NULL, 0, TRUE, TRUE, TRUE, NULL, NULL, NULL, NULL, 104, 100, 0, 5, E'Is this the first time you will be a mentor in a volunteer program?', TRUE);
INSERT into forms_section_question (id, copied_from_id, weighted_val, is_required, is_visible, is_immutable, dependent_on_question_id, dependent_on_noanswer_question_id, if_answered_goto_question, answer_matches_goto_question, section_id, ordinal, sub_ordinal, question_type, question_text, is_active) VALUES (2094, NULL, 0, TRUE, FALSE, TRUE, 2093, NULL, NULL, NULL, 104, 150, 0, 1, E'Please list all of the programs you have mentored with in the past:', TRUE);
INSERT into forms_section_question (id, copied_from_id, weighted_val, is_required, is_visible, is_immutable, dependent_on_question_id, dependent_on_noanswer_question_id, if_answered_goto_question, answer_matches_goto_question, section_id, ordinal, sub_ordinal, question_type, question_text, is_active) VALUES (2095, NULL, 0, FALSE, TRUE, TRUE, NULL, NULL, NULL, NULL, 104, 200, 0, 6, E'What is your annual household income?', TRUE);
INSERT into forms_section_question (id, copied_from_id, weighted_val, is_required, is_visible, is_immutable, dependent_on_question_id, dependent_on_noanswer_question_id, if_answered_goto_question, answer_matches_goto_question, section_id, ordinal, sub_ordinal, question_type, question_text, is_active) VALUES (2096, NULL, 0, TRUE, TRUE, TRUE, NULL, NULL, NULL, NULL, 104, 300, 0, 6, E'What was the highest level of education that you completed?', TRUE);
INSERT into forms_section_question (id, copied_from_id, weighted_val, is_required, is_visible, is_immutable, dependent_on_question_id, dependent_on_noanswer_question_id, if_answered_goto_question, answer_matches_goto_question, section_id, ordinal, sub_ordinal, question_type, question_text, is_active) VALUES (2097, NULL, 0, TRUE, FALSE, TRUE, 2096, NULL, NULL, NULL, 104, 350, 0, 16, E'As a college-success focused organization, we''ve found mentees benefit most from working with someone who has been through the process of graduating high school, completing a 2- or 4-year degree and transitioning to a career. Therefore, we ask all applicants to hold a minimum of a 2- or 4-year degree.', TRUE);
INSERT into forms_section_question (id, copied_from_id, weighted_val, is_required, is_visible, is_immutable, dependent_on_question_id, dependent_on_noanswer_question_id, if_answered_goto_question, answer_matches_goto_question, section_id, ordinal, sub_ordinal, question_type, question_text, is_active) VALUES (2098, NULL, 0, TRUE, TRUE, TRUE, NULL, NULL, NULL, NULL, 104, 400, 0, 12, E'At what schools (colleges and graduate schools) did you study?', TRUE);
INSERT into forms_section_question (id, copied_from_id, weighted_val, is_required, is_visible, is_immutable, dependent_on_question_id, dependent_on_noanswer_question_id, if_answered_goto_question, answer_matches_goto_question, section_id, ordinal, sub_ordinal, question_type, question_text, is_active) VALUES (2099, NULL, 0, TRUE, TRUE, TRUE, NULL, NULL, NULL, NULL, 104, 500, 0, 5, E'Did either of your parents (or guardians) graduate from college?', TRUE);
INSERT into forms_section_question (id, copied_from_id, weighted_val, is_required, is_visible, is_immutable, dependent_on_question_id, dependent_on_noanswer_question_id, if_answered_goto_question, answer_matches_goto_question, section_id, ordinal, sub_ordinal, question_type, question_text, is_active) VALUES (2100, NULL, 0, TRUE, TRUE, TRUE, NULL, NULL, NULL, NULL, 104, 600, 0, 5, E'Do you speak a language other than English?', TRUE);
INSERT into forms_section_question (id, copied_from_id, weighted_val, is_required, is_visible, is_immutable, dependent_on_question_id, dependent_on_noanswer_question_id, if_answered_goto_question, answer_matches_goto_question, section_id, ordinal, sub_ordinal, question_type, question_text, is_active) VALUES (2101, NULL, 0, FALSE, FALSE, TRUE, 2100, NULL, NULL, NULL, 104, 650, 0, 7, E'What are the languages (other than English) that you speak comfortably? (Check all that apply)', TRUE);
INSERT into forms_section_question (id, copied_from_id, weighted_val, is_required, is_visible, is_immutable, dependent_on_question_id, dependent_on_noanswer_question_id, if_answered_goto_question, answer_matches_goto_question, section_id, ordinal, sub_ordinal, question_type, question_text, is_active) VALUES (2102, NULL, 0, TRUE, TRUE, TRUE, NULL, NULL, NULL, NULL, 104, 1020, 0, 6, E'How did you hear about iMentor Bay Area?', TRUE);
INSERT into forms_section_question (id, copied_from_id, weighted_val, is_required, is_visible, is_immutable, dependent_on_question_id, dependent_on_noanswer_question_id, if_answered_goto_question, answer_matches_goto_question, section_id, ordinal, sub_ordinal, question_type, question_text, is_active) VALUES (2103, NULL, 0, FALSE, TRUE, TRUE, NULL, NULL, NULL, NULL, 104, 1110, 0, 2, E'Who referred you to iMentor Bay Area?', TRUE);
INSERT into forms_section_question (id, copied_from_id, weighted_val, is_required, is_visible, is_immutable, dependent_on_question_id, dependent_on_noanswer_question_id, if_answered_goto_question, answer_matches_goto_question, section_id, ordinal, sub_ordinal, question_type, question_text, is_active) VALUES (2104, NULL, 0, TRUE, TRUE, TRUE, NULL, NULL, NULL, NULL, 104, 1200, 0, 22, E'Where have you seen an iMentor ad? (Check all that apply)', TRUE);
INSERT into forms_section_question (id, copied_from_id, weighted_val, is_required, is_visible, is_immutable, dependent_on_question_id, dependent_on_noanswer_question_id, if_answered_goto_question, answer_matches_goto_question, section_id, ordinal, sub_ordinal, question_type, question_text, is_active) VALUES (2105, NULL, 0, FALSE, TRUE, TRUE, NULL, NULL, NULL, NULL, 105, 100, 0, 16, E'This page is all about getting to know you as a mentor - your personal and professional history, and traits or experiences you might share with your mentee. We ask mentees very similar questions and your shared answers determine a strong match. Please be honest and thorough - the more we know about you, the stronger the match will be!', TRUE);
INSERT into forms_section_question (id, copied_from_id, weighted_val, is_required, is_visible, is_immutable, dependent_on_question_id, dependent_on_noanswer_question_id, if_answered_goto_question, answer_matches_goto_question, section_id, ordinal, sub_ordinal, question_type, question_text, is_active) VALUES (2106, NULL, 0, FALSE, TRUE, TRUE, NULL, NULL, NULL, NULL, 105, 200, 0, 15, E'Career Interests', TRUE);
INSERT into forms_section_question (id, copied_from_id, weighted_val, is_required, is_visible, is_immutable, dependent_on_question_id, dependent_on_noanswer_question_id, if_answered_goto_question, answer_matches_goto_question, section_id, ordinal, sub_ordinal, question_type, question_text, is_active) VALUES (2107, NULL, 0, TRUE, TRUE, TRUE, NULL, NULL, NULL, NULL, 105, 300, 0, 17, E'Which of the following categories best represents your current career and job function?', TRUE);
INSERT into forms_section_question (id, copied_from_id, weighted_val, is_required, is_visible, is_immutable, dependent_on_question_id, dependent_on_noanswer_question_id, if_answered_goto_question, answer_matches_goto_question, section_id, ordinal, sub_ordinal, question_type, question_text, is_active) VALUES (2108, NULL, 0, TRUE, TRUE, TRUE, NULL, NULL, NULL, NULL, 105, 400, 0, 18, E'Please select any additional fields in which you have work experience. (Check all that apply)', TRUE);
INSERT into forms_section_question (id, copied_from_id, weighted_val, is_required, is_visible, is_immutable, dependent_on_question_id, dependent_on_noanswer_question_id, if_answered_goto_question, answer_matches_goto_question, section_id, ordinal, sub_ordinal, question_type, question_text, is_active) VALUES (2109, NULL, 0, TRUE, TRUE, TRUE, NULL, NULL, NULL, NULL, 105, 500, 0, 7, E'The following is a list of projects you might work on with your mentee. Please select at least two that you are excited to work on. (Check all that apply)', TRUE);
INSERT into forms_section_question (id, copied_from_id, weighted_val, is_required, is_visible, is_immutable, dependent_on_question_id, dependent_on_noanswer_question_id, if_answered_goto_question, answer_matches_goto_question, section_id, ordinal, sub_ordinal, question_type, question_text, is_active) VALUES (2110, NULL, 0, FALSE, TRUE, TRUE, NULL, NULL, NULL, NULL, 105, 600, 0, 15, E'Academic Interests', TRUE);
INSERT into forms_section_question (id, copied_from_id, weighted_val, is_required, is_visible, is_immutable, dependent_on_question_id, dependent_on_noanswer_question_id, if_answered_goto_question, answer_matches_goto_question, section_id, ordinal, sub_ordinal, question_type, question_text, is_active) VALUES (2111, NULL, 0, TRUE, TRUE, TRUE, NULL, NULL, NULL, NULL, 105, 700, 0, 20, E'Looking at the list below, which options most closely resemble your major(s), minor(s), or areas of focus during college and graduate school (if applicable)? (Check all that apply)', TRUE);
INSERT into forms_section_question (id, copied_from_id, weighted_val, is_required, is_visible, is_immutable, dependent_on_question_id, dependent_on_noanswer_question_id, if_answered_goto_question, answer_matches_goto_question, section_id, ordinal, sub_ordinal, question_type, question_text, is_active) VALUES (2112, NULL, 0, TRUE, TRUE, TRUE, NULL, NULL, NULL, NULL, 105, 800, 0, 20, E'Even if you did not focus on this area of study in college or graduate school, which academic subjects are you also interested in? (Check all that apply)', TRUE);
INSERT into forms_section_question (id, copied_from_id, weighted_val, is_required, is_visible, is_immutable, dependent_on_question_id, dependent_on_noanswer_question_id, if_answered_goto_question, answer_matches_goto_question, section_id, ordinal, sub_ordinal, question_type, question_text, is_active) VALUES (2113, NULL, 0, TRUE, TRUE, TRUE, NULL, NULL, NULL, NULL, 105, 900, 0, 7, E'Which of the following did you experience during high school/adolescence? (Check all that apply)', TRUE);
INSERT into forms_section_question (id, copied_from_id, weighted_val, is_required, is_visible, is_immutable, dependent_on_question_id, dependent_on_noanswer_question_id, if_answered_goto_question, answer_matches_goto_question, section_id, ordinal, sub_ordinal, question_type, question_text, is_active) VALUES (2114, NULL, 0, TRUE, TRUE, TRUE, NULL, NULL, NULL, NULL, 105, 1000, 0, 7, E'While we do not expect our mentors to be tutors, some students express a strong preference for a mentor with particular academic strengths. In which of the following academic subjects would you feel prepared to help your mentee improve their skills/understanding? (Check all that apply)', TRUE);
INSERT into forms_section_question (id, copied_from_id, weighted_val, is_required, is_visible, is_immutable, dependent_on_question_id, dependent_on_noanswer_question_id, if_answered_goto_question, answer_matches_goto_question, section_id, ordinal, sub_ordinal, question_type, question_text, is_active) VALUES (2115, NULL, 0, FALSE, TRUE, TRUE, NULL, NULL, NULL, NULL, 105, 1100, 0, 15, E'Personal Interests', TRUE);
INSERT into forms_section_question (id, copied_from_id, weighted_val, is_required, is_visible, is_immutable, dependent_on_question_id, dependent_on_noanswer_question_id, if_answered_goto_question, answer_matches_goto_question, section_id, ordinal, sub_ordinal, question_type, question_text, is_active) VALUES (2116, NULL, 0, TRUE, TRUE, TRUE, NULL, NULL, NULL, NULL, 105, 1200, 0, 7, E'Select all of the following personality traits that best describe you. (Check all that apply)', TRUE);
INSERT into forms_section_question (id, copied_from_id, weighted_val, is_required, is_visible, is_immutable, dependent_on_question_id, dependent_on_noanswer_question_id, if_answered_goto_question, answer_matches_goto_question, section_id, ordinal, sub_ordinal, question_type, question_text, is_active) VALUES (2117, NULL, 0, TRUE, TRUE, TRUE, NULL, NULL, NULL, NULL, 105, 1300, 0, 7, E'Which of the following have you experienced in your life? (Check all that apply)', TRUE);
INSERT into forms_section_question (id, copied_from_id, weighted_val, is_required, is_visible, is_immutable, dependent_on_question_id, dependent_on_noanswer_question_id, if_answered_goto_question, answer_matches_goto_question, section_id, ordinal, sub_ordinal, question_type, question_text, is_active) VALUES (2118, NULL, 0, TRUE, TRUE, TRUE, NULL, NULL, NULL, NULL, 105, 1400, 0, 7, E'Many mentees express a preference for a mentor who is experienced in handling the many challenges that teenagers face today. Of the following list of potential challenges, with which ones do you have experience? (Check all that apply)', TRUE);
INSERT into forms_section_question (id, copied_from_id, weighted_val, is_required, is_visible, is_immutable, dependent_on_question_id, dependent_on_noanswer_question_id, if_answered_goto_question, answer_matches_goto_question, section_id, ordinal, sub_ordinal, question_type, question_text, is_active) VALUES (2119, NULL, 0, TRUE, TRUE, TRUE, NULL, NULL, NULL, NULL, 105, 1500, 0, 7, E'What are your favorite things to do in your free time? (Check all that apply)', TRUE);
INSERT into forms_section_question (id, copied_from_id, weighted_val, is_required, is_visible, is_immutable, dependent_on_question_id, dependent_on_noanswer_question_id, if_answered_goto_question, answer_matches_goto_question, section_id, ordinal, sub_ordinal, question_type, question_text, is_active) VALUES (2120, NULL, 0, TRUE, TRUE, TRUE, NULL, NULL, NULL, NULL, 105, 1600, 0, 1, E'What else do you think we should know in order to find you the best possible match? Please tell us anything we didn''t learn from the previous questions.', TRUE);
INSERT into forms_section_question (id, copied_from_id, weighted_val, is_required, is_visible, is_immutable, dependent_on_question_id, dependent_on_noanswer_question_id, if_answered_goto_question, answer_matches_goto_question, section_id, ordinal, sub_ordinal, question_type, question_text, is_active) VALUES (2121, NULL, 0, TRUE, TRUE, TRUE, NULL, NULL, NULL, NULL, 106, 100, 0, 16, E'As an organization that works with young people, we try to collect all relevant information from applicants before they become mentors. While we will also run a background check, we ask applicants to self-disclose any history of convictions.', TRUE);
INSERT into forms_section_question (id, copied_from_id, weighted_val, is_required, is_visible, is_immutable, dependent_on_question_id, dependent_on_noanswer_question_id, if_answered_goto_question, answer_matches_goto_question, section_id, ordinal, sub_ordinal, question_type, question_text, is_active) VALUES (2122, NULL, 0, TRUE, TRUE, TRUE, NULL, NULL, NULL, NULL, 106, 200, 0, 5, E'Have you ever been convicted or pled no contest to a felony? NOTE: Any offenses omitted from this application may result in automatic disqualification from the volunteer screening process.', TRUE);
INSERT into forms_section_question (id, copied_from_id, weighted_val, is_required, is_visible, is_immutable, dependent_on_question_id, dependent_on_noanswer_question_id, if_answered_goto_question, answer_matches_goto_question, section_id, ordinal, sub_ordinal, question_type, question_text, is_active) VALUES (2123, NULL, 0, TRUE, FALSE, TRUE, 2122, NULL, NULL, NULL, 106, 300, 0, 1, E'Please explain. Include the date and nature of the crime and sentence, as well as the court and jurisdiction in which you were convicted.', TRUE);
INSERT into forms_section_question (id, copied_from_id, weighted_val, is_required, is_visible, is_immutable, dependent_on_question_id, dependent_on_noanswer_question_id, if_answered_goto_question, answer_matches_goto_question, section_id, ordinal, sub_ordinal, question_type, question_text, is_active) VALUES (2124, NULL, 0, TRUE, TRUE, TRUE, NULL, NULL, NULL, NULL, 106, 400, 0, 5, E'Have you ever been convicted or pled no contest to a misdemeanor? NOTE: Any offenses omitted from this application may result in automatic disqualification from the volunteer screening process.', TRUE);
INSERT into forms_section_question (id, copied_from_id, weighted_val, is_required, is_visible, is_immutable, dependent_on_question_id, dependent_on_noanswer_question_id, if_answered_goto_question, answer_matches_goto_question, section_id, ordinal, sub_ordinal, question_type, question_text, is_active) VALUES (2125, NULL, 0, TRUE, FALSE, TRUE, 2124, NULL, NULL, NULL, 106, 500, 0, 1, E'Please explain. Include the date and nature of the crime and sentence, as well as the court and jurisdiction in which you were convicted.', TRUE);
INSERT into forms_section_question (id, copied_from_id, weighted_val, is_required, is_visible, is_immutable, dependent_on_question_id, dependent_on_noanswer_question_id, if_answered_goto_question, answer_matches_goto_question, section_id, ordinal, sub_ordinal, question_type, question_text, is_active) VALUES (2126, NULL, 0, TRUE, TRUE, TRUE, NULL, NULL, NULL, NULL, 106, 600, 0, 5, E'Have you ever been terminated or otherwise disciplined, placed on probation, or warned not to continue engaging in certain conduct while volunteering with any agency (whether or not youth were involved?)', TRUE);
INSERT into forms_section_question (id, copied_from_id, weighted_val, is_required, is_visible, is_immutable, dependent_on_question_id, dependent_on_noanswer_question_id, if_answered_goto_question, answer_matches_goto_question, section_id, ordinal, sub_ordinal, question_type, question_text, is_active) VALUES (2127, NULL, 0, TRUE, FALSE, TRUE, 2126, NULL, NULL, NULL, 106, 700, 0, 1, E'Please explain and include the name of the organization.', TRUE);
INSERT into forms_section_question (id, copied_from_id, weighted_val, is_required, is_visible, is_immutable, dependent_on_question_id, dependent_on_noanswer_question_id, if_answered_goto_question, answer_matches_goto_question, section_id, ordinal, sub_ordinal, question_type, question_text, is_active) VALUES (2128, NULL, 0, TRUE, TRUE, TRUE, NULL, NULL, NULL, NULL, 106, 800, 0, 16, E'As a mentor, you will be an important person in your mentee''s life. We believe that our mentors should have an understanding of a variety of personal subjects including potentially challenging ones.', TRUE);
INSERT into forms_section_question (id, copied_from_id, weighted_val, is_required, is_visible, is_immutable, dependent_on_question_id, dependent_on_noanswer_question_id, if_answered_goto_question, answer_matches_goto_question, section_id, ordinal, sub_ordinal, question_type, question_text, is_active) VALUES (2129, NULL, 0, TRUE, TRUE, TRUE, NULL, NULL, NULL, NULL, 106, 900, 0, 1, E'Please use 2-3 sentences to describe your personal definition of emotional abuse.', TRUE);
INSERT into forms_section_question (id, copied_from_id, weighted_val, is_required, is_visible, is_immutable, dependent_on_question_id, dependent_on_noanswer_question_id, if_answered_goto_question, answer_matches_goto_question, section_id, ordinal, sub_ordinal, question_type, question_text, is_active) VALUES (2130, NULL, 0, TRUE, TRUE, TRUE, NULL, NULL, NULL, NULL, 106, 1000, 0, 1, E'Please use 2-3 sentences to describe your personal definition of physical abuse.', TRUE);
INSERT into forms_section_question (id, copied_from_id, weighted_val, is_required, is_visible, is_immutable, dependent_on_question_id, dependent_on_noanswer_question_id, if_answered_goto_question, answer_matches_goto_question, section_id, ordinal, sub_ordinal, question_type, question_text, is_active) VALUES (2131, NULL, 0, TRUE, TRUE, TRUE, NULL, NULL, NULL, NULL, 106, 1100, 0, 1, E'Please use 2-3 sentences to describe your personal definition of sexual abuse.', TRUE);
INSERT into forms_section_question (id, copied_from_id, weighted_val, is_required, is_visible, is_immutable, dependent_on_question_id, dependent_on_noanswer_question_id, if_answered_goto_question, answer_matches_goto_question, section_id, ordinal, sub_ordinal, question_type, question_text, is_active) VALUES (2132, NULL, 0, FALSE, TRUE, TRUE, NULL, NULL, NULL, NULL, 106, 1200, 0, 15, E'Reference Section', TRUE);
INSERT into forms_section_question (id, copied_from_id, weighted_val, is_required, is_visible, is_immutable, dependent_on_question_id, dependent_on_noanswer_question_id, if_answered_goto_question, answer_matches_goto_question, section_id, ordinal, sub_ordinal, question_type, question_text, is_active) VALUES (2133, NULL, 0, FALSE, TRUE, TRUE, NULL, NULL, NULL, NULL, 106, 1300, 0, 16, E'To find great mentors for our students, it''s important to learn out about our applicants from the people who know them best. Please provide 3 references who have known you for at least 6 months. References can include friends, colleagues, employers, professors, roommates, et cetera. We will contact your references via email or phone once you submit your application. If you have questions about our how we use references, find out more about our application process <a href="https://learn.imentor.org/help/article/link/frequently-asked-questions-about-the-mentor-application" target="_blank">here</a>.', TRUE);
INSERT into forms_section_question (id, copied_from_id, weighted_val, is_required, is_visible, is_immutable, dependent_on_question_id, dependent_on_noanswer_question_id, if_answered_goto_question, answer_matches_goto_question, section_id, ordinal, sub_ordinal, question_type, question_text, is_active) VALUES (2134, NULL, 0, TRUE, TRUE, TRUE, NULL, NULL, NULL, NULL, 106, 1750, 0, 15, E'First Reference', TRUE);
INSERT into forms_section_question (id, copied_from_id, weighted_val, is_required, is_visible, is_immutable, dependent_on_question_id, dependent_on_noanswer_question_id, if_answered_goto_question, answer_matches_goto_question, section_id, ordinal, sub_ordinal, question_type, question_text, is_active) VALUES (2135, NULL, 0, TRUE, TRUE, TRUE, NULL, NULL, NULL, NULL, 106, 1800, 0, 2, E'Full Name', TRUE);
INSERT into forms_section_question (id, copied_from_id, weighted_val, is_required, is_visible, is_immutable, dependent_on_question_id, dependent_on_noanswer_question_id, if_answered_goto_question, answer_matches_goto_question, section_id, ordinal, sub_ordinal, question_type, question_text, is_active) VALUES (2136, NULL, 0, TRUE, TRUE, TRUE, NULL, NULL, NULL, NULL, 106, 1900, 0, 2, E'Email Address', TRUE);
INSERT into forms_section_question (id, copied_from_id, weighted_val, is_required, is_visible, is_immutable, dependent_on_question_id, dependent_on_noanswer_question_id, if_answered_goto_question, answer_matches_goto_question, section_id, ordinal, sub_ordinal, question_type, question_text, is_active) VALUES (2137, NULL, 0, TRUE, TRUE, TRUE, NULL, NULL, NULL, NULL, 106, 2000, 0, 3, E'Mobile/Home Phone Number', TRUE);
INSERT into forms_section_question (id, copied_from_id, weighted_val, is_required, is_visible, is_immutable, dependent_on_question_id, dependent_on_noanswer_question_id, if_answered_goto_question, answer_matches_goto_question, section_id, ordinal, sub_ordinal, question_type, question_text, is_active) VALUES (2138, NULL, 0, TRUE, TRUE, TRUE, NULL, NULL, NULL, NULL, 106, 2110, 0, 6, E'What is your relationship to this person?', TRUE);
INSERT into forms_section_question (id, copied_from_id, weighted_val, is_required, is_visible, is_immutable, dependent_on_question_id, dependent_on_noanswer_question_id, if_answered_goto_question, answer_matches_goto_question, section_id, ordinal, sub_ordinal, question_type, question_text, is_active) VALUES (2139, NULL, 0, TRUE, TRUE, TRUE, NULL, NULL, NULL, NULL, 106, 2150, 0, 15, E'Second Reference', TRUE);
INSERT into forms_section_question (id, copied_from_id, weighted_val, is_required, is_visible, is_immutable, dependent_on_question_id, dependent_on_noanswer_question_id, if_answered_goto_question, answer_matches_goto_question, section_id, ordinal, sub_ordinal, question_type, question_text, is_active) VALUES (2140, NULL, 0, TRUE, TRUE, TRUE, NULL, NULL, NULL, NULL, 106, 2200, 0, 2, E'Full Name', TRUE);
INSERT into forms_section_question (id, copied_from_id, weighted_val, is_required, is_visible, is_immutable, dependent_on_question_id, dependent_on_noanswer_question_id, if_answered_goto_question, answer_matches_goto_question, section_id, ordinal, sub_ordinal, question_type, question_text, is_active) VALUES (2141, NULL, 0, TRUE, TRUE, TRUE, NULL, NULL, NULL, NULL, 106, 2300, 0, 2, E'Email Address', TRUE);
INSERT into forms_section_question (id, copied_from_id, weighted_val, is_required, is_visible, is_immutable, dependent_on_question_id, dependent_on_noanswer_question_id, if_answered_goto_question, answer_matches_goto_question, section_id, ordinal, sub_ordinal, question_type, question_text, is_active) VALUES (2142, NULL, 0, TRUE, TRUE, TRUE, NULL, NULL, NULL, NULL, 106, 2400, 0, 3, E'Mobile/Home Phone Number', TRUE);
INSERT into forms_section_question (id, copied_from_id, weighted_val, is_required, is_visible, is_immutable, dependent_on_question_id, dependent_on_noanswer_question_id, if_answered_goto_question, answer_matches_goto_question, section_id, ordinal, sub_ordinal, question_type, question_text, is_active) VALUES (2143, NULL, 0, TRUE, TRUE, TRUE, NULL, NULL, NULL, NULL, 106, 2510, 0, 6, E'What is your relationship to this person?', TRUE);
INSERT into forms_section_question (id, copied_from_id, weighted_val, is_required, is_visible, is_immutable, dependent_on_question_id, dependent_on_noanswer_question_id, if_answered_goto_question, answer_matches_goto_question, section_id, ordinal, sub_ordinal, question_type, question_text, is_active) VALUES (2144, NULL, 0, TRUE, TRUE, TRUE, NULL, NULL, NULL, NULL, 106, 2550, 0, 15, E'Third Reference', TRUE);
INSERT into forms_section_question (id, copied_from_id, weighted_val, is_required, is_visible, is_immutable, dependent_on_question_id, dependent_on_noanswer_question_id, if_answered_goto_question, answer_matches_goto_question, section_id, ordinal, sub_ordinal, question_type, question_text, is_active) VALUES (2145, NULL, 0, TRUE, TRUE, TRUE, NULL, NULL, NULL, NULL, 106, 2600, 0, 2, E'Full Name', TRUE);
INSERT into forms_section_question (id, copied_from_id, weighted_val, is_required, is_visible, is_immutable, dependent_on_question_id, dependent_on_noanswer_question_id, if_answered_goto_question, answer_matches_goto_question, section_id, ordinal, sub_ordinal, question_type, question_text, is_active) VALUES (2146, NULL, 0, TRUE, TRUE, TRUE, NULL, NULL, NULL, NULL, 106, 2700, 0, 2, E'Email Address', TRUE);
INSERT into forms_section_question (id, copied_from_id, weighted_val, is_required, is_visible, is_immutable, dependent_on_question_id, dependent_on_noanswer_question_id, if_answered_goto_question, answer_matches_goto_question, section_id, ordinal, sub_ordinal, question_type, question_text, is_active) VALUES (2147, NULL, 0, TRUE, TRUE, TRUE, NULL, NULL, NULL, NULL, 106, 2800, 0, 3, E'Mobile/Home Phone Number', TRUE);
INSERT into forms_section_question (id, copied_from_id, weighted_val, is_required, is_visible, is_immutable, dependent_on_question_id, dependent_on_noanswer_question_id, if_answered_goto_question, answer_matches_goto_question, section_id, ordinal, sub_ordinal, question_type, question_text, is_active) VALUES (2148, NULL, 0, TRUE, TRUE, TRUE, NULL, NULL, NULL, NULL, 106, 2910, 0, 6, E'What is your relationship to this person?', TRUE);

INSERT INTO forms_section_answer (id, copied_from_id, ordinal, question_id, is_immutable, answer_text, answer_char, answer_bool, answer_int, answer_datetime, is_from_query, is_active) VALUES (6985, NULL, 100, 2070, TRUE, 'Yes', NULL, NULL, NULL, NULL, FALSE, TRUE);
INSERT INTO forms_section_answer (id, copied_from_id, ordinal, question_id, is_immutable, answer_text, answer_char, answer_bool, answer_int, answer_datetime, is_from_query, is_active) VALUES (6986, NULL, 200, 2070, TRUE, 'No', NULL, NULL, NULL, NULL, FALSE, TRUE);
INSERT INTO forms_section_answer (id, copied_from_id, ordinal, question_id, is_immutable, answer_text, answer_char, answer_bool, answer_int, answer_datetime, is_from_query, is_active) VALUES (6987, NULL, 100, 2072, TRUE, 'Yes', NULL, NULL, NULL, NULL, FALSE, TRUE);
INSERT INTO forms_section_answer (id, copied_from_id, ordinal, question_id, is_immutable, answer_text, answer_char, answer_bool, answer_int, answer_datetime, is_from_query, is_active) VALUES (6988, NULL, 200, 2072, TRUE, 'No', NULL, NULL, NULL, NULL, FALSE, TRUE);
INSERT INTO forms_section_answer (id, copied_from_id, ordinal, question_id, is_immutable, answer_text, answer_char, answer_bool, answer_int, answer_datetime, is_from_query, is_active) VALUES (6989, NULL, 100, 2073, TRUE, 'Yes', NULL, NULL, NULL, NULL, FALSE, TRUE);
INSERT INTO forms_section_answer (id, copied_from_id, ordinal, question_id, is_immutable, answer_text, answer_char, answer_bool, answer_int, answer_datetime, is_from_query, is_active) VALUES (6990, NULL, 200, 2073, TRUE, 'No', NULL, NULL, NULL, NULL, FALSE, TRUE);
INSERT INTO forms_section_answer (id, copied_from_id, ordinal, question_id, is_immutable, answer_text, answer_char, answer_bool, answer_int, answer_datetime, is_from_query, is_active) VALUES (6991, NULL, 100, 2075, TRUE, 'Manhattan', NULL, NULL, NULL, NULL, FALSE, FALSE);
INSERT INTO forms_section_answer (id, copied_from_id, ordinal, question_id, is_immutable, answer_text, answer_char, answer_bool, answer_int, answer_datetime, is_from_query, is_active) VALUES (6992, NULL, 200, 2075, TRUE, 'Brooklyn', NULL, NULL, NULL, NULL, FALSE, FALSE);
INSERT INTO forms_section_answer (id, copied_from_id, ordinal, question_id, is_immutable, answer_text, answer_char, answer_bool, answer_int, answer_datetime, is_from_query, is_active) VALUES (6993, NULL, 300, 2075, TRUE, 'Bronx', NULL, NULL, NULL, NULL, FALSE, FALSE);
INSERT INTO forms_section_answer (id, copied_from_id, ordinal, question_id, is_immutable, answer_text, answer_char, answer_bool, answer_int, answer_datetime, is_from_query, is_active) VALUES (6994, NULL, 400, 2075, TRUE, 'Queens', NULL, NULL, NULL, NULL, FALSE, FALSE);
INSERT INTO forms_section_answer (id, copied_from_id, ordinal, question_id, is_immutable, answer_text, answer_char, answer_bool, answer_int, answer_datetime, is_from_query, is_active) VALUES (6995, NULL, 500, 2075, TRUE, 'Staten Island', NULL, NULL, NULL, NULL, FALSE, FALSE);
INSERT INTO forms_section_answer (id, copied_from_id, ordinal, question_id, is_immutable, answer_text, answer_char, answer_bool, answer_int, answer_datetime, is_from_query, is_active) VALUES (6996, NULL, 600, 2075, TRUE, 'Long Island', NULL, NULL, NULL, NULL, FALSE, FALSE);
INSERT INTO forms_section_answer (id, copied_from_id, ordinal, question_id, is_immutable, answer_text, answer_char, answer_bool, answer_int, answer_datetime, is_from_query, is_active) VALUES (6997, NULL, 700, 2075, TRUE, 'New Jersey', NULL, NULL, NULL, NULL, FALSE, FALSE);
INSERT INTO forms_section_answer (id, copied_from_id, ordinal, question_id, is_immutable, answer_text, answer_char, answer_bool, answer_int, answer_datetime, is_from_query, is_active) VALUES (6998, NULL, 800, 2075, TRUE, 'Westchester', NULL, NULL, NULL, NULL, FALSE, FALSE);
INSERT INTO forms_section_answer (id, copied_from_id, ordinal, question_id, is_immutable, answer_text, answer_char, answer_bool, answer_int, answer_datetime, is_from_query, is_active) VALUES (6999, NULL, 900, 2075, TRUE, 'Connecticut', NULL, NULL, NULL, NULL, FALSE, FALSE);
INSERT INTO forms_section_answer (id, copied_from_id, ordinal, question_id, is_immutable, answer_text, answer_char, answer_bool, answer_int, answer_datetime, is_from_query, is_active) VALUES (7000, NULL, 1000, 2075, TRUE, 'Other', NULL, NULL, NULL, NULL, FALSE, FALSE);
INSERT INTO forms_section_answer (id, copied_from_id, ordinal, question_id, is_immutable, answer_text, answer_char, answer_bool, answer_int, answer_datetime, is_from_query, is_active) VALUES (7001, NULL, 100, 2083, TRUE, 'Male', NULL, NULL, NULL, NULL, FALSE, TRUE);
INSERT INTO forms_section_answer (id, copied_from_id, ordinal, question_id, is_immutable, answer_text, answer_char, answer_bool, answer_int, answer_datetime, is_from_query, is_active) VALUES (7002, NULL, 200, 2083, TRUE, 'Female', NULL, NULL, NULL, NULL, FALSE, TRUE);
INSERT INTO forms_section_answer (id, copied_from_id, ordinal, question_id, is_immutable, answer_text, answer_char, answer_bool, answer_int, answer_datetime, is_from_query, is_active) VALUES (7003, NULL, 300, 2083, TRUE, 'Neither, I identify as...', NULL, NULL, NULL, NULL, FALSE, TRUE);
INSERT INTO forms_section_answer (id, copied_from_id, ordinal, question_id, is_immutable, answer_text, answer_char, answer_bool, answer_int, answer_datetime, is_from_query, is_active) VALUES (7004, NULL, 100, 2075, TRUE, 'My work address', NULL, NULL, NULL, NULL, FALSE, FALSE);
INSERT INTO forms_section_answer (id, copied_from_id, ordinal, question_id, is_immutable, answer_text, answer_char, answer_bool, answer_int, answer_datetime, is_from_query, is_active) VALUES (7005, NULL, 200, 2075, TRUE, 'My home address', NULL, NULL, NULL, NULL, FALSE, FALSE);
INSERT INTO forms_section_answer (id, copied_from_id, ordinal, question_id, is_immutable, answer_text, answer_char, answer_bool, answer_int, answer_datetime, is_from_query, is_active) VALUES (7006, NULL, 100, 2075, TRUE, 'PATH/NJ Transit', NULL, NULL, NULL, NULL, FALSE, FALSE);
INSERT INTO forms_section_answer (id, copied_from_id, ordinal, question_id, is_immutable, answer_text, answer_char, answer_bool, answer_int, answer_datetime, is_from_query, is_active) VALUES (7007, NULL, 200, 2075, TRUE, 'LIRR', NULL, NULL, NULL, NULL, FALSE, FALSE);
INSERT INTO forms_section_answer (id, copied_from_id, ordinal, question_id, is_immutable, answer_text, answer_char, answer_bool, answer_int, answer_datetime, is_from_query, is_active) VALUES (7008, NULL, 300, 2075, TRUE, 'Metro North', NULL, NULL, NULL, NULL, FALSE, FALSE);
INSERT INTO forms_section_answer (id, copied_from_id, ordinal, question_id, is_immutable, answer_text, answer_char, answer_bool, answer_int, answer_datetime, is_from_query, is_active) VALUES (7009, NULL, 400, 2075, TRUE, '37623', NULL, NULL, NULL, NULL, FALSE, FALSE);
INSERT INTO forms_section_answer (id, copied_from_id, ordinal, question_id, is_immutable, answer_text, answer_char, answer_bool, answer_int, answer_datetime, is_from_query, is_active) VALUES (7010, NULL, 500, 2075, TRUE, '38812', NULL, NULL, NULL, NULL, FALSE, FALSE);
INSERT INTO forms_section_answer (id, copied_from_id, ordinal, question_id, is_immutable, answer_text, answer_char, answer_bool, answer_int, answer_datetime, is_from_query, is_active) VALUES (7011, NULL, 600, 2075, TRUE, '7', NULL, NULL, NULL, NULL, FALSE, FALSE);
INSERT INTO forms_section_answer (id, copied_from_id, ordinal, question_id, is_immutable, answer_text, answer_char, answer_bool, answer_int, answer_datetime, is_from_query, is_active) VALUES (7012, NULL, 700, 2075, TRUE, 'A/C/E', NULL, NULL, NULL, NULL, FALSE, FALSE);
INSERT INTO forms_section_answer (id, copied_from_id, ordinal, question_id, is_immutable, answer_text, answer_char, answer_bool, answer_int, answer_datetime, is_from_query, is_active) VALUES (7013, NULL, 800, 2075, TRUE, 'B/D', NULL, NULL, NULL, NULL, FALSE, FALSE);
INSERT INTO forms_section_answer (id, copied_from_id, ordinal, question_id, is_immutable, answer_text, answer_char, answer_bool, answer_int, answer_datetime, is_from_query, is_active) VALUES (7014, NULL, 900, 2075, TRUE, 'F', NULL, NULL, NULL, NULL, FALSE, FALSE);
INSERT INTO forms_section_answer (id, copied_from_id, ordinal, question_id, is_immutable, answer_text, answer_char, answer_bool, answer_int, answer_datetime, is_from_query, is_active) VALUES (7015, NULL, 1000, 2075, TRUE, 'G', NULL, NULL, NULL, NULL, FALSE, FALSE);
INSERT INTO forms_section_answer (id, copied_from_id, ordinal, question_id, is_immutable, answer_text, answer_char, answer_bool, answer_int, answer_datetime, is_from_query, is_active) VALUES (7016, NULL, 1100, 2075, TRUE, 'L', NULL, NULL, NULL, NULL, FALSE, FALSE);
INSERT INTO forms_section_answer (id, copied_from_id, ordinal, question_id, is_immutable, answer_text, answer_char, answer_bool, answer_int, answer_datetime, is_from_query, is_active) VALUES (7017, NULL, 1200, 2075, TRUE, 'M', NULL, NULL, NULL, NULL, FALSE, FALSE);
INSERT INTO forms_section_answer (id, copied_from_id, ordinal, question_id, is_immutable, answer_text, answer_char, answer_bool, answer_int, answer_datetime, is_from_query, is_active) VALUES (7018, NULL, 1300, 2075, TRUE, 'N/Q/R', NULL, NULL, NULL, NULL, FALSE, FALSE);
INSERT INTO forms_section_answer (id, copied_from_id, ordinal, question_id, is_immutable, answer_text, answer_char, answer_bool, answer_int, answer_datetime, is_from_query, is_active) VALUES (7019, NULL, 1400, 2075, TRUE, 'J/Z', NULL, NULL, NULL, NULL, FALSE, FALSE);
INSERT INTO forms_section_answer (id, copied_from_id, ordinal, question_id, is_immutable, answer_text, answer_char, answer_bool, answer_int, answer_datetime, is_from_query, is_active) VALUES (7020, NULL, 100, 2087, TRUE, 'Either San Jose or Oakland', NULL, NULL, NULL, NULL, FALSE, TRUE);
INSERT INTO forms_section_answer (id, copied_from_id, ordinal, question_id, is_immutable, answer_text, answer_char, answer_bool, answer_int, answer_datetime, is_from_query, is_active) VALUES (7021, NULL, 200, 2087, TRUE, 'Either but prefer San Jose', NULL, NULL, NULL, NULL, FALSE, TRUE);
INSERT INTO forms_section_answer (id, copied_from_id, ordinal, question_id, is_immutable, answer_text, answer_char, answer_bool, answer_int, answer_datetime, is_from_query, is_active) VALUES (7022, NULL, 300, 2087, TRUE, 'Either but prefer Oakland', NULL, NULL, NULL, NULL, FALSE, TRUE);
INSERT INTO forms_section_answer (id, copied_from_id, ordinal, question_id, is_immutable, answer_text, answer_char, answer_bool, answer_int, answer_datetime, is_from_query, is_active) VALUES (7023, NULL, 400, 2087, TRUE, 'Only San Jose', NULL, NULL, NULL, NULL, FALSE, TRUE);
INSERT INTO forms_section_answer (id, copied_from_id, ordinal, question_id, is_immutable, answer_text, answer_char, answer_bool, answer_int, answer_datetime, is_from_query, is_active) VALUES (7024, NULL, 500, 2087, TRUE, 'Only Oakland', NULL, NULL, NULL, NULL, FALSE, TRUE);
INSERT INTO forms_section_answer (id, copied_from_id, ordinal, question_id, is_immutable, answer_text, answer_char, answer_bool, answer_int, answer_datetime, is_from_query, is_active) VALUES (7025, NULL, 100, 2088, TRUE, 'Networking', NULL, NULL, NULL, NULL, FALSE, TRUE);
INSERT INTO forms_section_answer (id, copied_from_id, ordinal, question_id, is_immutable, answer_text, answer_char, answer_bool, answer_int, answer_datetime, is_from_query, is_active) VALUES (7026, NULL, 200, 2088, TRUE, 'Fundraising', NULL, NULL, NULL, NULL, FALSE, TRUE);
INSERT INTO forms_section_answer (id, copied_from_id, ordinal, question_id, is_immutable, answer_text, answer_char, answer_bool, answer_int, answer_datetime, is_from_query, is_active) VALUES (7027, NULL, 300, 2088, TRUE, 'Hosting an Event', NULL, NULL, NULL, NULL, FALSE, TRUE);
INSERT INTO forms_section_answer (id, copied_from_id, ordinal, question_id, is_immutable, answer_text, answer_char, answer_bool, answer_int, answer_datetime, is_from_query, is_active) VALUES (7028, NULL, 400, 2088, TRUE, 'Mentor Recruitment', NULL, NULL, NULL, NULL, FALSE, TRUE);
INSERT INTO forms_section_answer (id, copied_from_id, ordinal, question_id, is_immutable, answer_text, answer_char, answer_bool, answer_int, answer_datetime, is_from_query, is_active) VALUES (7029, NULL, 500, 2088, TRUE, 'Other', NULL, NULL, NULL, NULL, FALSE, TRUE);
INSERT INTO forms_section_answer (id, copied_from_id, ordinal, question_id, is_immutable, answer_text, answer_char, answer_bool, answer_int, answer_datetime, is_from_query, is_active) VALUES (7030, NULL, 100, 2089, TRUE, 'Yes', NULL, NULL, NULL, NULL, FALSE, TRUE);
INSERT INTO forms_section_answer (id, copied_from_id, ordinal, question_id, is_immutable, answer_text, answer_char, answer_bool, answer_int, answer_datetime, is_from_query, is_active) VALUES (7031, NULL, 200, 2089, TRUE, 'No', NULL, NULL, NULL, NULL, FALSE, TRUE);
INSERT INTO forms_section_answer (id, copied_from_id, ordinal, question_id, is_immutable, answer_text, answer_char, answer_bool, answer_int, answer_datetime, is_from_query, is_active) VALUES (7032, NULL, 100, 2093, TRUE, 'Yes', NULL, NULL, NULL, NULL, FALSE, TRUE);
INSERT INTO forms_section_answer (id, copied_from_id, ordinal, question_id, is_immutable, answer_text, answer_char, answer_bool, answer_int, answer_datetime, is_from_query, is_active) VALUES (7033, NULL, 200, 2093, TRUE, 'No', NULL, NULL, NULL, NULL, FALSE, TRUE);
INSERT INTO forms_section_answer (id, copied_from_id, ordinal, question_id, is_immutable, answer_text, answer_char, answer_bool, answer_int, answer_datetime, is_from_query, is_active) VALUES (7034, NULL, 100, 2095, TRUE, 'Less than $50,000', NULL, NULL, NULL, NULL, FALSE, TRUE);
INSERT INTO forms_section_answer (id, copied_from_id, ordinal, question_id, is_immutable, answer_text, answer_char, answer_bool, answer_int, answer_datetime, is_from_query, is_active) VALUES (7035, NULL, 200, 2095, TRUE, '$51,000 - $75,000', NULL, NULL, NULL, NULL, FALSE, TRUE);
INSERT INTO forms_section_answer (id, copied_from_id, ordinal, question_id, is_immutable, answer_text, answer_char, answer_bool, answer_int, answer_datetime, is_from_query, is_active) VALUES (7036, NULL, 300, 2095, TRUE, '$76,000 - $100,000', NULL, NULL, NULL, NULL, FALSE, TRUE);
INSERT INTO forms_section_answer (id, copied_from_id, ordinal, question_id, is_immutable, answer_text, answer_char, answer_bool, answer_int, answer_datetime, is_from_query, is_active) VALUES (7037, NULL, 400, 2095, TRUE, '$101,000 - $200,000', NULL, NULL, NULL, NULL, FALSE, TRUE);
INSERT INTO forms_section_answer (id, copied_from_id, ordinal, question_id, is_immutable, answer_text, answer_char, answer_bool, answer_int, answer_datetime, is_from_query, is_active) VALUES (7038, NULL, 500, 2095, TRUE, '$201,000 - $300,000', NULL, NULL, NULL, NULL, FALSE, TRUE);
INSERT INTO forms_section_answer (id, copied_from_id, ordinal, question_id, is_immutable, answer_text, answer_char, answer_bool, answer_int, answer_datetime, is_from_query, is_active) VALUES (7039, NULL, 600, 2095, TRUE, '$301,000 - $500,000', NULL, NULL, NULL, NULL, FALSE, TRUE);
INSERT INTO forms_section_answer (id, copied_from_id, ordinal, question_id, is_immutable, answer_text, answer_char, answer_bool, answer_int, answer_datetime, is_from_query, is_active) VALUES (7040, NULL, 700, 2095, TRUE, '$501,000 and above', NULL, NULL, NULL, NULL, FALSE, TRUE);
INSERT INTO forms_section_answer (id, copied_from_id, ordinal, question_id, is_immutable, answer_text, answer_char, answer_bool, answer_int, answer_datetime, is_from_query, is_active) VALUES (7041, NULL, 100, 2096, TRUE, 'High School Diploma', NULL, NULL, NULL, NULL, FALSE, TRUE);
INSERT INTO forms_section_answer (id, copied_from_id, ordinal, question_id, is_immutable, answer_text, answer_char, answer_bool, answer_int, answer_datetime, is_from_query, is_active) VALUES (7042, NULL, 200, 2096, TRUE, '2-year college degree (Associate''s)', NULL, NULL, NULL, NULL, FALSE, TRUE);
INSERT INTO forms_section_answer (id, copied_from_id, ordinal, question_id, is_immutable, answer_text, answer_char, answer_bool, answer_int, answer_datetime, is_from_query, is_active) VALUES (7043, NULL, 300, 2096, TRUE, '4-year college degree (Bachelor''s)', NULL, NULL, NULL, NULL, FALSE, TRUE);
INSERT INTO forms_section_answer (id, copied_from_id, ordinal, question_id, is_immutable, answer_text, answer_char, answer_bool, answer_int, answer_datetime, is_from_query, is_active) VALUES (7044, NULL, 400, 2096, TRUE, 'Master''s Degree (MBA, MPA, MA, etc.)', NULL, NULL, NULL, NULL, FALSE, TRUE);
INSERT INTO forms_section_answer (id, copied_from_id, ordinal, question_id, is_immutable, answer_text, answer_char, answer_bool, answer_int, answer_datetime, is_from_query, is_active) VALUES (7045, NULL, 500, 2096, TRUE, 'PhD, JD, or MD', NULL, NULL, NULL, NULL, FALSE, TRUE);
INSERT INTO forms_section_answer (id, copied_from_id, ordinal, question_id, is_immutable, answer_text, answer_char, answer_bool, answer_int, answer_datetime, is_from_query, is_active) VALUES (7046, NULL, 100, 2099, TRUE, 'Yes', NULL, NULL, NULL, NULL, FALSE, TRUE);
INSERT INTO forms_section_answer (id, copied_from_id, ordinal, question_id, is_immutable, answer_text, answer_char, answer_bool, answer_int, answer_datetime, is_from_query, is_active) VALUES (7047, NULL, 200, 2099, TRUE, 'No', NULL, NULL, NULL, NULL, FALSE, TRUE);
INSERT INTO forms_section_answer (id, copied_from_id, ordinal, question_id, is_immutable, answer_text, answer_char, answer_bool, answer_int, answer_datetime, is_from_query, is_active) VALUES (7048, NULL, 100, 2100, TRUE, 'Yes', NULL, NULL, NULL, NULL, FALSE, TRUE);
INSERT INTO forms_section_answer (id, copied_from_id, ordinal, question_id, is_immutable, answer_text, answer_char, answer_bool, answer_int, answer_datetime, is_from_query, is_active) VALUES (7049, NULL, 200, 2100, TRUE, 'No', NULL, NULL, NULL, NULL, FALSE, TRUE);
INSERT INTO forms_section_answer (id, copied_from_id, ordinal, question_id, is_immutable, answer_text, answer_char, answer_bool, answer_int, answer_datetime, is_from_query, is_active) VALUES (7050, NULL, 100, 2101, TRUE, 'Arabic', NULL, NULL, NULL, NULL, FALSE, TRUE);
INSERT INTO forms_section_answer (id, copied_from_id, ordinal, question_id, is_immutable, answer_text, answer_char, answer_bool, answer_int, answer_datetime, is_from_query, is_active) VALUES (7051, NULL, 200, 2101, TRUE, 'Cantonese', NULL, NULL, NULL, NULL, FALSE, TRUE);
INSERT INTO forms_section_answer (id, copied_from_id, ordinal, question_id, is_immutable, answer_text, answer_char, answer_bool, answer_int, answer_datetime, is_from_query, is_active) VALUES (7052, NULL, 300, 2101, TRUE, 'Creole', NULL, NULL, NULL, NULL, FALSE, TRUE);
INSERT INTO forms_section_answer (id, copied_from_id, ordinal, question_id, is_immutable, answer_text, answer_char, answer_bool, answer_int, answer_datetime, is_from_query, is_active) VALUES (7053, NULL, 400, 2101, TRUE, 'French', NULL, NULL, NULL, NULL, FALSE, TRUE);
INSERT INTO forms_section_answer (id, copied_from_id, ordinal, question_id, is_immutable, answer_text, answer_char, answer_bool, answer_int, answer_datetime, is_from_query, is_active) VALUES (7054, NULL, 500, 2101, TRUE, 'German', NULL, NULL, NULL, NULL, FALSE, TRUE);
INSERT INTO forms_section_answer (id, copied_from_id, ordinal, question_id, is_immutable, answer_text, answer_char, answer_bool, answer_int, answer_datetime, is_from_query, is_active) VALUES (7055, NULL, 600, 2101, TRUE, 'Greek', NULL, NULL, NULL, NULL, FALSE, TRUE);
INSERT INTO forms_section_answer (id, copied_from_id, ordinal, question_id, is_immutable, answer_text, answer_char, answer_bool, answer_int, answer_datetime, is_from_query, is_active) VALUES (7056, NULL, 700, 2101, TRUE, 'Hebrew', NULL, NULL, NULL, NULL, FALSE, TRUE);
INSERT INTO forms_section_answer (id, copied_from_id, ordinal, question_id, is_immutable, answer_text, answer_char, answer_bool, answer_int, answer_datetime, is_from_query, is_active) VALUES (7057, NULL, 800, 2101, TRUE, 'Hindi', NULL, NULL, NULL, NULL, FALSE, TRUE);
INSERT INTO forms_section_answer (id, copied_from_id, ordinal, question_id, is_immutable, answer_text, answer_char, answer_bool, answer_int, answer_datetime, is_from_query, is_active) VALUES (7058, NULL, 900, 2101, TRUE, 'Hungarian', NULL, NULL, NULL, NULL, FALSE, TRUE);
INSERT INTO forms_section_answer (id, copied_from_id, ordinal, question_id, is_immutable, answer_text, answer_char, answer_bool, answer_int, answer_datetime, is_from_query, is_active) VALUES (7059, NULL, 1000, 2101, TRUE, 'Italian', NULL, NULL, NULL, NULL, FALSE, TRUE);
INSERT INTO forms_section_answer (id, copied_from_id, ordinal, question_id, is_immutable, answer_text, answer_char, answer_bool, answer_int, answer_datetime, is_from_query, is_active) VALUES (7060, NULL, 1100, 2101, TRUE, 'Japanese', NULL, NULL, NULL, NULL, FALSE, TRUE);
INSERT INTO forms_section_answer (id, copied_from_id, ordinal, question_id, is_immutable, answer_text, answer_char, answer_bool, answer_int, answer_datetime, is_from_query, is_active) VALUES (7061, NULL, 1200, 2101, TRUE, 'Korean', NULL, NULL, NULL, NULL, FALSE, TRUE);
INSERT INTO forms_section_answer (id, copied_from_id, ordinal, question_id, is_immutable, answer_text, answer_char, answer_bool, answer_int, answer_datetime, is_from_query, is_active) VALUES (7062, NULL, 1300, 2101, TRUE, 'Mandarin', NULL, NULL, NULL, NULL, FALSE, TRUE);
INSERT INTO forms_section_answer (id, copied_from_id, ordinal, question_id, is_immutable, answer_text, answer_char, answer_bool, answer_int, answer_datetime, is_from_query, is_active) VALUES (7063, NULL, 1400, 2101, TRUE, 'Persian', NULL, NULL, NULL, NULL, FALSE, TRUE);
INSERT INTO forms_section_answer (id, copied_from_id, ordinal, question_id, is_immutable, answer_text, answer_char, answer_bool, answer_int, answer_datetime, is_from_query, is_active) VALUES (7064, NULL, 1500, 2101, TRUE, 'Polish', NULL, NULL, NULL, NULL, FALSE, TRUE);
INSERT INTO forms_section_answer (id, copied_from_id, ordinal, question_id, is_immutable, answer_text, answer_char, answer_bool, answer_int, answer_datetime, is_from_query, is_active) VALUES (7065, NULL, 1600, 2101, TRUE, 'Portuguese', NULL, NULL, NULL, NULL, FALSE, TRUE);
INSERT INTO forms_section_answer (id, copied_from_id, ordinal, question_id, is_immutable, answer_text, answer_char, answer_bool, answer_int, answer_datetime, is_from_query, is_active) VALUES (7066, NULL, 1700, 2101, TRUE, 'Russian', NULL, NULL, NULL, NULL, FALSE, TRUE);
INSERT INTO forms_section_answer (id, copied_from_id, ordinal, question_id, is_immutable, answer_text, answer_char, answer_bool, answer_int, answer_datetime, is_from_query, is_active) VALUES (7067, NULL, 1800, 2101, TRUE, 'Serbo-Croatian', NULL, NULL, NULL, NULL, FALSE, TRUE);
INSERT INTO forms_section_answer (id, copied_from_id, ordinal, question_id, is_immutable, answer_text, answer_char, answer_bool, answer_int, answer_datetime, is_from_query, is_active) VALUES (7068, NULL, 1900, 2101, TRUE, 'Spanish', NULL, NULL, NULL, NULL, FALSE, TRUE);
INSERT INTO forms_section_answer (id, copied_from_id, ordinal, question_id, is_immutable, answer_text, answer_char, answer_bool, answer_int, answer_datetime, is_from_query, is_active) VALUES (7069, NULL, 2000, 2101, TRUE, 'Tagalog', NULL, NULL, NULL, NULL, FALSE, TRUE);
INSERT INTO forms_section_answer (id, copied_from_id, ordinal, question_id, is_immutable, answer_text, answer_char, answer_bool, answer_int, answer_datetime, is_from_query, is_active) VALUES (7070, NULL, 2100, 2101, TRUE, 'Urdu', NULL, NULL, NULL, NULL, FALSE, TRUE);
INSERT INTO forms_section_answer (id, copied_from_id, ordinal, question_id, is_immutable, answer_text, answer_char, answer_bool, answer_int, answer_datetime, is_from_query, is_active) VALUES (7071, NULL, 2200, 2101, TRUE, 'Vietnamese', NULL, NULL, NULL, NULL, FALSE, TRUE);
INSERT INTO forms_section_answer (id, copied_from_id, ordinal, question_id, is_immutable, answer_text, answer_char, answer_bool, answer_int, answer_datetime, is_from_query, is_active) VALUES (7072, NULL, 2300, 2101, TRUE, 'Other', NULL, NULL, NULL, NULL, FALSE, TRUE);
INSERT INTO forms_section_answer (id, copied_from_id, ordinal, question_id, is_immutable, answer_text, answer_char, answer_bool, answer_int, answer_datetime, is_from_query, is_active) VALUES (7073, NULL, 100, 2102, TRUE, 'Alumni / University Network', NULL, NULL, NULL, NULL, FALSE, TRUE);
INSERT INTO forms_section_answer (id, copied_from_id, ordinal, question_id, is_immutable, answer_text, answer_char, answer_bool, answer_int, answer_datetime, is_from_query, is_active) VALUES (7074, NULL, 200, 2102, TRUE, 'Coworker', NULL, NULL, NULL, NULL, FALSE, TRUE);
INSERT INTO forms_section_answer (id, copied_from_id, ordinal, question_id, is_immutable, answer_text, answer_char, answer_bool, answer_int, answer_datetime, is_from_query, is_active) VALUES (7075, NULL, 300, 2102, TRUE, 'Employer', NULL, NULL, NULL, NULL, FALSE, TRUE);
INSERT INTO forms_section_answer (id, copied_from_id, ordinal, question_id, is_immutable, answer_text, answer_char, answer_bool, answer_int, answer_datetime, is_from_query, is_active) VALUES (7076, NULL, 400, 2102, TRUE, 'Facebook', NULL, NULL, NULL, NULL, FALSE, TRUE);
INSERT INTO forms_section_answer (id, copied_from_id, ordinal, question_id, is_immutable, answer_text, answer_char, answer_bool, answer_int, answer_datetime, is_from_query, is_active) VALUES (7077, NULL, 500, 2102, TRUE, 'Family / Friend', NULL, NULL, NULL, NULL, FALSE, TRUE);
INSERT INTO forms_section_answer (id, copied_from_id, ordinal, question_id, is_immutable, answer_text, answer_char, answer_bool, answer_int, answer_datetime, is_from_query, is_active) VALUES (7078, NULL, 600, 2102, TRUE, 'Instagram', NULL, NULL, NULL, NULL, FALSE, TRUE);
INSERT INTO forms_section_answer (id, copied_from_id, ordinal, question_id, is_immutable, answer_text, answer_char, answer_bool, answer_int, answer_datetime, is_from_query, is_active) VALUES (7079, NULL, 700, 2102, TRUE, 'LinkedIn', NULL, NULL, NULL, NULL, FALSE, TRUE);
INSERT INTO forms_section_answer (id, copied_from_id, ordinal, question_id, is_immutable, answer_text, answer_char, answer_bool, answer_int, answer_datetime, is_from_query, is_active) VALUES (7080, NULL, 800, 2102, TRUE, 'Nomination / Mentor Together Email', NULL, NULL, NULL, NULL, FALSE, TRUE);
INSERT INTO forms_section_answer (id, copied_from_id, ordinal, question_id, is_immutable, answer_text, answer_char, answer_bool, answer_int, answer_datetime, is_from_query, is_active) VALUES (7081, NULL, 900, 2102, TRUE, 'Twitter', NULL, NULL, NULL, NULL, FALSE, TRUE);
INSERT INTO forms_section_answer (id, copied_from_id, ordinal, question_id, is_immutable, answer_text, answer_char, answer_bool, answer_int, answer_datetime, is_from_query, is_active) VALUES (7082, NULL, 1000, 2102, TRUE, 'Website (Idealist, etc.)', NULL, NULL, NULL, NULL, FALSE, TRUE);
INSERT INTO forms_section_answer (id, copied_from_id, ordinal, question_id, is_immutable, answer_text, answer_char, answer_bool, answer_int, answer_datetime, is_from_query, is_active) VALUES (7083, NULL, 1100, 2102, TRUE, 'Other', NULL, NULL, NULL, NULL, FALSE, TRUE);
INSERT INTO forms_section_answer (id, copied_from_id, ordinal, question_id, is_immutable, answer_text, answer_char, answer_bool, answer_int, answer_datetime, is_from_query, is_active) VALUES (7084, NULL, 100, 2104, TRUE, 'Facebook', NULL, NULL, NULL, NULL, FALSE, TRUE);
INSERT INTO forms_section_answer (id, copied_from_id, ordinal, question_id, is_immutable, answer_text, answer_char, answer_bool, answer_int, answer_datetime, is_from_query, is_active) VALUES (7085, NULL, 150, 2104, TRUE, 'LinkedIn', NULL, NULL, NULL, NULL, FALSE, TRUE);
INSERT INTO forms_section_answer (id, copied_from_id, ordinal, question_id, is_immutable, answer_text, answer_char, answer_bool, answer_int, answer_datetime, is_from_query, is_active) VALUES (7086, NULL, 200, 2104, TRUE, 'Movie Theater', NULL, NULL, NULL, NULL, FALSE, TRUE);
INSERT INTO forms_section_answer (id, copied_from_id, ordinal, question_id, is_immutable, answer_text, answer_char, answer_bool, answer_int, answer_datetime, is_from_query, is_active) VALUES (7087, NULL, 300, 2104, TRUE, 'Billboard', NULL, NULL, NULL, NULL, FALSE, TRUE);
INSERT INTO forms_section_answer (id, copied_from_id, ordinal, question_id, is_immutable, answer_text, answer_char, answer_bool, answer_int, answer_datetime, is_from_query, is_active) VALUES (7088, NULL, 400, 2104, TRUE, 'TV Ad', NULL, NULL, NULL, NULL, FALSE, TRUE);
INSERT INTO forms_section_answer (id, copied_from_id, ordinal, question_id, is_immutable, answer_text, answer_char, answer_bool, answer_int, answer_datetime, is_from_query, is_active) VALUES (7089, NULL, 500, 2104, TRUE, 'I have not seen an iMentor ad.', NULL, NULL, NULL, NULL, FALSE, TRUE);
INSERT INTO forms_section_answer (id, copied_from_id, ordinal, question_id, is_immutable, answer_text, answer_char, answer_bool, answer_int, answer_datetime, is_from_query, is_active) VALUES (7090, NULL, 100, 2109, TRUE, 'Any - No Preference', NULL, NULL, NULL, NULL, FALSE, TRUE);
INSERT INTO forms_section_answer (id, copied_from_id, ordinal, question_id, is_immutable, answer_text, answer_char, answer_bool, answer_int, answer_datetime, is_from_query, is_active) VALUES (7091, NULL, 200, 2109, TRUE, 'Writing a resume and cover letter', NULL, NULL, NULL, NULL, FALSE, TRUE);
INSERT INTO forms_section_answer (id, copied_from_id, ordinal, question_id, is_immutable, answer_text, answer_char, answer_bool, answer_int, answer_datetime, is_from_query, is_active) VALUES (7092, NULL, 300, 2109, TRUE, 'Getting a job while you are in high school', NULL, NULL, NULL, NULL, FALSE, TRUE);
INSERT INTO forms_section_answer (id, copied_from_id, ordinal, question_id, is_immutable, answer_text, answer_char, answer_bool, answer_int, answer_datetime, is_from_query, is_active) VALUES (7093, NULL, 400, 2109, TRUE, 'Getting an internship while you are in high school', NULL, NULL, NULL, NULL, FALSE, TRUE);
INSERT INTO forms_section_answer (id, copied_from_id, ordinal, question_id, is_immutable, answer_text, answer_char, answer_bool, answer_int, answer_datetime, is_from_query, is_active) VALUES (7094, NULL, 500, 2109, TRUE, 'Learning how to prepare for your career', NULL, NULL, NULL, NULL, FALSE, TRUE);
INSERT INTO forms_section_answer (id, copied_from_id, ordinal, question_id, is_immutable, answer_text, answer_char, answer_bool, answer_int, answer_datetime, is_from_query, is_active) VALUES (7095, NULL, 100, 2113, TRUE, 'Went to high school in the Bay Area', NULL, NULL, NULL, NULL, FALSE, TRUE);
INSERT INTO forms_section_answer (id, copied_from_id, ordinal, question_id, is_immutable, answer_text, answer_char, answer_bool, answer_int, answer_datetime, is_from_query, is_active) VALUES (7096, NULL, 200, 2113, TRUE, 'Had to change schools at some point and had to become the "new kid" all over again.', NULL, NULL, NULL, NULL, FALSE, TRUE);
INSERT INTO forms_section_answer (id, copied_from_id, ordinal, question_id, is_immutable, answer_text, answer_char, answer_bool, answer_int, answer_datetime, is_from_query, is_active) VALUES (7097, NULL, 300, 2113, TRUE, 'Grew up in another country', NULL, NULL, NULL, NULL, FALSE, TRUE);
INSERT INTO forms_section_answer (id, copied_from_id, ordinal, question_id, is_immutable, answer_text, answer_char, answer_bool, answer_int, answer_datetime, is_from_query, is_active) VALUES (7098, NULL, 400, 2113, TRUE, 'Was not a native English speaker', NULL, NULL, NULL, NULL, FALSE, TRUE);
INSERT INTO forms_section_answer (id, copied_from_id, ordinal, question_id, is_immutable, answer_text, answer_char, answer_bool, answer_int, answer_datetime, is_from_query, is_active) VALUES (7099, NULL, 500, 2113, TRUE, 'Worked a job while in high school', NULL, NULL, NULL, NULL, FALSE, TRUE);
INSERT INTO forms_section_answer (id, copied_from_id, ordinal, question_id, is_immutable, answer_text, answer_char, answer_bool, answer_int, answer_datetime, is_from_query, is_active) VALUES (7100, NULL, 600, 2113, TRUE, 'Helped to financially support family while in high school', NULL, NULL, NULL, NULL, FALSE, TRUE);
INSERT INTO forms_section_answer (id, copied_from_id, ordinal, question_id, is_immutable, answer_text, answer_char, answer_bool, answer_int, answer_datetime, is_from_query, is_active) VALUES (7101, NULL, 700, 2113, TRUE, 'Did not know what I wanted to do after high school', NULL, NULL, NULL, NULL, FALSE, TRUE);
INSERT INTO forms_section_answer (id, copied_from_id, ordinal, question_id, is_immutable, answer_text, answer_char, answer_bool, answer_int, answer_datetime, is_from_query, is_active) VALUES (7102, NULL, 800, 2113, TRUE, 'Had to take care of a sibling or family member while growing up', NULL, NULL, NULL, NULL, FALSE, TRUE);
INSERT INTO forms_section_answer (id, copied_from_id, ordinal, question_id, is_immutable, answer_text, answer_char, answer_bool, answer_int, answer_datetime, is_from_query, is_active) VALUES (7103, NULL, 900, 2113, TRUE, 'Grew up in a single-parent household', NULL, NULL, NULL, NULL, FALSE, TRUE);
INSERT INTO forms_section_answer (id, copied_from_id, ordinal, question_id, is_immutable, answer_text, answer_char, answer_bool, answer_int, answer_datetime, is_from_query, is_active) VALUES (7104, NULL, 1000, 2113, TRUE, 'Was a high performing student', NULL, NULL, NULL, NULL, FALSE, TRUE);
INSERT INTO forms_section_answer (id, copied_from_id, ordinal, question_id, is_immutable, answer_text, answer_char, answer_bool, answer_int, answer_datetime, is_from_query, is_active) VALUES (7105, NULL, 1100, 2113, TRUE, 'Was a low performing student', NULL, NULL, NULL, NULL, FALSE, TRUE);
INSERT INTO forms_section_answer (id, copied_from_id, ordinal, question_id, is_immutable, answer_text, answer_char, answer_bool, answer_int, answer_datetime, is_from_query, is_active) VALUES (7106, NULL, 1200, 2113, TRUE, 'Got in trouble a lot during school', NULL, NULL, NULL, NULL, FALSE, TRUE);
INSERT INTO forms_section_answer (id, copied_from_id, ordinal, question_id, is_immutable, answer_text, answer_char, answer_bool, answer_int, answer_datetime, is_from_query, is_active) VALUES (7107, NULL, 1300, 2113, TRUE, 'Was one of the more outgoing students in his/her school.', NULL, NULL, NULL, NULL, FALSE, TRUE);
INSERT INTO forms_section_answer (id, copied_from_id, ordinal, question_id, is_immutable, answer_text, answer_char, answer_bool, answer_int, answer_datetime, is_from_query, is_active) VALUES (7108, NULL, 1400, 2113, TRUE, 'Was one of the more shy students in his/her school', NULL, NULL, NULL, NULL, FALSE, TRUE);
INSERT INTO forms_section_answer (id, copied_from_id, ordinal, question_id, is_immutable, answer_text, answer_char, answer_bool, answer_int, answer_datetime, is_from_query, is_active) VALUES (7109, NULL, 1500, 2113, TRUE, 'Was bullied or had other social struggles', NULL, NULL, NULL, NULL, FALSE, TRUE);
INSERT INTO forms_section_answer (id, copied_from_id, ordinal, question_id, is_immutable, answer_text, answer_char, answer_bool, answer_int, answer_datetime, is_from_query, is_active) VALUES (7110, NULL, 1600, 2113, TRUE, 'Had friends or family struggle with substance abuse/personally struggled with substance abuse or pressure to use', NULL, NULL, NULL, NULL, FALSE, TRUE);
INSERT INTO forms_section_answer (id, copied_from_id, ordinal, question_id, is_immutable, answer_text, answer_char, answer_bool, answer_int, answer_datetime, is_from_query, is_active) VALUES (7111, NULL, 1700, 2113, TRUE, 'Identified as LGBTQ and/or had friends or family who identified as LGBTQ', NULL, NULL, NULL, NULL, FALSE, TRUE);
INSERT INTO forms_section_answer (id, copied_from_id, ordinal, question_id, is_immutable, answer_text, answer_char, answer_bool, answer_int, answer_datetime, is_from_query, is_active) VALUES (7112, NULL, 1800, 2113, TRUE, 'Participated in sports', NULL, NULL, NULL, NULL, FALSE, TRUE);
INSERT INTO forms_section_answer (id, copied_from_id, ordinal, question_id, is_immutable, answer_text, answer_char, answer_bool, answer_int, answer_datetime, is_from_query, is_active) VALUES (7113, NULL, 1900, 2113, TRUE, 'Participated in the arts (music, dance, theater)', NULL, NULL, NULL, NULL, FALSE, TRUE);
INSERT INTO forms_section_answer (id, copied_from_id, ordinal, question_id, is_immutable, answer_text, answer_char, answer_bool, answer_int, answer_datetime, is_from_query, is_active) VALUES (7114, NULL, 2000, 2113, TRUE, 'Participated in Student Government', NULL, NULL, NULL, NULL, FALSE, TRUE);
INSERT INTO forms_section_answer (id, copied_from_id, ordinal, question_id, is_immutable, answer_text, answer_char, answer_bool, answer_int, answer_datetime, is_from_query, is_active) VALUES (7115, NULL, 100, 2114, TRUE, 'Any - No Preference', NULL, NULL, NULL, NULL, FALSE, TRUE);
INSERT INTO forms_section_answer (id, copied_from_id, ordinal, question_id, is_immutable, answer_text, answer_char, answer_bool, answer_int, answer_datetime, is_from_query, is_active) VALUES (7116, NULL, 200, 2114, TRUE, 'English', NULL, NULL, NULL, NULL, FALSE, TRUE);
INSERT INTO forms_section_answer (id, copied_from_id, ordinal, question_id, is_immutable, answer_text, answer_char, answer_bool, answer_int, answer_datetime, is_from_query, is_active) VALUES (7117, NULL, 300, 2114, TRUE, 'Mathematics', NULL, NULL, NULL, NULL, FALSE, TRUE);
INSERT INTO forms_section_answer (id, copied_from_id, ordinal, question_id, is_immutable, answer_text, answer_char, answer_bool, answer_int, answer_datetime, is_from_query, is_active) VALUES (7118, NULL, 400, 2114, TRUE, 'Science', NULL, NULL, NULL, NULL, FALSE, TRUE);
INSERT INTO forms_section_answer (id, copied_from_id, ordinal, question_id, is_immutable, answer_text, answer_char, answer_bool, answer_int, answer_datetime, is_from_query, is_active) VALUES (7119, NULL, 500, 2114, TRUE, 'History', NULL, NULL, NULL, NULL, FALSE, TRUE);
INSERT INTO forms_section_answer (id, copied_from_id, ordinal, question_id, is_immutable, answer_text, answer_char, answer_bool, answer_int, answer_datetime, is_from_query, is_active) VALUES (7120, NULL, 600, 2114, TRUE, 'Computer Science', NULL, NULL, NULL, NULL, FALSE, TRUE);
INSERT INTO forms_section_answer (id, copied_from_id, ordinal, question_id, is_immutable, answer_text, answer_char, answer_bool, answer_int, answer_datetime, is_from_query, is_active) VALUES (7121, NULL, 700, 2114, TRUE, 'Art and/or Music', NULL, NULL, NULL, NULL, FALSE, TRUE);
INSERT INTO forms_section_answer (id, copied_from_id, ordinal, question_id, is_immutable, answer_text, answer_char, answer_bool, answer_int, answer_datetime, is_from_query, is_active) VALUES (7122, NULL, 800, 2114, TRUE, 'Learning how to speak English', NULL, NULL, NULL, NULL, FALSE, TRUE);
INSERT INTO forms_section_answer (id, copied_from_id, ordinal, question_id, is_immutable, answer_text, answer_char, answer_bool, answer_int, answer_datetime, is_from_query, is_active) VALUES (7123, NULL, 100, 2116, TRUE, 'Well Organized', NULL, NULL, NULL, NULL, FALSE, TRUE);
INSERT INTO forms_section_answer (id, copied_from_id, ordinal, question_id, is_immutable, answer_text, answer_char, answer_bool, answer_int, answer_datetime, is_from_query, is_active) VALUES (7124, NULL, 200, 2116, TRUE, 'Independent', NULL, NULL, NULL, NULL, FALSE, TRUE);
INSERT INTO forms_section_answer (id, copied_from_id, ordinal, question_id, is_immutable, answer_text, answer_char, answer_bool, answer_int, answer_datetime, is_from_query, is_active) VALUES (7125, NULL, 300, 2116, TRUE, 'Funny', NULL, NULL, NULL, NULL, FALSE, TRUE);
INSERT INTO forms_section_answer (id, copied_from_id, ordinal, question_id, is_immutable, answer_text, answer_char, answer_bool, answer_int, answer_datetime, is_from_query, is_active) VALUES (7126, NULL, 400, 2116, TRUE, 'Patient', NULL, NULL, NULL, NULL, FALSE, TRUE);
INSERT INTO forms_section_answer (id, copied_from_id, ordinal, question_id, is_immutable, answer_text, answer_char, answer_bool, answer_int, answer_datetime, is_from_query, is_active) VALUES (7127, NULL, 500, 2116, TRUE, 'Outgoing', NULL, NULL, NULL, NULL, FALSE, TRUE);
INSERT INTO forms_section_answer (id, copied_from_id, ordinal, question_id, is_immutable, answer_text, answer_char, answer_bool, answer_int, answer_datetime, is_from_query, is_active) VALUES (7128, NULL, 600, 2116, TRUE, 'Creative', NULL, NULL, NULL, NULL, FALSE, TRUE);
INSERT INTO forms_section_answer (id, copied_from_id, ordinal, question_id, is_immutable, answer_text, answer_char, answer_bool, answer_int, answer_datetime, is_from_query, is_active) VALUES (7129, NULL, 700, 2116, TRUE, 'Quiet', NULL, NULL, NULL, NULL, FALSE, TRUE);
INSERT INTO forms_section_answer (id, copied_from_id, ordinal, question_id, is_immutable, answer_text, answer_char, answer_bool, answer_int, answer_datetime, is_from_query, is_active) VALUES (7130, NULL, 800, 2116, TRUE, 'Serious', NULL, NULL, NULL, NULL, FALSE, TRUE);
INSERT INTO forms_section_answer (id, copied_from_id, ordinal, question_id, is_immutable, answer_text, answer_char, answer_bool, answer_int, answer_datetime, is_from_query, is_active) VALUES (7131, NULL, 900, 2116, TRUE, 'Perfectionist', NULL, NULL, NULL, NULL, FALSE, TRUE);
INSERT INTO forms_section_answer (id, copied_from_id, ordinal, question_id, is_immutable, answer_text, answer_char, answer_bool, answer_int, answer_datetime, is_from_query, is_active) VALUES (7132, NULL, 1000, 2116, TRUE, 'Ambitious', NULL, NULL, NULL, NULL, FALSE, TRUE);
INSERT INTO forms_section_answer (id, copied_from_id, ordinal, question_id, is_immutable, answer_text, answer_char, answer_bool, answer_int, answer_datetime, is_from_query, is_active) VALUES (7133, NULL, 1100, 2116, TRUE, 'Emotional', NULL, NULL, NULL, NULL, FALSE, TRUE);
INSERT INTO forms_section_answer (id, copied_from_id, ordinal, question_id, is_immutable, answer_text, answer_char, answer_bool, answer_int, answer_datetime, is_from_query, is_active) VALUES (7134, NULL, 1200, 2116, TRUE, 'Competitive', NULL, NULL, NULL, NULL, FALSE, TRUE);
INSERT INTO forms_section_answer (id, copied_from_id, ordinal, question_id, is_immutable, answer_text, answer_char, answer_bool, answer_int, answer_datetime, is_from_query, is_active) VALUES (7135, NULL, 1300, 2116, TRUE, 'Talkative', NULL, NULL, NULL, NULL, FALSE, TRUE);
INSERT INTO forms_section_answer (id, copied_from_id, ordinal, question_id, is_immutable, answer_text, answer_char, answer_bool, answer_int, answer_datetime, is_from_query, is_active) VALUES (7136, NULL, 1400, 2116, TRUE, 'Open-minded', NULL, NULL, NULL, NULL, FALSE, TRUE);
INSERT INTO forms_section_answer (id, copied_from_id, ordinal, question_id, is_immutable, answer_text, answer_char, answer_bool, answer_int, answer_datetime, is_from_query, is_active) VALUES (7137, NULL, 1500, 2116, TRUE, 'Spiritual', NULL, NULL, NULL, NULL, FALSE, TRUE);
INSERT INTO forms_section_answer (id, copied_from_id, ordinal, question_id, is_immutable, answer_text, answer_char, answer_bool, answer_int, answer_datetime, is_from_query, is_active) VALUES (7138, NULL, 100, 2117, TRUE, 'Parents got divorced / separated', NULL, NULL, NULL, NULL, FALSE, TRUE);
INSERT INTO forms_section_answer (id, copied_from_id, ordinal, question_id, is_immutable, answer_text, answer_char, answer_bool, answer_int, answer_datetime, is_from_query, is_active) VALUES (7139, NULL, 200, 2117, TRUE, 'Had difficulty getting along with family', NULL, NULL, NULL, NULL, FALSE, TRUE);
INSERT INTO forms_section_answer (id, copied_from_id, ordinal, question_id, is_immutable, answer_text, answer_char, answer_bool, answer_int, answer_datetime, is_from_query, is_active) VALUES (7140, NULL, 300, 2117, TRUE, 'Has children', NULL, NULL, NULL, NULL, FALSE, TRUE);
INSERT INTO forms_section_answer (id, copied_from_id, ordinal, question_id, is_immutable, answer_text, answer_char, answer_bool, answer_int, answer_datetime, is_from_query, is_active) VALUES (7141, NULL, 400, 2117, TRUE, 'Someone close has passed away', NULL, NULL, NULL, NULL, FALSE, TRUE);
INSERT INTO forms_section_answer (id, copied_from_id, ordinal, question_id, is_immutable, answer_text, answer_char, answer_bool, answer_int, answer_datetime, is_from_query, is_active) VALUES (7142, NULL, 500, 2117, TRUE, 'Traveled internationally', NULL, NULL, NULL, NULL, FALSE, TRUE);
INSERT INTO forms_section_answer (id, copied_from_id, ordinal, question_id, is_immutable, answer_text, answer_char, answer_bool, answer_int, answer_datetime, is_from_query, is_active) VALUES (7143, NULL, 600, 2117, TRUE, 'Speak language other than English', NULL, NULL, NULL, NULL, FALSE, TRUE);
INSERT INTO forms_section_answer (id, copied_from_id, ordinal, question_id, is_immutable, answer_text, answer_char, answer_bool, answer_int, answer_datetime, is_from_query, is_active) VALUES (7144, NULL, 700, 2117, TRUE, 'Began college career in community college', NULL, NULL, NULL, NULL, FALSE, TRUE);
INSERT INTO forms_section_answer (id, copied_from_id, ordinal, question_id, is_immutable, answer_text, answer_char, answer_bool, answer_int, answer_datetime, is_from_query, is_active) VALUES (7145, NULL, 800, 2117, TRUE, 'Went to college close to home', NULL, NULL, NULL, NULL, FALSE, TRUE);
INSERT INTO forms_section_answer (id, copied_from_id, ordinal, question_id, is_immutable, answer_text, answer_char, answer_bool, answer_int, answer_datetime, is_from_query, is_active) VALUES (7146, NULL, 900, 2117, TRUE, 'Went to college far away from home', NULL, NULL, NULL, NULL, FALSE, TRUE);
INSERT INTO forms_section_answer (id, copied_from_id, ordinal, question_id, is_immutable, answer_text, answer_char, answer_bool, answer_int, answer_datetime, is_from_query, is_active) VALUES (7147, NULL, 1000, 2117, TRUE, 'Did not know what to study in college at first', NULL, NULL, NULL, NULL, FALSE, TRUE);
INSERT INTO forms_section_answer (id, copied_from_id, ordinal, question_id, is_immutable, answer_text, answer_char, answer_bool, answer_int, answer_datetime, is_from_query, is_active) VALUES (7148, NULL, 100, 2118, TRUE, 'Dealing with academic challenges', NULL, NULL, NULL, NULL, FALSE, TRUE);
INSERT INTO forms_section_answer (id, copied_from_id, ordinal, question_id, is_immutable, answer_text, answer_char, answer_bool, answer_int, answer_datetime, is_from_query, is_active) VALUES (7149, NULL, 200, 2118, TRUE, 'Dealing with social challenges', NULL, NULL, NULL, NULL, FALSE, TRUE);
INSERT INTO forms_section_answer (id, copied_from_id, ordinal, question_id, is_immutable, answer_text, answer_char, answer_bool, answer_int, answer_datetime, is_from_query, is_active) VALUES (7150, NULL, 300, 2118, TRUE, 'Dealing with personal/emotional challenges', NULL, NULL, NULL, NULL, FALSE, TRUE);
INSERT INTO forms_section_answer (id, copied_from_id, ordinal, question_id, is_immutable, answer_text, answer_char, answer_bool, answer_int, answer_datetime, is_from_query, is_active) VALUES (7151, NULL, 400, 2118, TRUE, 'Dealing with friendship challenges', NULL, NULL, NULL, NULL, FALSE, TRUE);
INSERT INTO forms_section_answer (id, copied_from_id, ordinal, question_id, is_immutable, answer_text, answer_char, answer_bool, answer_int, answer_datetime, is_from_query, is_active) VALUES (7152, NULL, 500, 2118, TRUE, 'Dealing with family challenges', NULL, NULL, NULL, NULL, FALSE, TRUE);
INSERT INTO forms_section_answer (id, copied_from_id, ordinal, question_id, is_immutable, answer_text, answer_char, answer_bool, answer_int, answer_datetime, is_from_query, is_active) VALUES (7153, NULL, 600, 2118, TRUE, 'Dealing with health challenges', NULL, NULL, NULL, NULL, FALSE, TRUE);
INSERT INTO forms_section_answer (id, copied_from_id, ordinal, question_id, is_immutable, answer_text, answer_char, answer_bool, answer_int, answer_datetime, is_from_query, is_active) VALUES (7154, NULL, 100, 2119, TRUE, 'Go to the movies', NULL, NULL, NULL, NULL, FALSE, TRUE);
INSERT INTO forms_section_answer (id, copied_from_id, ordinal, question_id, is_immutable, answer_text, answer_char, answer_bool, answer_int, answer_datetime, is_from_query, is_active) VALUES (7155, NULL, 200, 2119, TRUE, 'Watch TV', NULL, NULL, NULL, NULL, FALSE, TRUE);
INSERT INTO forms_section_answer (id, copied_from_id, ordinal, question_id, is_immutable, answer_text, answer_char, answer_bool, answer_int, answer_datetime, is_from_query, is_active) VALUES (7156, NULL, 300, 2119, TRUE, 'Visit art/history museums', NULL, NULL, NULL, NULL, FALSE, TRUE);
INSERT INTO forms_section_answer (id, copied_from_id, ordinal, question_id, is_immutable, answer_text, answer_char, answer_bool, answer_int, answer_datetime, is_from_query, is_active) VALUES (7157, NULL, 400, 2119, TRUE, 'See live music', NULL, NULL, NULL, NULL, FALSE, TRUE);
INSERT INTO forms_section_answer (id, copied_from_id, ordinal, question_id, is_immutable, answer_text, answer_char, answer_bool, answer_int, answer_datetime, is_from_query, is_active) VALUES (7158, NULL, 500, 2119, TRUE, 'Perform in a band', NULL, NULL, NULL, NULL, FALSE, TRUE);
INSERT INTO forms_section_answer (id, copied_from_id, ordinal, question_id, is_immutable, answer_text, answer_char, answer_bool, answer_int, answer_datetime, is_from_query, is_active) VALUES (7159, NULL, 600, 2119, TRUE, 'Spend time outdoors like the beach, park, mountains, etc.', NULL, NULL, NULL, NULL, FALSE, TRUE);
INSERT INTO forms_section_answer (id, copied_from_id, ordinal, question_id, is_immutable, answer_text, answer_char, answer_bool, answer_int, answer_datetime, is_from_query, is_active) VALUES (7160, NULL, 700, 2119, TRUE, 'Watch sports', NULL, NULL, NULL, NULL, FALSE, TRUE);
INSERT INTO forms_section_answer (id, copied_from_id, ordinal, question_id, is_immutable, answer_text, answer_char, answer_bool, answer_int, answer_datetime, is_from_query, is_active) VALUES (7161, NULL, 800, 2119, TRUE, 'Play sports', NULL, NULL, NULL, NULL, FALSE, TRUE);
INSERT INTO forms_section_answer (id, copied_from_id, ordinal, question_id, is_immutable, answer_text, answer_char, answer_bool, answer_int, answer_datetime, is_from_query, is_active) VALUES (7162, NULL, 900, 2119, TRUE, 'Take classes like dance, art, music, yoga, etc.', NULL, NULL, NULL, NULL, FALSE, TRUE);
INSERT INTO forms_section_answer (id, copied_from_id, ordinal, question_id, is_immutable, answer_text, answer_char, answer_bool, answer_int, answer_datetime, is_from_query, is_active) VALUES (7163, NULL, 1000, 2119, TRUE, 'Go out to eat', NULL, NULL, NULL, NULL, FALSE, TRUE);
INSERT INTO forms_section_answer (id, copied_from_id, ordinal, question_id, is_immutable, answer_text, answer_char, answer_bool, answer_int, answer_datetime, is_from_query, is_active) VALUES (7164, NULL, 1100, 2119, TRUE, 'Go dancing', NULL, NULL, NULL, NULL, FALSE, TRUE);
INSERT INTO forms_section_answer (id, copied_from_id, ordinal, question_id, is_immutable, answer_text, answer_char, answer_bool, answer_int, answer_datetime, is_from_query, is_active) VALUES (7165, NULL, 1200, 2119, TRUE, 'Have dinner with family and friends', NULL, NULL, NULL, NULL, FALSE, TRUE);
INSERT INTO forms_section_answer (id, copied_from_id, ordinal, question_id, is_immutable, answer_text, answer_char, answer_bool, answer_int, answer_datetime, is_from_query, is_active) VALUES (7166, NULL, 1300, 2119, TRUE, 'Go shopping', NULL, NULL, NULL, NULL, FALSE, TRUE);
INSERT INTO forms_section_answer (id, copied_from_id, ordinal, question_id, is_immutable, answer_text, answer_char, answer_bool, answer_int, answer_datetime, is_from_query, is_active) VALUES (7167, NULL, 1400, 2119, TRUE, 'Explore new places', NULL, NULL, NULL, NULL, FALSE, TRUE);
INSERT INTO forms_section_answer (id, copied_from_id, ordinal, question_id, is_immutable, answer_text, answer_char, answer_bool, answer_int, answer_datetime, is_from_query, is_active) VALUES (7168, NULL, 1500, 2119, TRUE, 'Volunteer or do community service', NULL, NULL, NULL, NULL, FALSE, TRUE);
INSERT INTO forms_section_answer (id, copied_from_id, ordinal, question_id, is_immutable, answer_text, answer_char, answer_bool, answer_int, answer_datetime, is_from_query, is_active) VALUES (7169, NULL, 1600, 2119, TRUE, 'Participate in religious activities', NULL, NULL, NULL, NULL, FALSE, TRUE);
INSERT INTO forms_section_answer (id, copied_from_id, ordinal, question_id, is_immutable, answer_text, answer_char, answer_bool, answer_int, answer_datetime, is_from_query, is_active) VALUES (7170, NULL, 1700, 2119, TRUE, 'Go to the gym', NULL, NULL, NULL, NULL, FALSE, TRUE);
INSERT INTO forms_section_answer (id, copied_from_id, ordinal, question_id, is_immutable, answer_text, answer_char, answer_bool, answer_int, answer_datetime, is_from_query, is_active) VALUES (7171, NULL, 1800, 2119, TRUE, 'Read books, articles, blogs, etc.', NULL, NULL, NULL, NULL, FALSE, TRUE);
INSERT INTO forms_section_answer (id, copied_from_id, ordinal, question_id, is_immutable, answer_text, answer_char, answer_bool, answer_int, answer_datetime, is_from_query, is_active) VALUES (7172, NULL, 1900, 2119, TRUE, 'Play video games', NULL, NULL, NULL, NULL, FALSE, TRUE);
INSERT INTO forms_section_answer (id, copied_from_id, ordinal, question_id, is_immutable, answer_text, answer_char, answer_bool, answer_int, answer_datetime, is_from_query, is_active) VALUES (7173, NULL, 2000, 2119, TRUE, 'Write in a journal, write poetry, blog, etc.', NULL, NULL, NULL, NULL, FALSE, TRUE);
INSERT INTO forms_section_answer (id, copied_from_id, ordinal, question_id, is_immutable, answer_text, answer_char, answer_bool, answer_int, answer_datetime, is_from_query, is_active) VALUES (7174, NULL, 2100, 2119, TRUE, 'Take pictures', NULL, NULL, NULL, NULL, FALSE, TRUE);
INSERT INTO forms_section_answer (id, copied_from_id, ordinal, question_id, is_immutable, answer_text, answer_char, answer_bool, answer_int, answer_datetime, is_from_query, is_active) VALUES (7175, NULL, 100, 2122, TRUE, 'Yes', NULL, NULL, NULL, NULL, FALSE, TRUE);
INSERT INTO forms_section_answer (id, copied_from_id, ordinal, question_id, is_immutable, answer_text, answer_char, answer_bool, answer_int, answer_datetime, is_from_query, is_active) VALUES (7176, NULL, 200, 2122, TRUE, 'No', NULL, NULL, NULL, NULL, FALSE, TRUE);
INSERT INTO forms_section_answer (id, copied_from_id, ordinal, question_id, is_immutable, answer_text, answer_char, answer_bool, answer_int, answer_datetime, is_from_query, is_active) VALUES (7177, NULL, 100, 2124, TRUE, 'Yes', NULL, NULL, NULL, NULL, FALSE, TRUE);
INSERT INTO forms_section_answer (id, copied_from_id, ordinal, question_id, is_immutable, answer_text, answer_char, answer_bool, answer_int, answer_datetime, is_from_query, is_active) VALUES (7178, NULL, 200, 2124, TRUE, 'No', NULL, NULL, NULL, NULL, FALSE, TRUE);
INSERT INTO forms_section_answer (id, copied_from_id, ordinal, question_id, is_immutable, answer_text, answer_char, answer_bool, answer_int, answer_datetime, is_from_query, is_active) VALUES (7179, NULL, 100, 2126, TRUE, 'Yes', NULL, NULL, NULL, NULL, FALSE, TRUE);
INSERT INTO forms_section_answer (id, copied_from_id, ordinal, question_id, is_immutable, answer_text, answer_char, answer_bool, answer_int, answer_datetime, is_from_query, is_active) VALUES (7180, NULL, 200, 2126, TRUE, 'No', NULL, NULL, NULL, NULL, FALSE, TRUE);
INSERT INTO forms_section_answer (id, copied_from_id, ordinal, question_id, is_immutable, answer_text, answer_char, answer_bool, answer_int, answer_datetime, is_from_query, is_active) VALUES (7181, NULL, 100, 2138, TRUE, 'Friend', NULL, NULL, NULL, NULL, FALSE, TRUE);
INSERT INTO forms_section_answer (id, copied_from_id, ordinal, question_id, is_immutable, answer_text, answer_char, answer_bool, answer_int, answer_datetime, is_from_query, is_active) VALUES (7182, NULL, 200, 2138, TRUE, 'Coworker', NULL, NULL, NULL, NULL, FALSE, TRUE);
INSERT INTO forms_section_answer (id, copied_from_id, ordinal, question_id, is_immutable, answer_text, answer_char, answer_bool, answer_int, answer_datetime, is_from_query, is_active) VALUES (7183, NULL, 300, 2138, TRUE, 'Employer', NULL, NULL, NULL, NULL, FALSE, TRUE);
INSERT INTO forms_section_answer (id, copied_from_id, ordinal, question_id, is_immutable, answer_text, answer_char, answer_bool, answer_int, answer_datetime, is_from_query, is_active) VALUES (7184, NULL, 400, 2138, TRUE, 'Teacher', NULL, NULL, NULL, NULL, FALSE, TRUE);
INSERT INTO forms_section_answer (id, copied_from_id, ordinal, question_id, is_immutable, answer_text, answer_char, answer_bool, answer_int, answer_datetime, is_from_query, is_active) VALUES (7185, NULL, 500, 2138, TRUE, 'Roommate', NULL, NULL, NULL, NULL, FALSE, TRUE);
INSERT INTO forms_section_answer (id, copied_from_id, ordinal, question_id, is_immutable, answer_text, answer_char, answer_bool, answer_int, answer_datetime, is_from_query, is_active) VALUES (7186, NULL, 600, 2138, TRUE, 'Other', NULL, NULL, NULL, NULL, FALSE, TRUE);
INSERT INTO forms_section_answer (id, copied_from_id, ordinal, question_id, is_immutable, answer_text, answer_char, answer_bool, answer_int, answer_datetime, is_from_query, is_active) VALUES (7187, NULL, 100, 2143, TRUE, 'Friend', NULL, NULL, NULL, NULL, FALSE, TRUE);
INSERT INTO forms_section_answer (id, copied_from_id, ordinal, question_id, is_immutable, answer_text, answer_char, answer_bool, answer_int, answer_datetime, is_from_query, is_active) VALUES (7188, NULL, 200, 2143, TRUE, 'Coworker', NULL, NULL, NULL, NULL, FALSE, TRUE);
INSERT INTO forms_section_answer (id, copied_from_id, ordinal, question_id, is_immutable, answer_text, answer_char, answer_bool, answer_int, answer_datetime, is_from_query, is_active) VALUES (7189, NULL, 300, 2143, TRUE, 'Employer', NULL, NULL, NULL, NULL, FALSE, TRUE);
INSERT INTO forms_section_answer (id, copied_from_id, ordinal, question_id, is_immutable, answer_text, answer_char, answer_bool, answer_int, answer_datetime, is_from_query, is_active) VALUES (7190, NULL, 400, 2143, TRUE, 'Teacher', NULL, NULL, NULL, NULL, FALSE, TRUE);
INSERT INTO forms_section_answer (id, copied_from_id, ordinal, question_id, is_immutable, answer_text, answer_char, answer_bool, answer_int, answer_datetime, is_from_query, is_active) VALUES (7191, NULL, 500, 2143, TRUE, 'Roommate', NULL, NULL, NULL, NULL, FALSE, TRUE);
INSERT INTO forms_section_answer (id, copied_from_id, ordinal, question_id, is_immutable, answer_text, answer_char, answer_bool, answer_int, answer_datetime, is_from_query, is_active) VALUES (7192, NULL, 600, 2143, TRUE, 'Other', NULL, NULL, NULL, NULL, FALSE, TRUE);
INSERT INTO forms_section_answer (id, copied_from_id, ordinal, question_id, is_immutable, answer_text, answer_char, answer_bool, answer_int, answer_datetime, is_from_query, is_active) VALUES (7193, NULL, 100, 2148, TRUE, 'Friend', NULL, NULL, NULL, NULL, FALSE, TRUE);
INSERT INTO forms_section_answer (id, copied_from_id, ordinal, question_id, is_immutable, answer_text, answer_char, answer_bool, answer_int, answer_datetime, is_from_query, is_active) VALUES (7194, NULL, 200, 2148, TRUE, 'Coworker', NULL, NULL, NULL, NULL, FALSE, TRUE);
INSERT INTO forms_section_answer (id, copied_from_id, ordinal, question_id, is_immutable, answer_text, answer_char, answer_bool, answer_int, answer_datetime, is_from_query, is_active) VALUES (7195, NULL, 300, 2148, TRUE, 'Employer', NULL, NULL, NULL, NULL, FALSE, TRUE);
INSERT INTO forms_section_answer (id, copied_from_id, ordinal, question_id, is_immutable, answer_text, answer_char, answer_bool, answer_int, answer_datetime, is_from_query, is_active) VALUES (7196, NULL, 400, 2148, TRUE, 'Teacher', NULL, NULL, NULL, NULL, FALSE, TRUE);
INSERT INTO forms_section_answer (id, copied_from_id, ordinal, question_id, is_immutable, answer_text, answer_char, answer_bool, answer_int, answer_datetime, is_from_query, is_active) VALUES (7197, NULL, 500, 2148, TRUE, 'Roommate', NULL, NULL, NULL, NULL, FALSE, TRUE);
INSERT INTO forms_section_answer (id, copied_from_id, ordinal, question_id, is_immutable, answer_text, answer_char, answer_bool, answer_int, answer_datetime, is_from_query, is_active) VALUES (7198, NULL, 600, 2148, TRUE, 'Other', NULL, NULL, NULL, NULL, FALSE, TRUE);

INSERT into forms_answer_dependency (id, question_id, and_or, dependent_on_answer_id_for_question_id, dependent_on_answer_value_for_question_id) VALUES (229, 2084, 'OR', 7003, NULL);
INSERT into forms_answer_dependency (id, question_id, and_or, dependent_on_answer_id_for_question_id, dependent_on_answer_value_for_question_id) VALUES (230, 2092, 'OR', 7029, NULL);
INSERT into forms_answer_dependency (id, question_id, and_or, dependent_on_answer_id_for_question_id, dependent_on_answer_value_for_question_id) VALUES (231, 2090, 'OR', 7030, NULL);
INSERT into forms_answer_dependency (id, question_id, and_or, dependent_on_answer_id_for_question_id, dependent_on_answer_value_for_question_id) VALUES (232, 2091, 'OR', 7031, NULL);
INSERT into forms_answer_dependency (id, question_id, and_or, dependent_on_answer_id_for_question_id, dependent_on_answer_value_for_question_id) VALUES (233, 2094, 'OR', 7033, NULL);
INSERT into forms_answer_dependency (id, question_id, and_or, dependent_on_answer_id_for_question_id, dependent_on_answer_value_for_question_id) VALUES (234, 2097, 'OR', 7041, NULL);
INSERT into forms_answer_dependency (id, question_id, and_or, dependent_on_answer_id_for_question_id, dependent_on_answer_value_for_question_id) VALUES (235, 2101, 'OR', 7048, NULL);
INSERT into forms_answer_dependency (id, question_id, and_or, dependent_on_answer_id_for_question_id, dependent_on_answer_value_for_question_id) VALUES (236, 2123, 'OR', 7175, NULL);
INSERT into forms_answer_dependency (id, question_id, and_or, dependent_on_answer_id_for_question_id, dependent_on_answer_value_for_question_id) VALUES (237, 2125, 'OR', 7177, NULL);
INSERT into forms_answer_dependency (id, question_id, and_or, dependent_on_answer_id_for_question_id, dependent_on_answer_value_for_question_id) VALUES (238, 2127, 'OR', 7179, NULL);

UPDATE forms_section_question
SET is_active = FALSE
WHERE id BETWEEN 2089 AND 2090;

INSERT into forms_section_question (id, copied_from_id, weighted_val, is_required, is_visible, is_immutable, dependent_on_question_id, dependent_on_noanswer_question_id, if_answered_goto_question, answer_matches_goto_question, section_id, ordinal, sub_ordinal, question_type, question_text, is_active) VALUES (2330, NULL, 0, TRUE, FALSE, TRUE, 2104, NULL, NULL, NULL, 104, 1250, 0, 2, E'Please specify the location.', TRUE);

INSERT INTO forms_section_answer (id, copied_from_id, ordinal, question_id, is_immutable, answer_text, answer_char, answer_bool, answer_int, answer_datetime, is_from_query, is_active) VALUES (7553, NULL, 310, 2104, TRUE, 'MUNI', NULL, NULL, NULL, NULL, FALSE, TRUE);
INSERT INTO forms_section_answer (id, copied_from_id, ordinal, question_id, is_immutable, answer_text, answer_char, answer_bool, answer_int, answer_datetime, is_from_query, is_active) VALUES (7554, NULL, 320, 2104, TRUE, 'BART', NULL, NULL, NULL, NULL, FALSE, TRUE);
INSERT INTO forms_section_answer (id, copied_from_id, ordinal, question_id, is_immutable, answer_text, answer_char, answer_bool, answer_int, answer_datetime, is_from_query, is_active) VALUES (7555, NULL, 330, 2104, TRUE, 'CalTrain', NULL, NULL, NULL, NULL, FALSE, TRUE);
INSERT INTO forms_section_answer (id, copied_from_id, ordinal, question_id, is_immutable, answer_text, answer_char, answer_bool, answer_int, answer_datetime, is_from_query, is_active) VALUES (7556, NULL, 410, 2104, TRUE, 'Other', NULL, NULL, NULL, NULL, FALSE, TRUE);

INSERT into forms_answer_dependency (id, question_id, and_or, dependent_on_answer_id_for_question_id, dependent_on_answer_value_for_question_id) VALUES (267, 2330, 'OR', 7556, NULL);

/*
begin transaction;

delete from forms_answer_dependency_copy * where parent_id between 212 and 227;
delete from forms_answer_dependency * where id between 212 and 227;

delete from forms_section_user_response * where answer_id in (select id from forms_section_answer_copy * where parent_id between 6739 and 6918);
delete from forms_section_answer_copy * where parent_id between 6739 and 6918;
delete from forms_section_answer * where id between 6739 and 6918;

delete from forms_section_user_response where question_id in (select id from forms_section_question_copy * where parent_id between 1961 and 2055);
delete from forms_section_question_copy * where parent_id between 1961 and 2055;
delete from forms_section_question * where id between 1961 and 2055;

delete from forms_section_copy * where parent_id between 99 and 102;
delete from forms_section * where id between 99 and 102;

delete from forms_form_role_can_answer * where id between 85 and 87;

delete from forms_form_role_can_modify * where id between 57 and 58;

delete from forms_form_member_site * where id = 43;

delete from forms_form_role_can_modify_copy * where form_id in (select id from forms_form_copy where parent_id = 29);
delete from forms_form_copy * where parent_id = 29;
delete from forms_form * where id = 29;
*/