INSERT into forms_form (id, copied_from_id, description) VALUES (4, NULL, 'Mentee Application');

INSERT into forms_form_member_site (id, member_site_id, form_id) VALUES (4, 196, 4);

INSERT into forms_form_role_can_modify (id, form_id, role_id_can_modify) VALUES (7, 4, 6);
INSERT into forms_form_role_can_modify (id, form_id, role_id_can_modify) VALUES (8, 4, 1);

INSERT into forms_form_role_can_answer (id, form_id, role_id_can_answer) VALUES (10, 4, 6);
INSERT into forms_form_role_can_answer (id, form_id, role_id_can_answer) VALUES (11, 4, 1);
INSERT into forms_form_role_can_answer (id, form_id, role_id_can_answer) VALUES (12, 4, 5);

INSERT into forms_section (id, copied_from_id, description, form_id) VALUES (12, NULL, 'Contact Information', 4);
INSERT into forms_section (id, copied_from_id, description, form_id) VALUES (13, NULL, 'Evaluation', 4);
INSERT into forms_section (id, copied_from_id, description, form_id) VALUES (14, NULL, 'Matching', 4);

INSERT into forms_section_question (id, copied_from_id, weighted_val, is_required, is_visible, is_immutable, dependent_on_question_id, dependent_on_noanswer_question_id, if_answered_goto_question, answer_matches_goto_question, section_id, ordinal, sub_ordinal, question_type, question_text) VALUES (220, NULL, 0, FALSE, TRUE, TRUE, NULL, NULL, NULL, NULL, 12, 1, 0, 15, E'Contact Information');
INSERT into forms_section_question (id, copied_from_id, weighted_val, is_required, is_visible, is_immutable, dependent_on_question_id, dependent_on_noanswer_question_id, if_answered_goto_question, answer_matches_goto_question, section_id, ordinal, sub_ordinal, question_type, question_text) VALUES (221, NULL, 0, TRUE, TRUE, TRUE, NULL, NULL, NULL, NULL, 12, 2, 0, 2, E'First Name');
INSERT into forms_section_question (id, copied_from_id, weighted_val, is_required, is_visible, is_immutable, dependent_on_question_id, dependent_on_noanswer_question_id, if_answered_goto_question, answer_matches_goto_question, section_id, ordinal, sub_ordinal, question_type, question_text) VALUES (222, NULL, 0, TRUE, TRUE, TRUE, NULL, NULL, NULL, NULL, 12, 3, 0, 2, E'Last Name');
INSERT into forms_section_question (id, copied_from_id, weighted_val, is_required, is_visible, is_immutable, dependent_on_question_id, dependent_on_noanswer_question_id, if_answered_goto_question, answer_matches_goto_question, section_id, ordinal, sub_ordinal, question_type, question_text) VALUES (223, NULL, 0, TRUE, TRUE, TRUE, NULL, NULL, NULL, NULL, 12, 4, 1, 3, E'Your Primary Phone Number');
INSERT into forms_section_question (id, copied_from_id, weighted_val, is_required, is_visible, is_immutable, dependent_on_question_id, dependent_on_noanswer_question_id, if_answered_goto_question, answer_matches_goto_question, section_id, ordinal, sub_ordinal, question_type, question_text) VALUES (224, NULL, 0, TRUE, TRUE, TRUE, NULL, NULL, NULL, NULL, 12, 4, 2, 5, E'Is this a cell phone?');
INSERT into forms_section_question (id, copied_from_id, weighted_val, is_required, is_visible, is_immutable, dependent_on_question_id, dependent_on_noanswer_question_id, if_answered_goto_question, answer_matches_goto_question, section_id, ordinal, sub_ordinal, question_type, question_text) VALUES (225, NULL, 0, FALSE, TRUE, TRUE, NULL, NULL, NULL, NULL, 12, 5, 1, 3, E'Your Secondary Phone Number');
INSERT into forms_section_question (id, copied_from_id, weighted_val, is_required, is_visible, is_immutable, dependent_on_question_id, dependent_on_noanswer_question_id, if_answered_goto_question, answer_matches_goto_question, section_id, ordinal, sub_ordinal, question_type, question_text) VALUES (226, NULL, 0, FALSE, TRUE, TRUE, NULL, NULL, NULL, NULL, 12, 5, 2, 5, E'Is this a cell phone?');
INSERT into forms_section_question (id, copied_from_id, weighted_val, is_required, is_visible, is_immutable, dependent_on_question_id, dependent_on_noanswer_question_id, if_answered_goto_question, answer_matches_goto_question, section_id, ordinal, sub_ordinal, question_type, question_text) VALUES (227, NULL, 0, TRUE, TRUE, TRUE, NULL, NULL, NULL, NULL, 12, 6, 0, 4, E'Home Address');
INSERT into forms_section_question (id, copied_from_id, weighted_val, is_required, is_visible, is_immutable, dependent_on_question_id, dependent_on_noanswer_question_id, if_answered_goto_question, answer_matches_goto_question, section_id, ordinal, sub_ordinal, question_type, question_text) VALUES (228, NULL, 0, FALSE, TRUE, TRUE, NULL, NULL, NULL, NULL, 12, 7, 0, 15, E'Contact Information for your Parent or Guardian');
INSERT into forms_section_question (id, copied_from_id, weighted_val, is_required, is_visible, is_immutable, dependent_on_question_id, dependent_on_noanswer_question_id, if_answered_goto_question, answer_matches_goto_question, section_id, ordinal, sub_ordinal, question_type, question_text) VALUES (229, NULL, 0, TRUE, TRUE, TRUE, NULL, NULL, NULL, NULL, 12, 8, 0, 2, E'Parent/Guardian First Name');
INSERT into forms_section_question (id, copied_from_id, weighted_val, is_required, is_visible, is_immutable, dependent_on_question_id, dependent_on_noanswer_question_id, if_answered_goto_question, answer_matches_goto_question, section_id, ordinal, sub_ordinal, question_type, question_text) VALUES (230, NULL, 0, TRUE, TRUE, TRUE, NULL, NULL, NULL, NULL, 12, 9, 0, 2, E'Parent/Guardian Last Name');
INSERT into forms_section_question (id, copied_from_id, weighted_val, is_required, is_visible, is_immutable, dependent_on_question_id, dependent_on_noanswer_question_id, if_answered_goto_question, answer_matches_goto_question, section_id, ordinal, sub_ordinal, question_type, question_text) VALUES (231, NULL, 0, TRUE, TRUE, TRUE, NULL, NULL, NULL, NULL, 12, 10, 1, 3, E'Parent/Guardian Primary Phone');
INSERT into forms_section_question (id, copied_from_id, weighted_val, is_required, is_visible, is_immutable, dependent_on_question_id, dependent_on_noanswer_question_id, if_answered_goto_question, answer_matches_goto_question, section_id, ordinal, sub_ordinal, question_type, question_text) VALUES (232, NULL, 0, TRUE, TRUE, TRUE, NULL, NULL, NULL, NULL, 12, 10, 2, 5, E'Is this a cell phone?');
INSERT into forms_section_question (id, copied_from_id, weighted_val, is_required, is_visible, is_immutable, dependent_on_question_id, dependent_on_noanswer_question_id, if_answered_goto_question, answer_matches_goto_question, section_id, ordinal, sub_ordinal, question_type, question_text) VALUES (233, NULL, 0, TRUE, TRUE, TRUE, NULL, NULL, NULL, NULL, 12, 11, 0, 4, E'Parent/Guardian''s Address');
INSERT into forms_section_question (id, copied_from_id, weighted_val, is_required, is_visible, is_immutable, dependent_on_question_id, dependent_on_noanswer_question_id, if_answered_goto_question, answer_matches_goto_question, section_id, ordinal, sub_ordinal, question_type, question_text) VALUES (234, NULL, 0, FALSE, TRUE, TRUE, NULL, NULL, NULL, NULL, 12, 12, 0, 15, E'Demographic Information');
INSERT into forms_section_question (id, copied_from_id, weighted_val, is_required, is_visible, is_immutable, dependent_on_question_id, dependent_on_noanswer_question_id, if_answered_goto_question, answer_matches_goto_question, section_id, ordinal, sub_ordinal, question_type, question_text) VALUES (235, NULL, 0, TRUE, TRUE, TRUE, NULL, NULL, NULL, NULL, 12, 13, 0, 14, E'What is your birthday?');
INSERT into forms_section_question (id, copied_from_id, weighted_val, is_required, is_visible, is_immutable, dependent_on_question_id, dependent_on_noanswer_question_id, if_answered_goto_question, answer_matches_goto_question, section_id, ordinal, sub_ordinal, question_type, question_text) VALUES (236, NULL, 0, TRUE, TRUE, TRUE, NULL, NULL, NULL, NULL, 12, 14, 0, 5, E'With which gender do you most closely identify?');
INSERT into forms_section_question (id, copied_from_id, weighted_val, is_required, is_visible, is_immutable, dependent_on_question_id, dependent_on_noanswer_question_id, if_answered_goto_question, answer_matches_goto_question, section_id, ordinal, sub_ordinal, question_type, question_text) VALUES (237, NULL, 0, TRUE, TRUE, TRUE, NULL, NULL, NULL, NULL, 12, 15, 0, 7, E'With which race or races do you identify? Check all that apply');
INSERT into forms_section_question (id, copied_from_id, weighted_val, is_required, is_visible, is_immutable, dependent_on_question_id, dependent_on_noanswer_question_id, if_answered_goto_question, answer_matches_goto_question, section_id, ordinal, sub_ordinal, question_type, question_text) VALUES (238, NULL, 0, FALSE, TRUE, TRUE, NULL, NULL, NULL, NULL, 12, 16, 0, 15, E'School Information');
INSERT into forms_section_question (id, copied_from_id, weighted_val, is_required, is_visible, is_immutable, dependent_on_question_id, dependent_on_noanswer_question_id, if_answered_goto_question, answer_matches_goto_question, section_id, ordinal, sub_ordinal, question_type, question_text) VALUES (239, NULL, 0, TRUE, TRUE, TRUE, NULL, NULL, NULL, NULL, 12, 17, 0, 13, E'Please select your school and class');
INSERT into forms_section_question (id, copied_from_id, weighted_val, is_required, is_visible, is_immutable, dependent_on_question_id, dependent_on_noanswer_question_id, if_answered_goto_question, answer_matches_goto_question, section_id, ordinal, sub_ordinal, question_type, question_text) VALUES (240, NULL, 0, TRUE, TRUE, TRUE, NULL, NULL, NULL, NULL, 13, 1, 0, 5, E'Before mentor2.0 @ Godby HS, had you ever been matched with a mentor through another program?');
INSERT into forms_section_question (id, copied_from_id, weighted_val, is_required, is_visible, is_immutable, dependent_on_question_id, dependent_on_noanswer_question_id, if_answered_goto_question, answer_matches_goto_question, section_id, ordinal, sub_ordinal, question_type, question_text) VALUES (241, NULL, 0, FALSE, TRUE, TRUE, 240, NULL, NULL, NULL, 13, 2, 0, 2, E'What was the name of the mentoring program?');
INSERT into forms_section_question (id, copied_from_id, weighted_val, is_required, is_visible, is_immutable, dependent_on_question_id, dependent_on_noanswer_question_id, if_answered_goto_question, answer_matches_goto_question, section_id, ordinal, sub_ordinal, question_type, question_text) VALUES (242, NULL, 0, FALSE, TRUE, TRUE, NULL, NULL, NULL, NULL, 13, 3, 0, 5, E'Do you think that participating in mentor2.0 @ Godby HS is going to be a positive experience for you?');
INSERT into forms_section_question (id, copied_from_id, weighted_val, is_required, is_visible, is_immutable, dependent_on_question_id, dependent_on_noanswer_question_id, if_answered_goto_question, answer_matches_goto_question, section_id, ordinal, sub_ordinal, question_type, question_text) VALUES (243, NULL, 0, FALSE, TRUE, TRUE, NULL, NULL, NULL, NULL, 13, 4, 0, 5, E'Were both of your parents born in the United States?');
INSERT into forms_section_question (id, copied_from_id, weighted_val, is_required, is_visible, is_immutable, dependent_on_question_id, dependent_on_noanswer_question_id, if_answered_goto_question, answer_matches_goto_question, section_id, ordinal, sub_ordinal, question_type, question_text) VALUES (244, NULL, 0, FALSE, TRUE, TRUE, 243, NULL, NULL, NULL, 13, 5, 0, 9, E'What country/territory/protectorate were your parents born?');
INSERT into forms_section_question (id, copied_from_id, weighted_val, is_required, is_visible, is_immutable, dependent_on_question_id, dependent_on_noanswer_question_id, if_answered_goto_question, answer_matches_goto_question, section_id, ordinal, sub_ordinal, question_type, question_text) VALUES (245, NULL, 0, FALSE, TRUE, TRUE, NULL, NULL, NULL, NULL, 13, 6, 0, 5, E'Were you born in the United States?');
INSERT into forms_section_question (id, copied_from_id, weighted_val, is_required, is_visible, is_immutable, dependent_on_question_id, dependent_on_noanswer_question_id, if_answered_goto_question, answer_matches_goto_question, section_id, ordinal, sub_ordinal, question_type, question_text) VALUES (246, NULL, 0, FALSE, TRUE, TRUE, 245, NULL, NULL, NULL, 13, 7, 0, 9, E'Which country were you born?');
INSERT into forms_section_question (id, copied_from_id, weighted_val, is_required, is_visible, is_immutable, dependent_on_question_id, dependent_on_noanswer_question_id, if_answered_goto_question, answer_matches_goto_question, section_id, ordinal, sub_ordinal, question_type, question_text) VALUES (247, NULL, 0, FALSE, TRUE, TRUE, 245, NULL, NULL, NULL, 13, 8, 0, 8, E'For how many years have you lived in the United States? (you can make a "best guess" if you don''t know)');
INSERT into forms_section_question (id, copied_from_id, weighted_val, is_required, is_visible, is_immutable, dependent_on_question_id, dependent_on_noanswer_question_id, if_answered_goto_question, answer_matches_goto_question, section_id, ordinal, sub_ordinal, question_type, question_text) VALUES (248, NULL, 0, TRUE, TRUE, TRUE, NULL, NULL, NULL, NULL, 13, 9, 0, 6, E'Parent''s marital status');
INSERT into forms_section_question (id, copied_from_id, weighted_val, is_required, is_visible, is_immutable, dependent_on_question_id, dependent_on_noanswer_question_id, if_answered_goto_question, answer_matches_goto_question, section_id, ordinal, sub_ordinal, question_type, question_text) VALUES (249, NULL, 0, FALSE, TRUE, TRUE, NULL, NULL, NULL, NULL, 13, 10, 0, 5, E'Do you have siblings (brothers or sisters)?');
INSERT into forms_section_question (id, copied_from_id, weighted_val, is_required, is_visible, is_immutable, dependent_on_question_id, dependent_on_noanswer_question_id, if_answered_goto_question, answer_matches_goto_question, section_id, ordinal, sub_ordinal, question_type, question_text) VALUES (250, NULL, 0, FALSE, TRUE, TRUE, NULL, NULL, NULL, NULL, 13, 11, 0, 6, E'How many siblings do you have?');
INSERT into forms_section_question (id, copied_from_id, weighted_val, is_required, is_visible, is_immutable, dependent_on_question_id, dependent_on_noanswer_question_id, if_answered_goto_question, answer_matches_goto_question, section_id, ordinal, sub_ordinal, question_type, question_text) VALUES (251, NULL, 0, TRUE, TRUE, TRUE, NULL, NULL, NULL, NULL, 13, 12, 0, 5, E'Do you qualify for Free or Reduced lunch at your school?');
INSERT into forms_section_question (id, copied_from_id, weighted_val, is_required, is_visible, is_immutable, dependent_on_question_id, dependent_on_noanswer_question_id, if_answered_goto_question, answer_matches_goto_question, section_id, ordinal, sub_ordinal, question_type, question_text) VALUES (252, NULL, 0, TRUE, TRUE, TRUE, NULL, NULL, NULL, NULL, 13, 13, 0, 5, E'Does your father/male guardian work?');
INSERT into forms_section_question (id, copied_from_id, weighted_val, is_required, is_visible, is_immutable, dependent_on_question_id, dependent_on_noanswer_question_id, if_answered_goto_question, answer_matches_goto_question, section_id, ordinal, sub_ordinal, question_type, question_text) VALUES (253, NULL, 0, FALSE, TRUE, TRUE, NULL, NULL, NULL, NULL, 13, 14, 0, 2, E'Where does your father/male guardian work?');
INSERT into forms_section_question (id, copied_from_id, weighted_val, is_required, is_visible, is_immutable, dependent_on_question_id, dependent_on_noanswer_question_id, if_answered_goto_question, answer_matches_goto_question, section_id, ordinal, sub_ordinal, question_type, question_text) VALUES (254, NULL, 0, TRUE, TRUE, TRUE, NULL, NULL, NULL, NULL, 13, 15, 0, 6, E'What was the highest level of education that your father received?');
INSERT into forms_section_question (id, copied_from_id, weighted_val, is_required, is_visible, is_immutable, dependent_on_question_id, dependent_on_noanswer_question_id, if_answered_goto_question, answer_matches_goto_question, section_id, ordinal, sub_ordinal, question_type, question_text) VALUES (255, NULL, 0, TRUE, TRUE, TRUE, NULL, NULL, NULL, NULL, 13, 16, 0, 5, E'Does you mother/female guardian work?');
INSERT into forms_section_question (id, copied_from_id, weighted_val, is_required, is_visible, is_immutable, dependent_on_question_id, dependent_on_noanswer_question_id, if_answered_goto_question, answer_matches_goto_question, section_id, ordinal, sub_ordinal, question_type, question_text) VALUES (256, NULL, 0, FALSE, TRUE, TRUE, NULL, NULL, NULL, NULL, 13, 17, 0, 2, E'Where does your mother/female guardian work?');
INSERT into forms_section_question (id, copied_from_id, weighted_val, is_required, is_visible, is_immutable, dependent_on_question_id, dependent_on_noanswer_question_id, if_answered_goto_question, answer_matches_goto_question, section_id, ordinal, sub_ordinal, question_type, question_text) VALUES (257, NULL, 0, TRUE, TRUE, TRUE, NULL, NULL, NULL, NULL, 13, 18, 0, 6, E'What was the highest level of education that your mother received?');
INSERT into forms_section_question (id, copied_from_id, weighted_val, is_required, is_visible, is_immutable, dependent_on_question_id, dependent_on_noanswer_question_id, if_answered_goto_question, answer_matches_goto_question, section_id, ordinal, sub_ordinal, question_type, question_text) VALUES (258, NULL, 0, FALSE, TRUE, TRUE, NULL, NULL, NULL, NULL, 13, 19, 0, 5, E'Do you have a computer, phone or another device at home with internet access that you can use?');
INSERT into forms_section_question (id, copied_from_id, weighted_val, is_required, is_visible, is_immutable, dependent_on_question_id, dependent_on_noanswer_question_id, if_answered_goto_question, answer_matches_goto_question, section_id, ordinal, sub_ordinal, question_type, question_text) VALUES (259, NULL, 0, TRUE, TRUE, TRUE, NULL, NULL, NULL, NULL, 13, 20, 0, 6, E'How often do you use computers, phones or other devices with internet access for school work?');
INSERT into forms_section_question (id, copied_from_id, weighted_val, is_required, is_visible, is_immutable, dependent_on_question_id, dependent_on_noanswer_question_id, if_answered_goto_question, answer_matches_goto_question, section_id, ordinal, sub_ordinal, question_type, question_text) VALUES (260, NULL, 0, TRUE, TRUE, TRUE, NULL, NULL, NULL, NULL, 13, 21, 0, 6, E'On a scale of one to five, rate your ability to use Microsoft Word.');
INSERT into forms_section_question (id, copied_from_id, weighted_val, is_required, is_visible, is_immutable, dependent_on_question_id, dependent_on_noanswer_question_id, if_answered_goto_question, answer_matches_goto_question, section_id, ordinal, sub_ordinal, question_type, question_text) VALUES (261, NULL, 0, TRUE, TRUE, TRUE, NULL, NULL, NULL, NULL, 13, 22, 0, 6, E'On a scale of one to five, rate your ability to express yourself in writing. When you are writing things down, how effectively can you communicate your thoughts and feelings?');
INSERT into forms_section_question (id, copied_from_id, weighted_val, is_required, is_visible, is_immutable, dependent_on_question_id, dependent_on_noanswer_question_id, if_answered_goto_question, answer_matches_goto_question, section_id, ordinal, sub_ordinal, question_type, question_text) VALUES (262, NULL, 0, TRUE, TRUE, TRUE, NULL, NULL, NULL, NULL, 13, 23, 0, 6, E'On a scale of one to five, how comfortable are you with using e-mail?');
INSERT into forms_section_question (id, copied_from_id, weighted_val, is_required, is_visible, is_immutable, dependent_on_question_id, dependent_on_noanswer_question_id, if_answered_goto_question, answer_matches_goto_question, section_id, ordinal, sub_ordinal, question_type, question_text) VALUES (263, NULL, 0, TRUE, TRUE, TRUE, NULL, NULL, NULL, NULL, 13, 24, 0, 6, E'How often do you write emails?');
INSERT into forms_section_question (id, copied_from_id, weighted_val, is_required, is_visible, is_immutable, dependent_on_question_id, dependent_on_noanswer_question_id, if_answered_goto_question, answer_matches_goto_question, section_id, ordinal, sub_ordinal, question_type, question_text) VALUES (264, NULL, 0, TRUE, TRUE, TRUE, NULL, NULL, NULL, NULL, 13, 25, 0, 6, E'In your opinion, how helpful is email for getting to know someone better?');
INSERT into forms_section_question (id, copied_from_id, weighted_val, is_required, is_visible, is_immutable, dependent_on_question_id, dependent_on_noanswer_question_id, if_answered_goto_question, answer_matches_goto_question, section_id, ordinal, sub_ordinal, question_type, question_text) VALUES (265, NULL, 0, TRUE, TRUE, TRUE, NULL, NULL, NULL, NULL, 13, 26, 0, 6, E'In your opinion, how helpful is email for you to stay in touch with people that you care about?');
INSERT into forms_section_question (id, copied_from_id, weighted_val, is_required, is_visible, is_immutable, dependent_on_question_id, dependent_on_noanswer_question_id, if_answered_goto_question, answer_matches_goto_question, section_id, ordinal, sub_ordinal, question_type, question_text) VALUES (266, NULL, 0, TRUE, TRUE, TRUE, NULL, NULL, NULL, NULL, 13, 27, 0, 6, E'How far do you think you will go in school?');
INSERT into forms_section_question (id, copied_from_id, weighted_val, is_required, is_visible, is_immutable, dependent_on_question_id, dependent_on_noanswer_question_id, if_answered_goto_question, answer_matches_goto_question, section_id, ordinal, sub_ordinal, question_type, question_text) VALUES (267, NULL, 0, TRUE, TRUE, TRUE, NULL, NULL, NULL, NULL, 13, 28, 0, 6, E'On a scale of one to five, rate yourself as a student.');
INSERT into forms_section_question (id, copied_from_id, weighted_val, is_required, is_visible, is_immutable, dependent_on_question_id, dependent_on_noanswer_question_id, if_answered_goto_question, answer_matches_goto_question, section_id, ordinal, sub_ordinal, question_type, question_text) VALUES (268, NULL, 0, TRUE, TRUE, TRUE, NULL, NULL, NULL, NULL, 13, 29, 0, 6, E'How often does someone help you with your schoolwork? (Family members, friends, tutors, school employees, etc.)');
INSERT into forms_section_question (id, copied_from_id, weighted_val, is_required, is_visible, is_immutable, dependent_on_question_id, dependent_on_noanswer_question_id, if_answered_goto_question, answer_matches_goto_question, section_id, ordinal, sub_ordinal, question_type, question_text) VALUES (269, NULL, 0, TRUE, TRUE, TRUE, NULL, NULL, NULL, NULL, 13, 30, 0, 5, E'Have you ever researched potential colleges?');
INSERT into forms_section_question (id, copied_from_id, weighted_val, is_required, is_visible, is_immutable, dependent_on_question_id, dependent_on_noanswer_question_id, if_answered_goto_question, answer_matches_goto_question, section_id, ordinal, sub_ordinal, question_type, question_text) VALUES (270, NULL, 0, TRUE, TRUE, TRUE, NULL, NULL, NULL, NULL, 13, 31, 0, 6, E'Who helps you plan for college? (Check all that apply)');
INSERT into forms_section_question (id, copied_from_id, weighted_val, is_required, is_visible, is_immutable, dependent_on_question_id, dependent_on_noanswer_question_id, if_answered_goto_question, answer_matches_goto_question, section_id, ordinal, sub_ordinal, question_type, question_text) VALUES (271, NULL, 0, TRUE, TRUE, TRUE, NULL, NULL, NULL, NULL, 13, 32, 0, 6, E'How much do you know about colleges and what it takes to get accepted to the colleges you want to go to?');
INSERT into forms_section_question (id, copied_from_id, weighted_val, is_required, is_visible, is_immutable, dependent_on_question_id, dependent_on_noanswer_question_id, if_answered_goto_question, answer_matches_goto_question, section_id, ordinal, sub_ordinal, question_type, question_text) VALUES (272, NULL, 0, TRUE, TRUE, TRUE, NULL, NULL, NULL, NULL, 13, 33, 0, 6, E'Do you know how much the average college tuition costs?');
INSERT into forms_section_question (id, copied_from_id, weighted_val, is_required, is_visible, is_immutable, dependent_on_question_id, dependent_on_noanswer_question_id, if_answered_goto_question, answer_matches_goto_question, section_id, ordinal, sub_ordinal, question_type, question_text) VALUES (273, NULL, 0, TRUE, TRUE, TRUE, NULL, NULL, NULL, NULL, 13, 34, 0, 6, E'Are you prepared to pay for your college education?');
INSERT into forms_section_question (id, copied_from_id, weighted_val, is_required, is_visible, is_immutable, dependent_on_question_id, dependent_on_noanswer_question_id, if_answered_goto_question, answer_matches_goto_question, section_id, ordinal, sub_ordinal, question_type, question_text) VALUES (274, NULL, 0, TRUE, TRUE, TRUE, NULL, NULL, NULL, NULL, 13, 35, 0, 6, E'What do you know about standardized tests that are mandatory for college acceptance? (SAT, ACT, etc.)');
INSERT into forms_section_question (id, copied_from_id, weighted_val, is_required, is_visible, is_immutable, dependent_on_question_id, dependent_on_noanswer_question_id, if_answered_goto_question, answer_matches_goto_question, section_id, ordinal, sub_ordinal, question_type, question_text) VALUES (275, NULL, 0, TRUE, TRUE, TRUE, NULL, NULL, NULL, NULL, 13, 36, 0, 6, E'How important is getting a college education, in your opinion, for YOU to live the type of life you want to live?');
INSERT into forms_section_question (id, copied_from_id, weighted_val, is_required, is_visible, is_immutable, dependent_on_question_id, dependent_on_noanswer_question_id, if_answered_goto_question, answer_matches_goto_question, section_id, ordinal, sub_ordinal, question_type, question_text) VALUES (276, NULL, 0, TRUE, TRUE, TRUE, NULL, NULL, NULL, NULL, 13, 37, 0, 6, E'On a scale of one to five, how much do you know about the career options available to you? ');
INSERT into forms_section_question (id, copied_from_id, weighted_val, is_required, is_visible, is_immutable, dependent_on_question_id, dependent_on_noanswer_question_id, if_answered_goto_question, answer_matches_goto_question, section_id, ordinal, sub_ordinal, question_type, question_text) VALUES (277, NULL, 0, TRUE, TRUE, TRUE, NULL, NULL, NULL, NULL, 13, 38, 0, 6, E'How often do you meet people in Tallahassee who are different from you (different ethnicity, living in a different part of the city, different interests, different views and beliefs, etc.)?');
INSERT into forms_section_question (id, copied_from_id, weighted_val, is_required, is_visible, is_immutable, dependent_on_question_id, dependent_on_noanswer_question_id, if_answered_goto_question, answer_matches_goto_question, section_id, ordinal, sub_ordinal, question_type, question_text) VALUES (278, NULL, 0, TRUE, TRUE, TRUE, NULL, NULL, NULL, NULL, 13, 39, 0, 6, E'How confident are you when you are meeting new people?');
INSERT into forms_section_question (id, copied_from_id, weighted_val, is_required, is_visible, is_immutable, dependent_on_question_id, dependent_on_noanswer_question_id, if_answered_goto_question, answer_matches_goto_question, section_id, ordinal, sub_ordinal, question_type, question_text) VALUES (279, NULL, 0, TRUE, TRUE, TRUE, NULL, NULL, NULL, NULL, 13, 40, 0, 6, E'Check the days where you are available between the hours of 4:30pm and 7:00pm');
INSERT into forms_section_question (id, copied_from_id, weighted_val, is_required, is_visible, is_immutable, dependent_on_question_id, dependent_on_noanswer_question_id, if_answered_goto_question, answer_matches_goto_question, section_id, ordinal, sub_ordinal, question_type, question_text) VALUES (280, NULL, 0, FALSE, TRUE, TRUE, NULL, NULL, NULL, NULL, 14, 1, 0, 16, E'This page is all about what you want your mentor to be like and what you want your mentor to have experienced while they were growing up, going to college, and working in their career. Please think hard about what kind of mentor will be best for you. The more questions you answer on this page, the stronger your match will be!');
INSERT into forms_section_question (id, copied_from_id, weighted_val, is_required, is_visible, is_immutable, dependent_on_question_id, dependent_on_noanswer_question_id, if_answered_goto_question, answer_matches_goto_question, section_id, ordinal, sub_ordinal, question_type, question_text) VALUES (281, NULL, 0, FALSE, TRUE, TRUE, NULL, NULL, NULL, NULL, 14, 2, 0, 15, E'Career Interests');
INSERT into forms_section_question (id, copied_from_id, weighted_val, is_required, is_visible, is_immutable, dependent_on_question_id, dependent_on_noanswer_question_id, if_answered_goto_question, answer_matches_goto_question, section_id, ordinal, sub_ordinal, question_type, question_text) VALUES (282, NULL, 0, TRUE, TRUE, TRUE, NULL, NULL, NULL, NULL, 14, 3, 0, 17, E'Which one of the following careers and jobs are you most interested in?');
INSERT into forms_section_question (id, copied_from_id, weighted_val, is_required, is_visible, is_immutable, dependent_on_question_id, dependent_on_noanswer_question_id, if_answered_goto_question, answer_matches_goto_question, section_id, ordinal, sub_ordinal, question_type, question_text) VALUES (283, NULL, 0, TRUE, TRUE, TRUE, NULL, NULL, NULL, NULL, 14, 4, 0, 17, E'What other careers and jobs are you interested in?');
INSERT into forms_section_question (id, copied_from_id, weighted_val, is_required, is_visible, is_immutable, dependent_on_question_id, dependent_on_noanswer_question_id, if_answered_goto_question, answer_matches_goto_question, section_id, ordinal, sub_ordinal, question_type, question_text) VALUES (284, NULL, 0, TRUE, TRUE, TRUE, NULL, NULL, NULL, NULL, 14, 5, 0, 7, E'When you are matched with your mentor you may work on some of the following projects. Which are you most interested in working on with your mentor?');
INSERT into forms_section_question (id, copied_from_id, weighted_val, is_required, is_visible, is_immutable, dependent_on_question_id, dependent_on_noanswer_question_id, if_answered_goto_question, answer_matches_goto_question, section_id, ordinal, sub_ordinal, question_type, question_text) VALUES (285, NULL, 0, FALSE, TRUE, TRUE, NULL, NULL, NULL, NULL, 14, 6, 0, 15, E'Academic Interests');
INSERT into forms_section_question (id, copied_from_id, weighted_val, is_required, is_visible, is_immutable, dependent_on_question_id, dependent_on_noanswer_question_id, if_answered_goto_question, answer_matches_goto_question, section_id, ordinal, sub_ordinal, question_type, question_text) VALUES (286, NULL, 0, TRUE, TRUE, TRUE, NULL, NULL, NULL, NULL, 14, 7, 0, 7, E'Which subjects do you think you want to study in college?');
INSERT into forms_section_question (id, copied_from_id, weighted_val, is_required, is_visible, is_immutable, dependent_on_question_id, dependent_on_noanswer_question_id, if_answered_goto_question, answer_matches_goto_question, section_id, ordinal, sub_ordinal, question_type, question_text) VALUES (287, NULL, 0, TRUE, TRUE, TRUE, NULL, NULL, NULL, NULL, 14, 8, 0, 7, E'Even if you don''t want to major in them, what other academic subjects are you interested in? (Majors are you official, or primary area of study in college).');
INSERT into forms_section_question (id, copied_from_id, weighted_val, is_required, is_visible, is_immutable, dependent_on_question_id, dependent_on_noanswer_question_id, if_answered_goto_question, answer_matches_goto_question, section_id, ordinal, sub_ordinal, question_type, question_text) VALUES (288, NULL, 0, TRUE, TRUE, TRUE, NULL, NULL, NULL, NULL, 14, 9, 0, 7, E'Which of the following experiences would you like your mentor to have experienced in high school? (Check all that apply)');
INSERT into forms_section_question (id, copied_from_id, weighted_val, is_required, is_visible, is_immutable, dependent_on_question_id, dependent_on_noanswer_question_id, if_answered_goto_question, answer_matches_goto_question, section_id, ordinal, sub_ordinal, question_type, question_text) VALUES (289, NULL, 0, TRUE, TRUE, TRUE, NULL, NULL, NULL, NULL, 14, 10, 0, 7, E'In which of the following academic subjects would you want your mentor to be able to help you? (Check all that apply)');
INSERT into forms_section_question (id, copied_from_id, weighted_val, is_required, is_visible, is_immutable, dependent_on_question_id, dependent_on_noanswer_question_id, if_answered_goto_question, answer_matches_goto_question, section_id, ordinal, sub_ordinal, question_type, question_text) VALUES (290, NULL, 0, FALSE, TRUE, TRUE, NULL, NULL, NULL, NULL, 14, 11, 0, 15, E'Personal Interests');
INSERT into forms_section_question (id, copied_from_id, weighted_val, is_required, is_visible, is_immutable, dependent_on_question_id, dependent_on_noanswer_question_id, if_answered_goto_question, answer_matches_goto_question, section_id, ordinal, sub_ordinal, question_type, question_text) VALUES (291, NULL, 0, TRUE, TRUE, TRUE, NULL, NULL, NULL, NULL, 14, 12, 0, 7, E'Which of the following personality traits would you like your mentor to have?');
INSERT into forms_section_question (id, copied_from_id, weighted_val, is_required, is_visible, is_immutable, dependent_on_question_id, dependent_on_noanswer_question_id, if_answered_goto_question, answer_matches_goto_question, section_id, ordinal, sub_ordinal, question_type, question_text) VALUES (292, NULL, 0, TRUE, TRUE, TRUE, NULL, NULL, NULL, NULL, 14, 13, 0, 7, E'Which of the following life experiences would you like your mentor to have had?');
INSERT into forms_section_question (id, copied_from_id, weighted_val, is_required, is_visible, is_immutable, dependent_on_question_id, dependent_on_noanswer_question_id, if_answered_goto_question, answer_matches_goto_question, section_id, ordinal, sub_ordinal, question_type, question_text) VALUES (293, NULL, 0, TRUE, TRUE, TRUE, NULL, NULL, NULL, NULL, 14, 14, 0, 7, E'Are there any personal issues you would like to work on with your mentor?');
INSERT into forms_section_question (id, copied_from_id, weighted_val, is_required, is_visible, is_immutable, dependent_on_question_id, dependent_on_noanswer_question_id, if_answered_goto_question, answer_matches_goto_question, section_id, ordinal, sub_ordinal, question_type, question_text) VALUES (294, NULL, 0, TRUE, TRUE, TRUE, NULL, NULL, NULL, NULL, 14, 15, 0, 7, E'What are your favorite things to do in your free time?');
INSERT into forms_section_question (id, copied_from_id, weighted_val, is_required, is_visible, is_immutable, dependent_on_question_id, dependent_on_noanswer_question_id, if_answered_goto_question, answer_matches_goto_question, section_id, ordinal, sub_ordinal, question_type, question_text) VALUES (295, NULL, 0, TRUE, TRUE, TRUE, NULL, NULL, NULL, NULL, 14, 16, 0, 2, E'Please tell us a little bit about yourself that we couldn''t learn from the previous questions. What else do you think we should know in order to find you the best possible match? Tell us what makes you different from everyone else!');

INSERT INTO forms_section_answer (id, copied_from_id, ordinal, question_id, is_immutable, answer_text, answer_char, answer_bool, answer_int, answer_datetime, is_from_query) VALUES (706, NULL, 1, 224, TRUE, 'Yes', NULL, NULL, NULL, NULL, FALSE);
INSERT INTO forms_section_answer (id, copied_from_id, ordinal, question_id, is_immutable, answer_text, answer_char, answer_bool, answer_int, answer_datetime, is_from_query) VALUES (707, NULL, 2, 224, TRUE, 'No', NULL, NULL, NULL, NULL, FALSE);
INSERT INTO forms_section_answer (id, copied_from_id, ordinal, question_id, is_immutable, answer_text, answer_char, answer_bool, answer_int, answer_datetime, is_from_query) VALUES (708, NULL, 1, 226, TRUE, 'Yes', NULL, NULL, NULL, NULL, FALSE);
INSERT INTO forms_section_answer (id, copied_from_id, ordinal, question_id, is_immutable, answer_text, answer_char, answer_bool, answer_int, answer_datetime, is_from_query) VALUES (709, NULL, 2, 226, TRUE, 'No', NULL, NULL, NULL, NULL, FALSE);
INSERT INTO forms_section_answer (id, copied_from_id, ordinal, question_id, is_immutable, answer_text, answer_char, answer_bool, answer_int, answer_datetime, is_from_query) VALUES (710, NULL, 1, 232, TRUE, 'Yes', NULL, NULL, NULL, NULL, FALSE);
INSERT INTO forms_section_answer (id, copied_from_id, ordinal, question_id, is_immutable, answer_text, answer_char, answer_bool, answer_int, answer_datetime, is_from_query) VALUES (711, NULL, 2, 232, TRUE, 'No', NULL, NULL, NULL, NULL, FALSE);
INSERT INTO forms_section_answer (id, copied_from_id, ordinal, question_id, is_immutable, answer_text, answer_char, answer_bool, answer_int, answer_datetime, is_from_query) VALUES (712, NULL, 1, 236, TRUE, 'Male', NULL, NULL, NULL, NULL, FALSE);
INSERT INTO forms_section_answer (id, copied_from_id, ordinal, question_id, is_immutable, answer_text, answer_char, answer_bool, answer_int, answer_datetime, is_from_query) VALUES (713, NULL, 2, 236, TRUE, 'Female', NULL, NULL, NULL, NULL, FALSE);
INSERT INTO forms_section_answer (id, copied_from_id, ordinal, question_id, is_immutable, answer_text, answer_char, answer_bool, answer_int, answer_datetime, is_from_query) VALUES (714, NULL, 1, 237, TRUE, 'Asian/Pacific Islander', NULL, NULL, NULL, NULL, FALSE);
INSERT INTO forms_section_answer (id, copied_from_id, ordinal, question_id, is_immutable, answer_text, answer_char, answer_bool, answer_int, answer_datetime, is_from_query) VALUES (715, NULL, 2, 237, TRUE, 'Black/African American', NULL, NULL, NULL, NULL, FALSE);
INSERT INTO forms_section_answer (id, copied_from_id, ordinal, question_id, is_immutable, answer_text, answer_char, answer_bool, answer_int, answer_datetime, is_from_query) VALUES (716, NULL, 3, 237, TRUE, 'Hispanic (may be of any race)', NULL, NULL, NULL, NULL, FALSE);
INSERT INTO forms_section_answer (id, copied_from_id, ordinal, question_id, is_immutable, answer_text, answer_char, answer_bool, answer_int, answer_datetime, is_from_query) VALUES (717, NULL, 4, 237, TRUE, 'Native American (Aleutian Islander)', NULL, NULL, NULL, NULL, FALSE);
INSERT INTO forms_section_answer (id, copied_from_id, ordinal, question_id, is_immutable, answer_text, answer_char, answer_bool, answer_int, answer_datetime, is_from_query) VALUES (718, NULL, 5, 237, TRUE, 'White (Non-Hispanic)', NULL, NULL, NULL, NULL, FALSE);
INSERT INTO forms_section_answer (id, copied_from_id, ordinal, question_id, is_immutable, answer_text, answer_char, answer_bool, answer_int, answer_datetime, is_from_query) VALUES (719, NULL, 6, 237, TRUE, 'I identify with a race not listed here', NULL, NULL, NULL, NULL, FALSE);
INSERT INTO forms_section_answer (id, copied_from_id, ordinal, question_id, is_immutable, answer_text, answer_char, answer_bool, answer_int, answer_datetime, is_from_query) VALUES (720, NULL, 7, 237, TRUE, 'I would prefer not to indicate my race', NULL, NULL, NULL, NULL, FALSE);
INSERT INTO forms_section_answer (id, copied_from_id, ordinal, question_id, is_immutable, answer_text, answer_char, answer_bool, answer_int, answer_datetime, is_from_query) VALUES (721, NULL, 1, 239, TRUE, NULL, NULL, NULL, NULL, NULL, TRUE);
INSERT INTO forms_section_answer (id, copied_from_id, ordinal, question_id, is_immutable, answer_text, answer_char, answer_bool, answer_int, answer_datetime, is_from_query) VALUES (722, NULL, 1, 240, TRUE, 'Yes', NULL, NULL, NULL, NULL, FALSE);
INSERT INTO forms_section_answer (id, copied_from_id, ordinal, question_id, is_immutable, answer_text, answer_char, answer_bool, answer_int, answer_datetime, is_from_query) VALUES (723, NULL, 2, 240, TRUE, 'No', NULL, NULL, NULL, NULL, FALSE);
INSERT INTO forms_section_answer (id, copied_from_id, ordinal, question_id, is_immutable, answer_text, answer_char, answer_bool, answer_int, answer_datetime, is_from_query) VALUES (724, NULL, 1, 242, TRUE, 'Yes', NULL, NULL, NULL, NULL, FALSE);
INSERT INTO forms_section_answer (id, copied_from_id, ordinal, question_id, is_immutable, answer_text, answer_char, answer_bool, answer_int, answer_datetime, is_from_query) VALUES (725, NULL, 2, 242, TRUE, 'No', NULL, NULL, NULL, NULL, FALSE);
INSERT INTO forms_section_answer (id, copied_from_id, ordinal, question_id, is_immutable, answer_text, answer_char, answer_bool, answer_int, answer_datetime, is_from_query) VALUES (726, NULL, 1, 243, TRUE, 'Yes', NULL, NULL, NULL, NULL, FALSE);
INSERT INTO forms_section_answer (id, copied_from_id, ordinal, question_id, is_immutable, answer_text, answer_char, answer_bool, answer_int, answer_datetime, is_from_query) VALUES (727, NULL, 2, 243, TRUE, 'No', NULL, NULL, NULL, NULL, FALSE);
INSERT INTO forms_section_answer (id, copied_from_id, ordinal, question_id, is_immutable, answer_text, answer_char, answer_bool, answer_int, answer_datetime, is_from_query) VALUES (728, NULL, 1, 245, TRUE, 'Yes', NULL, NULL, NULL, NULL, FALSE);
INSERT INTO forms_section_answer (id, copied_from_id, ordinal, question_id, is_immutable, answer_text, answer_char, answer_bool, answer_int, answer_datetime, is_from_query) VALUES (729, NULL, 2, 245, TRUE, 'No', NULL, NULL, NULL, NULL, FALSE);
INSERT INTO forms_section_answer (id, copied_from_id, ordinal, question_id, is_immutable, answer_text, answer_char, answer_bool, answer_int, answer_datetime, is_from_query) VALUES (730, NULL, 1, 247, TRUE, '1', NULL, NULL, NULL, NULL, FALSE);
INSERT INTO forms_section_answer (id, copied_from_id, ordinal, question_id, is_immutable, answer_text, answer_char, answer_bool, answer_int, answer_datetime, is_from_query) VALUES (731, NULL, 2, 247, TRUE, '2', NULL, NULL, NULL, NULL, FALSE);
INSERT INTO forms_section_answer (id, copied_from_id, ordinal, question_id, is_immutable, answer_text, answer_char, answer_bool, answer_int, answer_datetime, is_from_query) VALUES (732, NULL, 3, 247, TRUE, '3', NULL, NULL, NULL, NULL, FALSE);
INSERT INTO forms_section_answer (id, copied_from_id, ordinal, question_id, is_immutable, answer_text, answer_char, answer_bool, answer_int, answer_datetime, is_from_query) VALUES (733, NULL, 4, 247, TRUE, '4', NULL, NULL, NULL, NULL, FALSE);
INSERT INTO forms_section_answer (id, copied_from_id, ordinal, question_id, is_immutable, answer_text, answer_char, answer_bool, answer_int, answer_datetime, is_from_query) VALUES (734, NULL, 5, 247, TRUE, '5', NULL, NULL, NULL, NULL, FALSE);
INSERT INTO forms_section_answer (id, copied_from_id, ordinal, question_id, is_immutable, answer_text, answer_char, answer_bool, answer_int, answer_datetime, is_from_query) VALUES (735, NULL, 6, 247, TRUE, '6', NULL, NULL, NULL, NULL, FALSE);
INSERT INTO forms_section_answer (id, copied_from_id, ordinal, question_id, is_immutable, answer_text, answer_char, answer_bool, answer_int, answer_datetime, is_from_query) VALUES (736, NULL, 7, 247, TRUE, '7', NULL, NULL, NULL, NULL, FALSE);
INSERT INTO forms_section_answer (id, copied_from_id, ordinal, question_id, is_immutable, answer_text, answer_char, answer_bool, answer_int, answer_datetime, is_from_query) VALUES (737, NULL, 8, 247, TRUE, '8', NULL, NULL, NULL, NULL, FALSE);
INSERT INTO forms_section_answer (id, copied_from_id, ordinal, question_id, is_immutable, answer_text, answer_char, answer_bool, answer_int, answer_datetime, is_from_query) VALUES (738, NULL, 9, 247, TRUE, '9', NULL, NULL, NULL, NULL, FALSE);
INSERT INTO forms_section_answer (id, copied_from_id, ordinal, question_id, is_immutable, answer_text, answer_char, answer_bool, answer_int, answer_datetime, is_from_query) VALUES (739, NULL, 10, 247, TRUE, '10', NULL, NULL, NULL, NULL, FALSE);
INSERT INTO forms_section_answer (id, copied_from_id, ordinal, question_id, is_immutable, answer_text, answer_char, answer_bool, answer_int, answer_datetime, is_from_query) VALUES (740, NULL, 11, 247, TRUE, '11', NULL, NULL, NULL, NULL, FALSE);
INSERT INTO forms_section_answer (id, copied_from_id, ordinal, question_id, is_immutable, answer_text, answer_char, answer_bool, answer_int, answer_datetime, is_from_query) VALUES (741, NULL, 12, 247, TRUE, '12', NULL, NULL, NULL, NULL, FALSE);
INSERT INTO forms_section_answer (id, copied_from_id, ordinal, question_id, is_immutable, answer_text, answer_char, answer_bool, answer_int, answer_datetime, is_from_query) VALUES (742, NULL, 13, 247, TRUE, '13', NULL, NULL, NULL, NULL, FALSE);
INSERT INTO forms_section_answer (id, copied_from_id, ordinal, question_id, is_immutable, answer_text, answer_char, answer_bool, answer_int, answer_datetime, is_from_query) VALUES (743, NULL, 14, 247, TRUE, '14', NULL, NULL, NULL, NULL, FALSE);
INSERT INTO forms_section_answer (id, copied_from_id, ordinal, question_id, is_immutable, answer_text, answer_char, answer_bool, answer_int, answer_datetime, is_from_query) VALUES (744, NULL, 15, 247, TRUE, '15', NULL, NULL, NULL, NULL, FALSE);
INSERT INTO forms_section_answer (id, copied_from_id, ordinal, question_id, is_immutable, answer_text, answer_char, answer_bool, answer_int, answer_datetime, is_from_query) VALUES (745, NULL, 16, 247, TRUE, '16', NULL, NULL, NULL, NULL, FALSE);
INSERT INTO forms_section_answer (id, copied_from_id, ordinal, question_id, is_immutable, answer_text, answer_char, answer_bool, answer_int, answer_datetime, is_from_query) VALUES (746, NULL, 17, 247, TRUE, '17', NULL, NULL, NULL, NULL, FALSE);
INSERT INTO forms_section_answer (id, copied_from_id, ordinal, question_id, is_immutable, answer_text, answer_char, answer_bool, answer_int, answer_datetime, is_from_query) VALUES (747, NULL, 18, 247, TRUE, '18', NULL, NULL, NULL, NULL, FALSE);
INSERT INTO forms_section_answer (id, copied_from_id, ordinal, question_id, is_immutable, answer_text, answer_char, answer_bool, answer_int, answer_datetime, is_from_query) VALUES (748, NULL, 19, 247, TRUE, '19', NULL, NULL, NULL, NULL, FALSE);
INSERT INTO forms_section_answer (id, copied_from_id, ordinal, question_id, is_immutable, answer_text, answer_char, answer_bool, answer_int, answer_datetime, is_from_query) VALUES (749, NULL, 20, 247, TRUE, '20', NULL, NULL, NULL, NULL, FALSE);
INSERT INTO forms_section_answer (id, copied_from_id, ordinal, question_id, is_immutable, answer_text, answer_char, answer_bool, answer_int, answer_datetime, is_from_query) VALUES (750, NULL, 21, 247, TRUE, '21', NULL, NULL, NULL, NULL, FALSE);
INSERT INTO forms_section_answer (id, copied_from_id, ordinal, question_id, is_immutable, answer_text, answer_char, answer_bool, answer_int, answer_datetime, is_from_query) VALUES (751, NULL, 22, 247, TRUE, '22', NULL, NULL, NULL, NULL, FALSE);
INSERT INTO forms_section_answer (id, copied_from_id, ordinal, question_id, is_immutable, answer_text, answer_char, answer_bool, answer_int, answer_datetime, is_from_query) VALUES (752, NULL, 23, 247, TRUE, '23', NULL, NULL, NULL, NULL, FALSE);
INSERT INTO forms_section_answer (id, copied_from_id, ordinal, question_id, is_immutable, answer_text, answer_char, answer_bool, answer_int, answer_datetime, is_from_query) VALUES (753, NULL, 24, 247, TRUE, '24', NULL, NULL, NULL, NULL, FALSE);
INSERT INTO forms_section_answer (id, copied_from_id, ordinal, question_id, is_immutable, answer_text, answer_char, answer_bool, answer_int, answer_datetime, is_from_query) VALUES (754, NULL, 25, 247, TRUE, '25', NULL, NULL, NULL, NULL, FALSE);
INSERT INTO forms_section_answer (id, copied_from_id, ordinal, question_id, is_immutable, answer_text, answer_char, answer_bool, answer_int, answer_datetime, is_from_query) VALUES (755, NULL, 26, 247, TRUE, '26', NULL, NULL, NULL, NULL, FALSE);
INSERT INTO forms_section_answer (id, copied_from_id, ordinal, question_id, is_immutable, answer_text, answer_char, answer_bool, answer_int, answer_datetime, is_from_query) VALUES (756, NULL, 27, 247, TRUE, '27', NULL, NULL, NULL, NULL, FALSE);
INSERT INTO forms_section_answer (id, copied_from_id, ordinal, question_id, is_immutable, answer_text, answer_char, answer_bool, answer_int, answer_datetime, is_from_query) VALUES (757, NULL, 28, 247, TRUE, '28', NULL, NULL, NULL, NULL, FALSE);
INSERT INTO forms_section_answer (id, copied_from_id, ordinal, question_id, is_immutable, answer_text, answer_char, answer_bool, answer_int, answer_datetime, is_from_query) VALUES (758, NULL, 29, 247, TRUE, '29', NULL, NULL, NULL, NULL, FALSE);
INSERT INTO forms_section_answer (id, copied_from_id, ordinal, question_id, is_immutable, answer_text, answer_char, answer_bool, answer_int, answer_datetime, is_from_query) VALUES (759, NULL, 30, 247, TRUE, '30', NULL, NULL, NULL, NULL, FALSE);
INSERT INTO forms_section_answer (id, copied_from_id, ordinal, question_id, is_immutable, answer_text, answer_char, answer_bool, answer_int, answer_datetime, is_from_query) VALUES (760, NULL, 31, 247, TRUE, '31', NULL, NULL, NULL, NULL, FALSE);
INSERT INTO forms_section_answer (id, copied_from_id, ordinal, question_id, is_immutable, answer_text, answer_char, answer_bool, answer_int, answer_datetime, is_from_query) VALUES (761, NULL, 32, 247, TRUE, '32', NULL, NULL, NULL, NULL, FALSE);
INSERT INTO forms_section_answer (id, copied_from_id, ordinal, question_id, is_immutable, answer_text, answer_char, answer_bool, answer_int, answer_datetime, is_from_query) VALUES (762, NULL, 33, 247, TRUE, '33', NULL, NULL, NULL, NULL, FALSE);
INSERT INTO forms_section_answer (id, copied_from_id, ordinal, question_id, is_immutable, answer_text, answer_char, answer_bool, answer_int, answer_datetime, is_from_query) VALUES (763, NULL, 34, 247, TRUE, '34', NULL, NULL, NULL, NULL, FALSE);
INSERT INTO forms_section_answer (id, copied_from_id, ordinal, question_id, is_immutable, answer_text, answer_char, answer_bool, answer_int, answer_datetime, is_from_query) VALUES (764, NULL, 35, 247, TRUE, '35', NULL, NULL, NULL, NULL, FALSE);
INSERT INTO forms_section_answer (id, copied_from_id, ordinal, question_id, is_immutable, answer_text, answer_char, answer_bool, answer_int, answer_datetime, is_from_query) VALUES (765, NULL, 36, 247, TRUE, '36', NULL, NULL, NULL, NULL, FALSE);
INSERT INTO forms_section_answer (id, copied_from_id, ordinal, question_id, is_immutable, answer_text, answer_char, answer_bool, answer_int, answer_datetime, is_from_query) VALUES (766, NULL, 37, 247, TRUE, '37', NULL, NULL, NULL, NULL, FALSE);
INSERT INTO forms_section_answer (id, copied_from_id, ordinal, question_id, is_immutable, answer_text, answer_char, answer_bool, answer_int, answer_datetime, is_from_query) VALUES (767, NULL, 38, 247, TRUE, '38', NULL, NULL, NULL, NULL, FALSE);
INSERT INTO forms_section_answer (id, copied_from_id, ordinal, question_id, is_immutable, answer_text, answer_char, answer_bool, answer_int, answer_datetime, is_from_query) VALUES (768, NULL, 39, 247, TRUE, '39', NULL, NULL, NULL, NULL, FALSE);
INSERT INTO forms_section_answer (id, copied_from_id, ordinal, question_id, is_immutable, answer_text, answer_char, answer_bool, answer_int, answer_datetime, is_from_query) VALUES (769, NULL, 40, 247, TRUE, '40', NULL, NULL, NULL, NULL, FALSE);
INSERT INTO forms_section_answer (id, copied_from_id, ordinal, question_id, is_immutable, answer_text, answer_char, answer_bool, answer_int, answer_datetime, is_from_query) VALUES (770, NULL, 41, 247, TRUE, '41', NULL, NULL, NULL, NULL, FALSE);
INSERT INTO forms_section_answer (id, copied_from_id, ordinal, question_id, is_immutable, answer_text, answer_char, answer_bool, answer_int, answer_datetime, is_from_query) VALUES (771, NULL, 42, 247, TRUE, '42', NULL, NULL, NULL, NULL, FALSE);
INSERT INTO forms_section_answer (id, copied_from_id, ordinal, question_id, is_immutable, answer_text, answer_char, answer_bool, answer_int, answer_datetime, is_from_query) VALUES (772, NULL, 43, 247, TRUE, '43', NULL, NULL, NULL, NULL, FALSE);
INSERT INTO forms_section_answer (id, copied_from_id, ordinal, question_id, is_immutable, answer_text, answer_char, answer_bool, answer_int, answer_datetime, is_from_query) VALUES (773, NULL, 44, 247, TRUE, '44', NULL, NULL, NULL, NULL, FALSE);
INSERT INTO forms_section_answer (id, copied_from_id, ordinal, question_id, is_immutable, answer_text, answer_char, answer_bool, answer_int, answer_datetime, is_from_query) VALUES (774, NULL, 45, 247, TRUE, '45', NULL, NULL, NULL, NULL, FALSE);
INSERT INTO forms_section_answer (id, copied_from_id, ordinal, question_id, is_immutable, answer_text, answer_char, answer_bool, answer_int, answer_datetime, is_from_query) VALUES (775, NULL, 46, 247, TRUE, '46', NULL, NULL, NULL, NULL, FALSE);
INSERT INTO forms_section_answer (id, copied_from_id, ordinal, question_id, is_immutable, answer_text, answer_char, answer_bool, answer_int, answer_datetime, is_from_query) VALUES (776, NULL, 47, 247, TRUE, '47', NULL, NULL, NULL, NULL, FALSE);
INSERT INTO forms_section_answer (id, copied_from_id, ordinal, question_id, is_immutable, answer_text, answer_char, answer_bool, answer_int, answer_datetime, is_from_query) VALUES (777, NULL, 48, 247, TRUE, '48', NULL, NULL, NULL, NULL, FALSE);
INSERT INTO forms_section_answer (id, copied_from_id, ordinal, question_id, is_immutable, answer_text, answer_char, answer_bool, answer_int, answer_datetime, is_from_query) VALUES (778, NULL, 49, 247, TRUE, '49', NULL, NULL, NULL, NULL, FALSE);
INSERT INTO forms_section_answer (id, copied_from_id, ordinal, question_id, is_immutable, answer_text, answer_char, answer_bool, answer_int, answer_datetime, is_from_query) VALUES (779, NULL, 50, 247, TRUE, '50', NULL, NULL, NULL, NULL, FALSE);
INSERT INTO forms_section_answer (id, copied_from_id, ordinal, question_id, is_immutable, answer_text, answer_char, answer_bool, answer_int, answer_datetime, is_from_query) VALUES (780, NULL, 1, 248, TRUE, 'N/A – Does not apply to my situation', NULL, NULL, NULL, NULL, FALSE);
INSERT INTO forms_section_answer (id, copied_from_id, ordinal, question_id, is_immutable, answer_text, answer_char, answer_bool, answer_int, answer_datetime, is_from_query) VALUES (781, NULL, 2, 248, TRUE, 'I don’t know or prefer not to answer', NULL, NULL, NULL, NULL, FALSE);
INSERT INTO forms_section_answer (id, copied_from_id, ordinal, question_id, is_immutable, answer_text, answer_char, answer_bool, answer_int, answer_datetime, is_from_query) VALUES (782, NULL, 3, 248, TRUE, 'Married', NULL, NULL, NULL, NULL, FALSE);
INSERT INTO forms_section_answer (id, copied_from_id, ordinal, question_id, is_immutable, answer_text, answer_char, answer_bool, answer_int, answer_datetime, is_from_query) VALUES (783, NULL, 4, 248, TRUE, 'Single', NULL, NULL, NULL, NULL, FALSE);
INSERT INTO forms_section_answer (id, copied_from_id, ordinal, question_id, is_immutable, answer_text, answer_char, answer_bool, answer_int, answer_datetime, is_from_query) VALUES (784, NULL, 5, 248, TRUE, 'Engaged', NULL, NULL, NULL, NULL, FALSE);
INSERT INTO forms_section_answer (id, copied_from_id, ordinal, question_id, is_immutable, answer_text, answer_char, answer_bool, answer_int, answer_datetime, is_from_query) VALUES (785, NULL, 6, 248, TRUE, 'Divorced', NULL, NULL, NULL, NULL, FALSE);
INSERT INTO forms_section_answer (id, copied_from_id, ordinal, question_id, is_immutable, answer_text, answer_char, answer_bool, answer_int, answer_datetime, is_from_query) VALUES (786, NULL, 7, 248, TRUE, 'Widow', NULL, NULL, NULL, NULL, FALSE);
INSERT INTO forms_section_answer (id, copied_from_id, ordinal, question_id, is_immutable, answer_text, answer_char, answer_bool, answer_int, answer_datetime, is_from_query) VALUES (787, NULL, 1, 249, TRUE, 'Yes', NULL, NULL, NULL, NULL, FALSE);
INSERT INTO forms_section_answer (id, copied_from_id, ordinal, question_id, is_immutable, answer_text, answer_char, answer_bool, answer_int, answer_datetime, is_from_query) VALUES (788, NULL, 2, 249, TRUE, 'No', NULL, NULL, NULL, NULL, FALSE);
INSERT INTO forms_section_answer (id, copied_from_id, ordinal, question_id, is_immutable, answer_text, answer_char, answer_bool, answer_int, answer_datetime, is_from_query) VALUES (789, NULL, 1, 250, TRUE, '1', NULL, NULL, NULL, NULL, FALSE);
INSERT INTO forms_section_answer (id, copied_from_id, ordinal, question_id, is_immutable, answer_text, answer_char, answer_bool, answer_int, answer_datetime, is_from_query) VALUES (790, NULL, 2, 250, TRUE, '2', NULL, NULL, NULL, NULL, FALSE);
INSERT INTO forms_section_answer (id, copied_from_id, ordinal, question_id, is_immutable, answer_text, answer_char, answer_bool, answer_int, answer_datetime, is_from_query) VALUES (791, NULL, 3, 250, TRUE, '3', NULL, NULL, NULL, NULL, FALSE);
INSERT INTO forms_section_answer (id, copied_from_id, ordinal, question_id, is_immutable, answer_text, answer_char, answer_bool, answer_int, answer_datetime, is_from_query) VALUES (792, NULL, 4, 250, TRUE, '4', NULL, NULL, NULL, NULL, FALSE);
INSERT INTO forms_section_answer (id, copied_from_id, ordinal, question_id, is_immutable, answer_text, answer_char, answer_bool, answer_int, answer_datetime, is_from_query) VALUES (793, NULL, 5, 250, TRUE, '5', NULL, NULL, NULL, NULL, FALSE);
INSERT INTO forms_section_answer (id, copied_from_id, ordinal, question_id, is_immutable, answer_text, answer_char, answer_bool, answer_int, answer_datetime, is_from_query) VALUES (794, NULL, 6, 250, TRUE, '6', NULL, NULL, NULL, NULL, FALSE);
INSERT INTO forms_section_answer (id, copied_from_id, ordinal, question_id, is_immutable, answer_text, answer_char, answer_bool, answer_int, answer_datetime, is_from_query) VALUES (795, NULL, 7, 250, TRUE, '7', NULL, NULL, NULL, NULL, FALSE);
INSERT INTO forms_section_answer (id, copied_from_id, ordinal, question_id, is_immutable, answer_text, answer_char, answer_bool, answer_int, answer_datetime, is_from_query) VALUES (796, NULL, 8, 250, TRUE, '8', NULL, NULL, NULL, NULL, FALSE);
INSERT INTO forms_section_answer (id, copied_from_id, ordinal, question_id, is_immutable, answer_text, answer_char, answer_bool, answer_int, answer_datetime, is_from_query) VALUES (797, NULL, 9, 250, TRUE, '9', NULL, NULL, NULL, NULL, FALSE);
INSERT INTO forms_section_answer (id, copied_from_id, ordinal, question_id, is_immutable, answer_text, answer_char, answer_bool, answer_int, answer_datetime, is_from_query) VALUES (798, NULL, 10, 250, TRUE, '10', NULL, NULL, NULL, NULL, FALSE);
INSERT INTO forms_section_answer (id, copied_from_id, ordinal, question_id, is_immutable, answer_text, answer_char, answer_bool, answer_int, answer_datetime, is_from_query) VALUES (799, NULL, 1, 251, TRUE, 'Yes', NULL, NULL, NULL, NULL, FALSE);
INSERT INTO forms_section_answer (id, copied_from_id, ordinal, question_id, is_immutable, answer_text, answer_char, answer_bool, answer_int, answer_datetime, is_from_query) VALUES (800, NULL, 2, 251, TRUE, 'No', NULL, NULL, NULL, NULL, FALSE);
INSERT INTO forms_section_answer (id, copied_from_id, ordinal, question_id, is_immutable, answer_text, answer_char, answer_bool, answer_int, answer_datetime, is_from_query) VALUES (801, NULL, 1, 252, TRUE, 'Yes', NULL, NULL, NULL, NULL, FALSE);
INSERT INTO forms_section_answer (id, copied_from_id, ordinal, question_id, is_immutable, answer_text, answer_char, answer_bool, answer_int, answer_datetime, is_from_query) VALUES (802, NULL, 2, 252, TRUE, 'No', NULL, NULL, NULL, NULL, FALSE);
INSERT INTO forms_section_answer (id, copied_from_id, ordinal, question_id, is_immutable, answer_text, answer_char, answer_bool, answer_int, answer_datetime, is_from_query) VALUES (803, NULL, 1, 254, TRUE, 'Did not finish high school', NULL, NULL, NULL, NULL, FALSE);
INSERT INTO forms_section_answer (id, copied_from_id, ordinal, question_id, is_immutable, answer_text, answer_char, answer_bool, answer_int, answer_datetime, is_from_query) VALUES (804, NULL, 2, 254, TRUE, 'Finished high school', NULL, NULL, NULL, NULL, FALSE);
INSERT INTO forms_section_answer (id, copied_from_id, ordinal, question_id, is_immutable, answer_text, answer_char, answer_bool, answer_int, answer_datetime, is_from_query) VALUES (805, NULL, 3, 254, TRUE, 'High school diploma', NULL, NULL, NULL, NULL, FALSE);
INSERT INTO forms_section_answer (id, copied_from_id, ordinal, question_id, is_immutable, answer_text, answer_char, answer_bool, answer_int, answer_datetime, is_from_query) VALUES (806, NULL, 4, 254, TRUE, 'Went to college but did not graduate', NULL, NULL, NULL, NULL, FALSE);
INSERT INTO forms_section_answer (id, copied_from_id, ordinal, question_id, is_immutable, answer_text, answer_char, answer_bool, answer_int, answer_datetime, is_from_query) VALUES (807, NULL, 5, 254, TRUE, 'Graduated from college', NULL, NULL, NULL, NULL, FALSE);
INSERT INTO forms_section_answer (id, copied_from_id, ordinal, question_id, is_immutable, answer_text, answer_char, answer_bool, answer_int, answer_datetime, is_from_query) VALUES (808, NULL, 6, 254, TRUE, 'I don''t know', NULL, NULL, NULL, NULL, FALSE);
INSERT INTO forms_section_answer (id, copied_from_id, ordinal, question_id, is_immutable, answer_text, answer_char, answer_bool, answer_int, answer_datetime, is_from_query) VALUES (809, NULL, 1, 255, TRUE, 'Yes', NULL, NULL, NULL, NULL, FALSE);
INSERT INTO forms_section_answer (id, copied_from_id, ordinal, question_id, is_immutable, answer_text, answer_char, answer_bool, answer_int, answer_datetime, is_from_query) VALUES (810, NULL, 2, 255, TRUE, 'No', NULL, NULL, NULL, NULL, FALSE);
INSERT INTO forms_section_answer (id, copied_from_id, ordinal, question_id, is_immutable, answer_text, answer_char, answer_bool, answer_int, answer_datetime, is_from_query) VALUES (811, NULL, 1, 257, TRUE, 'Did not finish high school', NULL, NULL, NULL, NULL, FALSE);
INSERT INTO forms_section_answer (id, copied_from_id, ordinal, question_id, is_immutable, answer_text, answer_char, answer_bool, answer_int, answer_datetime, is_from_query) VALUES (812, NULL, 2, 257, TRUE, 'Finished high school', NULL, NULL, NULL, NULL, FALSE);
INSERT INTO forms_section_answer (id, copied_from_id, ordinal, question_id, is_immutable, answer_text, answer_char, answer_bool, answer_int, answer_datetime, is_from_query) VALUES (813, NULL, 3, 257, TRUE, 'High school diploma', NULL, NULL, NULL, NULL, FALSE);
INSERT INTO forms_section_answer (id, copied_from_id, ordinal, question_id, is_immutable, answer_text, answer_char, answer_bool, answer_int, answer_datetime, is_from_query) VALUES (814, NULL, 4, 257, TRUE, 'Went to college but did not graduate', NULL, NULL, NULL, NULL, FALSE);
INSERT INTO forms_section_answer (id, copied_from_id, ordinal, question_id, is_immutable, answer_text, answer_char, answer_bool, answer_int, answer_datetime, is_from_query) VALUES (815, NULL, 5, 257, TRUE, 'Graduated from college', NULL, NULL, NULL, NULL, FALSE);
INSERT INTO forms_section_answer (id, copied_from_id, ordinal, question_id, is_immutable, answer_text, answer_char, answer_bool, answer_int, answer_datetime, is_from_query) VALUES (816, NULL, 6, 257, TRUE, 'I don''t know', NULL, NULL, NULL, NULL, FALSE);
INSERT INTO forms_section_answer (id, copied_from_id, ordinal, question_id, is_immutable, answer_text, answer_char, answer_bool, answer_int, answer_datetime, is_from_query) VALUES (817, NULL, 1, 258, TRUE, 'Yes', NULL, NULL, NULL, NULL, FALSE);
INSERT INTO forms_section_answer (id, copied_from_id, ordinal, question_id, is_immutable, answer_text, answer_char, answer_bool, answer_int, answer_datetime, is_from_query) VALUES (818, NULL, 2, 258, TRUE, 'No', NULL, NULL, NULL, NULL, FALSE);
INSERT INTO forms_section_answer (id, copied_from_id, ordinal, question_id, is_immutable, answer_text, answer_char, answer_bool, answer_int, answer_datetime, is_from_query) VALUES (819, NULL, 1, 259, TRUE, 'Never', NULL, NULL, NULL, NULL, FALSE);
INSERT INTO forms_section_answer (id, copied_from_id, ordinal, question_id, is_immutable, answer_text, answer_char, answer_bool, answer_int, answer_datetime, is_from_query) VALUES (820, NULL, 2, 259, TRUE, 'A couple of times a year', NULL, NULL, NULL, NULL, FALSE);
INSERT INTO forms_section_answer (id, copied_from_id, ordinal, question_id, is_immutable, answer_text, answer_char, answer_bool, answer_int, answer_datetime, is_from_query) VALUES (821, NULL, 3, 259, TRUE, 'Once a month', NULL, NULL, NULL, NULL, FALSE);
INSERT INTO forms_section_answer (id, copied_from_id, ordinal, question_id, is_immutable, answer_text, answer_char, answer_bool, answer_int, answer_datetime, is_from_query) VALUES (822, NULL, 4, 259, TRUE, 'Several times a month', NULL, NULL, NULL, NULL, FALSE);
INSERT INTO forms_section_answer (id, copied_from_id, ordinal, question_id, is_immutable, answer_text, answer_char, answer_bool, answer_int, answer_datetime, is_from_query) VALUES (823, NULL, 5, 259, TRUE, 'Several times a week', NULL, NULL, NULL, NULL, FALSE);
INSERT INTO forms_section_answer (id, copied_from_id, ordinal, question_id, is_immutable, answer_text, answer_char, answer_bool, answer_int, answer_datetime, is_from_query) VALUES (824, NULL, 6, 259, TRUE, 'Once a week', NULL, NULL, NULL, NULL, FALSE);
INSERT INTO forms_section_answer (id, copied_from_id, ordinal, question_id, is_immutable, answer_text, answer_char, answer_bool, answer_int, answer_datetime, is_from_query) VALUES (825, NULL, 7, 259, TRUE, 'Daily', NULL, NULL, NULL, NULL, FALSE);
INSERT INTO forms_section_answer (id, copied_from_id, ordinal, question_id, is_immutable, answer_text, answer_char, answer_bool, answer_int, answer_datetime, is_from_query) VALUES (826, NULL, 1, 260, TRUE, '1 – I don’t know how to use Microsoft Word', NULL, NULL, NULL, NULL, FALSE);
INSERT INTO forms_section_answer (id, copied_from_id, ordinal, question_id, is_immutable, answer_text, answer_char, answer_bool, answer_int, answer_datetime, is_from_query) VALUES (827, NULL, 2, 260, TRUE, '2', NULL, NULL, NULL, NULL, FALSE);
INSERT INTO forms_section_answer (id, copied_from_id, ordinal, question_id, is_immutable, answer_text, answer_char, answer_bool, answer_int, answer_datetime, is_from_query) VALUES (828, NULL, 3, 260, TRUE, '3 – I am average at Microsoft Word.', NULL, NULL, NULL, NULL, FALSE);
INSERT INTO forms_section_answer (id, copied_from_id, ordinal, question_id, is_immutable, answer_text, answer_char, answer_bool, answer_int, answer_datetime, is_from_query) VALUES (829, NULL, 4, 260, TRUE, '4', NULL, NULL, NULL, NULL, FALSE);
INSERT INTO forms_section_answer (id, copied_from_id, ordinal, question_id, is_immutable, answer_text, answer_char, answer_bool, answer_int, answer_datetime, is_from_query) VALUES (830, NULL, 5, 260, TRUE, '5 – I am an expert at using Microsoft Word', NULL, NULL, NULL, NULL, FALSE);
INSERT INTO forms_section_answer (id, copied_from_id, ordinal, question_id, is_immutable, answer_text, answer_char, answer_bool, answer_int, answer_datetime, is_from_query) VALUES (831, NULL, 1, 261, TRUE, '1 – Very poor', NULL, NULL, NULL, NULL, FALSE);
INSERT INTO forms_section_answer (id, copied_from_id, ordinal, question_id, is_immutable, answer_text, answer_char, answer_bool, answer_int, answer_datetime, is_from_query) VALUES (832, NULL, 2, 261, TRUE, '2', NULL, NULL, NULL, NULL, FALSE);
INSERT INTO forms_section_answer (id, copied_from_id, ordinal, question_id, is_immutable, answer_text, answer_char, answer_bool, answer_int, answer_datetime, is_from_query) VALUES (833, NULL, 3, 261, TRUE, '3 – Average', NULL, NULL, NULL, NULL, FALSE);
INSERT INTO forms_section_answer (id, copied_from_id, ordinal, question_id, is_immutable, answer_text, answer_char, answer_bool, answer_int, answer_datetime, is_from_query) VALUES (834, NULL, 4, 261, TRUE, '4', NULL, NULL, NULL, NULL, FALSE);
INSERT INTO forms_section_answer (id, copied_from_id, ordinal, question_id, is_immutable, answer_text, answer_char, answer_bool, answer_int, answer_datetime, is_from_query) VALUES (835, NULL, 5, 261, TRUE, '5 – Above Average', NULL, NULL, NULL, NULL, FALSE);
INSERT INTO forms_section_answer (id, copied_from_id, ordinal, question_id, is_immutable, answer_text, answer_char, answer_bool, answer_int, answer_datetime, is_from_query) VALUES (836, NULL, 1, 262, TRUE, '1 – Not comfortable', NULL, NULL, NULL, NULL, FALSE);
INSERT INTO forms_section_answer (id, copied_from_id, ordinal, question_id, is_immutable, answer_text, answer_char, answer_bool, answer_int, answer_datetime, is_from_query) VALUES (837, NULL, 2, 262, TRUE, '2', NULL, NULL, NULL, NULL, FALSE);
INSERT INTO forms_section_answer (id, copied_from_id, ordinal, question_id, is_immutable, answer_text, answer_char, answer_bool, answer_int, answer_datetime, is_from_query) VALUES (838, NULL, 3, 262, TRUE, '3 – Kind of comfortable', NULL, NULL, NULL, NULL, FALSE);
INSERT INTO forms_section_answer (id, copied_from_id, ordinal, question_id, is_immutable, answer_text, answer_char, answer_bool, answer_int, answer_datetime, is_from_query) VALUES (839, NULL, 4, 262, TRUE, '4', NULL, NULL, NULL, NULL, FALSE);
INSERT INTO forms_section_answer (id, copied_from_id, ordinal, question_id, is_immutable, answer_text, answer_char, answer_bool, answer_int, answer_datetime, is_from_query) VALUES (840, NULL, 5, 262, TRUE, '5 – Completely comfortable', NULL, NULL, NULL, NULL, FALSE);
INSERT INTO forms_section_answer (id, copied_from_id, ordinal, question_id, is_immutable, answer_text, answer_char, answer_bool, answer_int, answer_datetime, is_from_query) VALUES (841, NULL, 1, 263, TRUE, 'Never', NULL, NULL, NULL, NULL, FALSE);
INSERT INTO forms_section_answer (id, copied_from_id, ordinal, question_id, is_immutable, answer_text, answer_char, answer_bool, answer_int, answer_datetime, is_from_query) VALUES (842, NULL, 2, 263, TRUE, 'A couple of times a year', NULL, NULL, NULL, NULL, FALSE);
INSERT INTO forms_section_answer (id, copied_from_id, ordinal, question_id, is_immutable, answer_text, answer_char, answer_bool, answer_int, answer_datetime, is_from_query) VALUES (843, NULL, 3, 263, TRUE, 'Once a month', NULL, NULL, NULL, NULL, FALSE);
INSERT INTO forms_section_answer (id, copied_from_id, ordinal, question_id, is_immutable, answer_text, answer_char, answer_bool, answer_int, answer_datetime, is_from_query) VALUES (844, NULL, 4, 263, TRUE, 'Several times a month', NULL, NULL, NULL, NULL, FALSE);
INSERT INTO forms_section_answer (id, copied_from_id, ordinal, question_id, is_immutable, answer_text, answer_char, answer_bool, answer_int, answer_datetime, is_from_query) VALUES (845, NULL, 5, 263, TRUE, 'Several times a week', NULL, NULL, NULL, NULL, FALSE);
INSERT INTO forms_section_answer (id, copied_from_id, ordinal, question_id, is_immutable, answer_text, answer_char, answer_bool, answer_int, answer_datetime, is_from_query) VALUES (846, NULL, 6, 263, TRUE, 'Once a week', NULL, NULL, NULL, NULL, FALSE);
INSERT INTO forms_section_answer (id, copied_from_id, ordinal, question_id, is_immutable, answer_text, answer_char, answer_bool, answer_int, answer_datetime, is_from_query) VALUES (847, NULL, 7, 263, TRUE, 'Daily', NULL, NULL, NULL, NULL, FALSE);
INSERT INTO forms_section_answer (id, copied_from_id, ordinal, question_id, is_immutable, answer_text, answer_char, answer_bool, answer_int, answer_datetime, is_from_query) VALUES (848, NULL, 1, 264, TRUE, 'Essential', NULL, NULL, NULL, NULL, FALSE);
INSERT INTO forms_section_answer (id, copied_from_id, ordinal, question_id, is_immutable, answer_text, answer_char, answer_bool, answer_int, answer_datetime, is_from_query) VALUES (849, NULL, 2, 264, TRUE, 'Very Helpful', NULL, NULL, NULL, NULL, FALSE);
INSERT INTO forms_section_answer (id, copied_from_id, ordinal, question_id, is_immutable, answer_text, answer_char, answer_bool, answer_int, answer_datetime, is_from_query) VALUES (850, NULL, 3, 264, TRUE, 'Somewhat helpful', NULL, NULL, NULL, NULL, FALSE);
INSERT INTO forms_section_answer (id, copied_from_id, ordinal, question_id, is_immutable, answer_text, answer_char, answer_bool, answer_int, answer_datetime, is_from_query) VALUES (851, NULL, 4, 264, TRUE, 'Not very helpful', NULL, NULL, NULL, NULL, FALSE);
INSERT INTO forms_section_answer (id, copied_from_id, ordinal, question_id, is_immutable, answer_text, answer_char, answer_bool, answer_int, answer_datetime, is_from_query) VALUES (852, NULL, 5, 264, TRUE, 'Not helpful at all', NULL, NULL, NULL, NULL, FALSE);
INSERT INTO forms_section_answer (id, copied_from_id, ordinal, question_id, is_immutable, answer_text, answer_char, answer_bool, answer_int, answer_datetime, is_from_query) VALUES (853, NULL, 1, 265, TRUE, 'Essential', NULL, NULL, NULL, NULL, FALSE);
INSERT INTO forms_section_answer (id, copied_from_id, ordinal, question_id, is_immutable, answer_text, answer_char, answer_bool, answer_int, answer_datetime, is_from_query) VALUES (854, NULL, 2, 265, TRUE, 'Very Helpful', NULL, NULL, NULL, NULL, FALSE);
INSERT INTO forms_section_answer (id, copied_from_id, ordinal, question_id, is_immutable, answer_text, answer_char, answer_bool, answer_int, answer_datetime, is_from_query) VALUES (855, NULL, 3, 265, TRUE, 'Somewhat helpful', NULL, NULL, NULL, NULL, FALSE);
INSERT INTO forms_section_answer (id, copied_from_id, ordinal, question_id, is_immutable, answer_text, answer_char, answer_bool, answer_int, answer_datetime, is_from_query) VALUES (856, NULL, 4, 265, TRUE, 'Not very helpful', NULL, NULL, NULL, NULL, FALSE);
INSERT INTO forms_section_answer (id, copied_from_id, ordinal, question_id, is_immutable, answer_text, answer_char, answer_bool, answer_int, answer_datetime, is_from_query) VALUES (857, NULL, 5, 265, TRUE, 'Not helpful at all', NULL, NULL, NULL, NULL, FALSE);
INSERT INTO forms_section_answer (id, copied_from_id, ordinal, question_id, is_immutable, answer_text, answer_char, answer_bool, answer_int, answer_datetime, is_from_query) VALUES (858, NULL, 1, 266, TRUE, 'Will not finish high school', NULL, NULL, NULL, NULL, FALSE);
INSERT INTO forms_section_answer (id, copied_from_id, ordinal, question_id, is_immutable, answer_text, answer_char, answer_bool, answer_int, answer_datetime, is_from_query) VALUES (859, NULL, 2, 266, TRUE, 'Will get a GED – Certificate of completion without diploma', NULL, NULL, NULL, NULL, FALSE);
INSERT INTO forms_section_answer (id, copied_from_id, ordinal, question_id, is_immutable, answer_text, answer_char, answer_bool, answer_int, answer_datetime, is_from_query) VALUES (860, NULL, 3, 266, TRUE, 'High school diploma', NULL, NULL, NULL, NULL, FALSE);
INSERT INTO forms_section_answer (id, copied_from_id, ordinal, question_id, is_immutable, answer_text, answer_char, answer_bool, answer_int, answer_datetime, is_from_query) VALUES (861, NULL, 4, 266, TRUE, '2-Year college degree (Associate’s)', NULL, NULL, NULL, NULL, FALSE);
INSERT INTO forms_section_answer (id, copied_from_id, ordinal, question_id, is_immutable, answer_text, answer_char, answer_bool, answer_int, answer_datetime, is_from_query) VALUES (862, NULL, 5, 266, TRUE, '4-Year college degree (Bachelor’s)', NULL, NULL, NULL, NULL, FALSE);
INSERT INTO forms_section_answer (id, copied_from_id, ordinal, question_id, is_immutable, answer_text, answer_char, answer_bool, answer_int, answer_datetime, is_from_query) VALUES (863, NULL, 6, 266, TRUE, 'Master’s degree', NULL, NULL, NULL, NULL, FALSE);
INSERT INTO forms_section_answer (id, copied_from_id, ordinal, question_id, is_immutable, answer_text, answer_char, answer_bool, answer_int, answer_datetime, is_from_query) VALUES (864, NULL, 7, 266, TRUE, 'PhD or other advanced degree (Law, Medicine, etc.)', NULL, NULL, NULL, NULL, FALSE);
INSERT INTO forms_section_answer (id, copied_from_id, ordinal, question_id, is_immutable, answer_text, answer_char, answer_bool, answer_int, answer_datetime, is_from_query) VALUES (865, NULL, 1, 267, TRUE, '1 – Very Poor Student', NULL, NULL, NULL, NULL, FALSE);
INSERT INTO forms_section_answer (id, copied_from_id, ordinal, question_id, is_immutable, answer_text, answer_char, answer_bool, answer_int, answer_datetime, is_from_query) VALUES (866, NULL, 2, 267, TRUE, '2', NULL, NULL, NULL, NULL, FALSE);
INSERT INTO forms_section_answer (id, copied_from_id, ordinal, question_id, is_immutable, answer_text, answer_char, answer_bool, answer_int, answer_datetime, is_from_query) VALUES (867, NULL, 3, 267, TRUE, '3 Average Student', NULL, NULL, NULL, NULL, FALSE);
INSERT INTO forms_section_answer (id, copied_from_id, ordinal, question_id, is_immutable, answer_text, answer_char, answer_bool, answer_int, answer_datetime, is_from_query) VALUES (868, NULL, 4, 267, TRUE, '4', NULL, NULL, NULL, NULL, FALSE);
INSERT INTO forms_section_answer (id, copied_from_id, ordinal, question_id, is_immutable, answer_text, answer_char, answer_bool, answer_int, answer_datetime, is_from_query) VALUES (869, NULL, 5, 267, TRUE, '5 – Above Average Student', NULL, NULL, NULL, NULL, FALSE);
INSERT INTO forms_section_answer (id, copied_from_id, ordinal, question_id, is_immutable, answer_text, answer_char, answer_bool, answer_int, answer_datetime, is_from_query) VALUES (870, NULL, 1, 268, TRUE, 'Never', NULL, NULL, NULL, NULL, FALSE);
INSERT INTO forms_section_answer (id, copied_from_id, ordinal, question_id, is_immutable, answer_text, answer_char, answer_bool, answer_int, answer_datetime, is_from_query) VALUES (871, NULL, 2, 268, TRUE, 'A couple of times a year', NULL, NULL, NULL, NULL, FALSE);
INSERT INTO forms_section_answer (id, copied_from_id, ordinal, question_id, is_immutable, answer_text, answer_char, answer_bool, answer_int, answer_datetime, is_from_query) VALUES (872, NULL, 3, 268, TRUE, 'Once a month', NULL, NULL, NULL, NULL, FALSE);
INSERT INTO forms_section_answer (id, copied_from_id, ordinal, question_id, is_immutable, answer_text, answer_char, answer_bool, answer_int, answer_datetime, is_from_query) VALUES (873, NULL, 4, 268, TRUE, 'Several times a month', NULL, NULL, NULL, NULL, FALSE);
INSERT INTO forms_section_answer (id, copied_from_id, ordinal, question_id, is_immutable, answer_text, answer_char, answer_bool, answer_int, answer_datetime, is_from_query) VALUES (874, NULL, 5, 268, TRUE, 'Several times a week', NULL, NULL, NULL, NULL, FALSE);
INSERT INTO forms_section_answer (id, copied_from_id, ordinal, question_id, is_immutable, answer_text, answer_char, answer_bool, answer_int, answer_datetime, is_from_query) VALUES (875, NULL, 6, 268, TRUE, 'Once a week', NULL, NULL, NULL, NULL, FALSE);
INSERT INTO forms_section_answer (id, copied_from_id, ordinal, question_id, is_immutable, answer_text, answer_char, answer_bool, answer_int, answer_datetime, is_from_query) VALUES (876, NULL, 7, 268, TRUE, 'Daily', NULL, NULL, NULL, NULL, FALSE);
INSERT INTO forms_section_answer (id, copied_from_id, ordinal, question_id, is_immutable, answer_text, answer_char, answer_bool, answer_int, answer_datetime, is_from_query) VALUES (877, NULL, 1, 269, TRUE, 'Yes', NULL, NULL, NULL, NULL, FALSE);
INSERT INTO forms_section_answer (id, copied_from_id, ordinal, question_id, is_immutable, answer_text, answer_char, answer_bool, answer_int, answer_datetime, is_from_query) VALUES (878, NULL, 2, 269, TRUE, 'No', NULL, NULL, NULL, NULL, FALSE);
INSERT INTO forms_section_answer (id, copied_from_id, ordinal, question_id, is_immutable, answer_text, answer_char, answer_bool, answer_int, answer_datetime, is_from_query) VALUES (879, NULL, 1, 270, TRUE, 'Nobody helps me plan for college', NULL, NULL, NULL, NULL, FALSE);
INSERT INTO forms_section_answer (id, copied_from_id, ordinal, question_id, is_immutable, answer_text, answer_char, answer_bool, answer_int, answer_datetime, is_from_query) VALUES (880, NULL, 2, 270, TRUE, 'Family member', NULL, NULL, NULL, NULL, FALSE);
INSERT INTO forms_section_answer (id, copied_from_id, ordinal, question_id, is_immutable, answer_text, answer_char, answer_bool, answer_int, answer_datetime, is_from_query) VALUES (881, NULL, 3, 270, TRUE, 'Friend', NULL, NULL, NULL, NULL, FALSE);
INSERT INTO forms_section_answer (id, copied_from_id, ordinal, question_id, is_immutable, answer_text, answer_char, answer_bool, answer_int, answer_datetime, is_from_query) VALUES (882, NULL, 4, 270, TRUE, 'Tutor', NULL, NULL, NULL, NULL, FALSE);
INSERT INTO forms_section_answer (id, copied_from_id, ordinal, question_id, is_immutable, answer_text, answer_char, answer_bool, answer_int, answer_datetime, is_from_query) VALUES (883, NULL, 5, 270, TRUE, 'School Employee', NULL, NULL, NULL, NULL, FALSE);
INSERT INTO forms_section_answer (id, copied_from_id, ordinal, question_id, is_immutable, answer_text, answer_char, answer_bool, answer_int, answer_datetime, is_from_query) VALUES (884, NULL, 1, 271, TRUE, 'I know very little', NULL, NULL, NULL, NULL, FALSE);
INSERT INTO forms_section_answer (id, copied_from_id, ordinal, question_id, is_immutable, answer_text, answer_char, answer_bool, answer_int, answer_datetime, is_from_query) VALUES (885, NULL, 2, 271, TRUE, 'I know a little bit', NULL, NULL, NULL, NULL, FALSE);
INSERT INTO forms_section_answer (id, copied_from_id, ordinal, question_id, is_immutable, answer_text, answer_char, answer_bool, answer_int, answer_datetime, is_from_query) VALUES (886, NULL, 3, 271, TRUE, 'I know a lot', NULL, NULL, NULL, NULL, FALSE);
INSERT INTO forms_section_answer (id, copied_from_id, ordinal, question_id, is_immutable, answer_text, answer_char, answer_bool, answer_int, answer_datetime, is_from_query) VALUES (887, NULL, 4, 271, TRUE, 'I know everything there is to know', NULL, NULL, NULL, NULL, FALSE);
INSERT INTO forms_section_answer (id, copied_from_id, ordinal, question_id, is_immutable, answer_text, answer_char, answer_bool, answer_int, answer_datetime, is_from_query) VALUES (888, NULL, 1, 272, TRUE, 'I know very little', NULL, NULL, NULL, NULL, FALSE);
INSERT INTO forms_section_answer (id, copied_from_id, ordinal, question_id, is_immutable, answer_text, answer_char, answer_bool, answer_int, answer_datetime, is_from_query) VALUES (889, NULL, 2, 272, TRUE, 'I know a little bit', NULL, NULL, NULL, NULL, FALSE);
INSERT INTO forms_section_answer (id, copied_from_id, ordinal, question_id, is_immutable, answer_text, answer_char, answer_bool, answer_int, answer_datetime, is_from_query) VALUES (890, NULL, 3, 272, TRUE, 'I know a lot', NULL, NULL, NULL, NULL, FALSE);
INSERT INTO forms_section_answer (id, copied_from_id, ordinal, question_id, is_immutable, answer_text, answer_char, answer_bool, answer_int, answer_datetime, is_from_query) VALUES (891, NULL, 4, 272, TRUE, 'I know everything there is to know', NULL, NULL, NULL, NULL, FALSE);
INSERT INTO forms_section_answer (id, copied_from_id, ordinal, question_id, is_immutable, answer_text, answer_char, answer_bool, answer_int, answer_datetime, is_from_query) VALUES (892, NULL, 1, 273, TRUE, 'Not at all prepared', NULL, NULL, NULL, NULL, FALSE);
INSERT INTO forms_section_answer (id, copied_from_id, ordinal, question_id, is_immutable, answer_text, answer_char, answer_bool, answer_int, answer_datetime, is_from_query) VALUES (893, NULL, 2, 273, TRUE, 'Somewhat prepared', NULL, NULL, NULL, NULL, FALSE);
INSERT INTO forms_section_answer (id, copied_from_id, ordinal, question_id, is_immutable, answer_text, answer_char, answer_bool, answer_int, answer_datetime, is_from_query) VALUES (894, NULL, 3, 273, TRUE, 'Mostly prepared', NULL, NULL, NULL, NULL, FALSE);
INSERT INTO forms_section_answer (id, copied_from_id, ordinal, question_id, is_immutable, answer_text, answer_char, answer_bool, answer_int, answer_datetime, is_from_query) VALUES (895, NULL, 4, 273, TRUE, 'Very prepared', NULL, NULL, NULL, NULL, FALSE);
INSERT INTO forms_section_answer (id, copied_from_id, ordinal, question_id, is_immutable, answer_text, answer_char, answer_bool, answer_int, answer_datetime, is_from_query) VALUES (896, NULL, 1, 274, TRUE, 'I know very little', NULL, NULL, NULL, NULL, FALSE);
INSERT INTO forms_section_answer (id, copied_from_id, ordinal, question_id, is_immutable, answer_text, answer_char, answer_bool, answer_int, answer_datetime, is_from_query) VALUES (897, NULL, 2, 274, TRUE, 'I know a little bit', NULL, NULL, NULL, NULL, FALSE);
INSERT INTO forms_section_answer (id, copied_from_id, ordinal, question_id, is_immutable, answer_text, answer_char, answer_bool, answer_int, answer_datetime, is_from_query) VALUES (898, NULL, 3, 274, TRUE, 'I know a lot', NULL, NULL, NULL, NULL, FALSE);
INSERT INTO forms_section_answer (id, copied_from_id, ordinal, question_id, is_immutable, answer_text, answer_char, answer_bool, answer_int, answer_datetime, is_from_query) VALUES (899, NULL, 4, 274, TRUE, 'I know everything there is to know', NULL, NULL, NULL, NULL, FALSE);
INSERT INTO forms_section_answer (id, copied_from_id, ordinal, question_id, is_immutable, answer_text, answer_char, answer_bool, answer_int, answer_datetime, is_from_query) VALUES (900, NULL, 1, 275, TRUE, 'Essential', NULL, NULL, NULL, NULL, FALSE);
INSERT INTO forms_section_answer (id, copied_from_id, ordinal, question_id, is_immutable, answer_text, answer_char, answer_bool, answer_int, answer_datetime, is_from_query) VALUES (901, NULL, 2, 275, TRUE, 'Very Important', NULL, NULL, NULL, NULL, FALSE);
INSERT INTO forms_section_answer (id, copied_from_id, ordinal, question_id, is_immutable, answer_text, answer_char, answer_bool, answer_int, answer_datetime, is_from_query) VALUES (902, NULL, 3, 275, TRUE, 'Somewhat Important', NULL, NULL, NULL, NULL, FALSE);
INSERT INTO forms_section_answer (id, copied_from_id, ordinal, question_id, is_immutable, answer_text, answer_char, answer_bool, answer_int, answer_datetime, is_from_query) VALUES (903, NULL, 4, 275, TRUE, 'Not very Important', NULL, NULL, NULL, NULL, FALSE);
INSERT INTO forms_section_answer (id, copied_from_id, ordinal, question_id, is_immutable, answer_text, answer_char, answer_bool, answer_int, answer_datetime, is_from_query) VALUES (904, NULL, 5, 275, TRUE, 'Not important at all', NULL, NULL, NULL, NULL, FALSE);
INSERT INTO forms_section_answer (id, copied_from_id, ordinal, question_id, is_immutable, answer_text, answer_char, answer_bool, answer_int, answer_datetime, is_from_query) VALUES (905, NULL, 1, 276, TRUE, '1 – I don’t know anything about career options available to me', NULL, NULL, NULL, NULL, FALSE);
INSERT INTO forms_section_answer (id, copied_from_id, ordinal, question_id, is_immutable, answer_text, answer_char, answer_bool, answer_int, answer_datetime, is_from_query) VALUES (906, NULL, 2, 276, TRUE, '2', NULL, NULL, NULL, NULL, FALSE);
INSERT INTO forms_section_answer (id, copied_from_id, ordinal, question_id, is_immutable, answer_text, answer_char, answer_bool, answer_int, answer_datetime, is_from_query) VALUES (907, NULL, 3, 276, TRUE, '3 – I know an average amount about the career options available to me', NULL, NULL, NULL, NULL, FALSE);
INSERT INTO forms_section_answer (id, copied_from_id, ordinal, question_id, is_immutable, answer_text, answer_char, answer_bool, answer_int, answer_datetime, is_from_query) VALUES (908, NULL, 4, 276, TRUE, '4', NULL, NULL, NULL, NULL, FALSE);
INSERT INTO forms_section_answer (id, copied_from_id, ordinal, question_id, is_immutable, answer_text, answer_char, answer_bool, answer_int, answer_datetime, is_from_query) VALUES (909, NULL, 5, 276, TRUE, '5 – I know all the options available to me', NULL, NULL, NULL, NULL, FALSE);
INSERT INTO forms_section_answer (id, copied_from_id, ordinal, question_id, is_immutable, answer_text, answer_char, answer_bool, answer_int, answer_datetime, is_from_query) VALUES (910, NULL, 1, 277, TRUE, 'Never', NULL, NULL, NULL, NULL, FALSE);
INSERT INTO forms_section_answer (id, copied_from_id, ordinal, question_id, is_immutable, answer_text, answer_char, answer_bool, answer_int, answer_datetime, is_from_query) VALUES (911, NULL, 2, 277, TRUE, 'A couple of times a year', NULL, NULL, NULL, NULL, FALSE);
INSERT INTO forms_section_answer (id, copied_from_id, ordinal, question_id, is_immutable, answer_text, answer_char, answer_bool, answer_int, answer_datetime, is_from_query) VALUES (912, NULL, 3, 277, TRUE, 'Once a month', NULL, NULL, NULL, NULL, FALSE);
INSERT INTO forms_section_answer (id, copied_from_id, ordinal, question_id, is_immutable, answer_text, answer_char, answer_bool, answer_int, answer_datetime, is_from_query) VALUES (913, NULL, 4, 277, TRUE, 'Several times a month', NULL, NULL, NULL, NULL, FALSE);
INSERT INTO forms_section_answer (id, copied_from_id, ordinal, question_id, is_immutable, answer_text, answer_char, answer_bool, answer_int, answer_datetime, is_from_query) VALUES (914, NULL, 5, 277, TRUE, 'Several times a week', NULL, NULL, NULL, NULL, FALSE);
INSERT INTO forms_section_answer (id, copied_from_id, ordinal, question_id, is_immutable, answer_text, answer_char, answer_bool, answer_int, answer_datetime, is_from_query) VALUES (915, NULL, 6, 277, TRUE, 'Once a week', NULL, NULL, NULL, NULL, FALSE);
INSERT INTO forms_section_answer (id, copied_from_id, ordinal, question_id, is_immutable, answer_text, answer_char, answer_bool, answer_int, answer_datetime, is_from_query) VALUES (916, NULL, 7, 277, TRUE, 'Daily', NULL, NULL, NULL, NULL, FALSE);
INSERT INTO forms_section_answer (id, copied_from_id, ordinal, question_id, is_immutable, answer_text, answer_char, answer_bool, answer_int, answer_datetime, is_from_query) VALUES (917, NULL, 1, 278, TRUE, 'Extremely confident', NULL, NULL, NULL, NULL, FALSE);
INSERT INTO forms_section_answer (id, copied_from_id, ordinal, question_id, is_immutable, answer_text, answer_char, answer_bool, answer_int, answer_datetime, is_from_query) VALUES (918, NULL, 2, 278, TRUE, 'Somewhat confident', NULL, NULL, NULL, NULL, FALSE);
INSERT INTO forms_section_answer (id, copied_from_id, ordinal, question_id, is_immutable, answer_text, answer_char, answer_bool, answer_int, answer_datetime, is_from_query) VALUES (919, NULL, 3, 278, TRUE, 'Not very confident', NULL, NULL, NULL, NULL, FALSE);
INSERT INTO forms_section_answer (id, copied_from_id, ordinal, question_id, is_immutable, answer_text, answer_char, answer_bool, answer_int, answer_datetime, is_from_query) VALUES (920, NULL, 4, 278, TRUE, 'Not confident at all', NULL, NULL, NULL, NULL, FALSE);
INSERT INTO forms_section_answer (id, copied_from_id, ordinal, question_id, is_immutable, answer_text, answer_char, answer_bool, answer_int, answer_datetime, is_from_query) VALUES (921, NULL, 1, 279, TRUE, 'Monday', NULL, NULL, NULL, NULL, FALSE);
INSERT INTO forms_section_answer (id, copied_from_id, ordinal, question_id, is_immutable, answer_text, answer_char, answer_bool, answer_int, answer_datetime, is_from_query) VALUES (922, NULL, 2, 279, TRUE, 'Tuesday', NULL, NULL, NULL, NULL, FALSE);
INSERT INTO forms_section_answer (id, copied_from_id, ordinal, question_id, is_immutable, answer_text, answer_char, answer_bool, answer_int, answer_datetime, is_from_query) VALUES (923, NULL, 3, 279, TRUE, 'Wednesday', NULL, NULL, NULL, NULL, FALSE);
INSERT INTO forms_section_answer (id, copied_from_id, ordinal, question_id, is_immutable, answer_text, answer_char, answer_bool, answer_int, answer_datetime, is_from_query) VALUES (924, NULL, 4, 279, TRUE, 'Thursday', NULL, NULL, NULL, NULL, FALSE);
INSERT INTO forms_section_answer (id, copied_from_id, ordinal, question_id, is_immutable, answer_text, answer_char, answer_bool, answer_int, answer_datetime, is_from_query) VALUES (925, NULL, 5, 279, TRUE, 'Friday', NULL, NULL, NULL, NULL, FALSE);
INSERT INTO forms_section_answer (id, copied_from_id, ordinal, question_id, is_immutable, answer_text, answer_char, answer_bool, answer_int, answer_datetime, is_from_query) VALUES (926, NULL, 1, 244, TRUE, NULL, NULL, NULL, NULL, NULL, TRUE);
INSERT INTO forms_section_answer (id, copied_from_id, ordinal, question_id, is_immutable, answer_text, answer_char, answer_bool, answer_int, answer_datetime, is_from_query) VALUES (927, NULL, 1, 246, TRUE, NULL, NULL, NULL, NULL, NULL, TRUE);
INSERT INTO forms_section_answer (id, copied_from_id, ordinal, question_id, is_immutable, answer_text, answer_char, answer_bool, answer_int, answer_datetime, is_from_query) VALUES (928, NULL, 1, 284, TRUE, 'Any - No Preference', NULL, NULL, NULL, NULL, FALSE);
INSERT INTO forms_section_answer (id, copied_from_id, ordinal, question_id, is_immutable, answer_text, answer_char, answer_bool, answer_int, answer_datetime, is_from_query) VALUES (929, NULL, 2, 284, TRUE, 'Writing a resume and cover letter', NULL, NULL, NULL, NULL, FALSE);
INSERT INTO forms_section_answer (id, copied_from_id, ordinal, question_id, is_immutable, answer_text, answer_char, answer_bool, answer_int, answer_datetime, is_from_query) VALUES (930, NULL, 3, 284, TRUE, 'Getting a job while you are in high school', NULL, NULL, NULL, NULL, FALSE);
INSERT INTO forms_section_answer (id, copied_from_id, ordinal, question_id, is_immutable, answer_text, answer_char, answer_bool, answer_int, answer_datetime, is_from_query) VALUES (931, NULL, 4, 284, TRUE, 'Getting an internship while you are in high school', NULL, NULL, NULL, NULL, FALSE);
INSERT INTO forms_section_answer (id, copied_from_id, ordinal, question_id, is_immutable, answer_text, answer_char, answer_bool, answer_int, answer_datetime, is_from_query) VALUES (932, NULL, 5, 284, TRUE, 'Learning how to prepare for your career', NULL, NULL, NULL, NULL, FALSE);
INSERT INTO forms_section_answer (id, copied_from_id, ordinal, question_id, is_immutable, answer_text, answer_char, answer_bool, answer_int, answer_datetime, is_from_query) VALUES (933, NULL, 1, 286, TRUE, 'Accounting', NULL, NULL, NULL, NULL, FALSE);
INSERT INTO forms_section_answer (id, copied_from_id, ordinal, question_id, is_immutable, answer_text, answer_char, answer_bool, answer_int, answer_datetime, is_from_query) VALUES (934, NULL, 2, 286, TRUE, 'American Studies', NULL, NULL, NULL, NULL, FALSE);
INSERT INTO forms_section_answer (id, copied_from_id, ordinal, question_id, is_immutable, answer_text, answer_char, answer_bool, answer_int, answer_datetime, is_from_query) VALUES (935, NULL, 3, 286, TRUE, 'Anthropology', NULL, NULL, NULL, NULL, FALSE);
INSERT INTO forms_section_answer (id, copied_from_id, ordinal, question_id, is_immutable, answer_text, answer_char, answer_bool, answer_int, answer_datetime, is_from_query) VALUES (936, NULL, 4, 286, TRUE, 'Architecture', NULL, NULL, NULL, NULL, FALSE);
INSERT INTO forms_section_answer (id, copied_from_id, ordinal, question_id, is_immutable, answer_text, answer_char, answer_bool, answer_int, answer_datetime, is_from_query) VALUES (937, NULL, 5, 286, TRUE, 'Art History', NULL, NULL, NULL, NULL, FALSE);
INSERT INTO forms_section_answer (id, copied_from_id, ordinal, question_id, is_immutable, answer_text, answer_char, answer_bool, answer_int, answer_datetime, is_from_query) VALUES (938, NULL, 6, 286, TRUE, 'Art Studio', NULL, NULL, NULL, NULL, FALSE);
INSERT INTO forms_section_answer (id, copied_from_id, ordinal, question_id, is_immutable, answer_text, answer_char, answer_bool, answer_int, answer_datetime, is_from_query) VALUES (939, NULL, 7, 286, TRUE, 'Biochemistry', NULL, NULL, NULL, NULL, FALSE);
INSERT INTO forms_section_answer (id, copied_from_id, ordinal, question_id, is_immutable, answer_text, answer_char, answer_bool, answer_int, answer_datetime, is_from_query) VALUES (940, NULL, 8, 286, TRUE, 'Biology', NULL, NULL, NULL, NULL, FALSE);
INSERT INTO forms_section_answer (id, copied_from_id, ordinal, question_id, is_immutable, answer_text, answer_char, answer_bool, answer_int, answer_datetime, is_from_query) VALUES (941, NULL, 9, 286, TRUE, 'Biophysics', NULL, NULL, NULL, NULL, FALSE);
INSERT INTO forms_section_answer (id, copied_from_id, ordinal, question_id, is_immutable, answer_text, answer_char, answer_bool, answer_int, answer_datetime, is_from_query) VALUES (942, NULL, 10, 286, TRUE, 'Business Administration', NULL, NULL, NULL, NULL, FALSE);
INSERT INTO forms_section_answer (id, copied_from_id, ordinal, question_id, is_immutable, answer_text, answer_char, answer_bool, answer_int, answer_datetime, is_from_query) VALUES (943, NULL, 11, 286, TRUE, 'Chemistry', NULL, NULL, NULL, NULL, FALSE);
INSERT INTO forms_section_answer (id, copied_from_id, ordinal, question_id, is_immutable, answer_text, answer_char, answer_bool, answer_int, answer_datetime, is_from_query) VALUES (944, NULL, 12, 286, TRUE, 'Classics (Greek / Latin)', NULL, NULL, NULL, NULL, FALSE);
INSERT INTO forms_section_answer (id, copied_from_id, ordinal, question_id, is_immutable, answer_text, answer_char, answer_bool, answer_int, answer_datetime, is_from_query) VALUES (945, NULL, 13, 286, TRUE, 'Communication', NULL, NULL, NULL, NULL, FALSE);
INSERT INTO forms_section_answer (id, copied_from_id, ordinal, question_id, is_immutable, answer_text, answer_char, answer_bool, answer_int, answer_datetime, is_from_query) VALUES (946, NULL, 14, 286, TRUE, 'Computer Science', NULL, NULL, NULL, NULL, FALSE);
INSERT INTO forms_section_answer (id, copied_from_id, ordinal, question_id, is_immutable, answer_text, answer_char, answer_bool, answer_int, answer_datetime, is_from_query) VALUES (947, NULL, 15, 286, TRUE, 'Criminal Justice', NULL, NULL, NULL, NULL, FALSE);
INSERT INTO forms_section_answer (id, copied_from_id, ordinal, question_id, is_immutable, answer_text, answer_char, answer_bool, answer_int, answer_datetime, is_from_query) VALUES (948, NULL, 16, 286, TRUE, 'Economics', NULL, NULL, NULL, NULL, FALSE);
INSERT INTO forms_section_answer (id, copied_from_id, ordinal, question_id, is_immutable, answer_text, answer_char, answer_bool, answer_int, answer_datetime, is_from_query) VALUES (949, NULL, 17, 286, TRUE, 'Education (Teaching)', NULL, NULL, NULL, NULL, FALSE);
INSERT INTO forms_section_answer (id, copied_from_id, ordinal, question_id, is_immutable, answer_text, answer_char, answer_bool, answer_int, answer_datetime, is_from_query) VALUES (950, NULL, 18, 286, TRUE, 'English', NULL, NULL, NULL, NULL, FALSE);
INSERT INTO forms_section_answer (id, copied_from_id, ordinal, question_id, is_immutable, answer_text, answer_char, answer_bool, answer_int, answer_datetime, is_from_query) VALUES (951, NULL, 19, 286, TRUE, 'Engineering', NULL, NULL, NULL, NULL, FALSE);
INSERT INTO forms_section_answer (id, copied_from_id, ordinal, question_id, is_immutable, answer_text, answer_char, answer_bool, answer_int, answer_datetime, is_from_query) VALUES (952, NULL, 20, 286, TRUE, 'Foreign Language, Literatures, and Linguistics', NULL, NULL, NULL, NULL, FALSE);
INSERT INTO forms_section_answer (id, copied_from_id, ordinal, question_id, is_immutable, answer_text, answer_char, answer_bool, answer_int, answer_datetime, is_from_query) VALUES (953, NULL, 21, 286, TRUE, 'Geography', NULL, NULL, NULL, NULL, FALSE);
INSERT INTO forms_section_answer (id, copied_from_id, ordinal, question_id, is_immutable, answer_text, answer_char, answer_bool, answer_int, answer_datetime, is_from_query) VALUES (954, NULL, 22, 286, TRUE, 'History', NULL, NULL, NULL, NULL, FALSE);
INSERT INTO forms_section_answer (id, copied_from_id, ordinal, question_id, is_immutable, answer_text, answer_char, answer_bool, answer_int, answer_datetime, is_from_query) VALUES (955, NULL, 23, 286, TRUE, 'International Relations', NULL, NULL, NULL, NULL, FALSE);
INSERT INTO forms_section_answer (id, copied_from_id, ordinal, question_id, is_immutable, answer_text, answer_char, answer_bool, answer_int, answer_datetime, is_from_query) VALUES (956, NULL, 24, 286, TRUE, 'Journalism', NULL, NULL, NULL, NULL, FALSE);
INSERT INTO forms_section_answer (id, copied_from_id, ordinal, question_id, is_immutable, answer_text, answer_char, answer_bool, answer_int, answer_datetime, is_from_query) VALUES (957, NULL, 25, 286, TRUE, 'Library Sciences', NULL, NULL, NULL, NULL, FALSE);
INSERT INTO forms_section_answer (id, copied_from_id, ordinal, question_id, is_immutable, answer_text, answer_char, answer_bool, answer_int, answer_datetime, is_from_query) VALUES (958, NULL, 26, 286, TRUE, 'Mathematics', NULL, NULL, NULL, NULL, FALSE);
INSERT INTO forms_section_answer (id, copied_from_id, ordinal, question_id, is_immutable, answer_text, answer_char, answer_bool, answer_int, answer_datetime, is_from_query) VALUES (959, NULL, 27, 286, TRUE, 'Philosophy', NULL, NULL, NULL, NULL, FALSE);
INSERT INTO forms_section_answer (id, copied_from_id, ordinal, question_id, is_immutable, answer_text, answer_char, answer_bool, answer_int, answer_datetime, is_from_query) VALUES (960, NULL, 28, 286, TRUE, 'Physics & Astronomy', NULL, NULL, NULL, NULL, FALSE);
INSERT INTO forms_section_answer (id, copied_from_id, ordinal, question_id, is_immutable, answer_text, answer_char, answer_bool, answer_int, answer_datetime, is_from_query) VALUES (961, NULL, 29, 286, TRUE, 'Political Science', NULL, NULL, NULL, NULL, FALSE);
INSERT INTO forms_section_answer (id, copied_from_id, ordinal, question_id, is_immutable, answer_text, answer_char, answer_bool, answer_int, answer_datetime, is_from_query) VALUES (962, NULL, 30, 286, TRUE, 'Psychology', NULL, NULL, NULL, NULL, FALSE);
INSERT INTO forms_section_answer (id, copied_from_id, ordinal, question_id, is_immutable, answer_text, answer_char, answer_bool, answer_int, answer_datetime, is_from_query) VALUES (963, NULL, 31, 286, TRUE, 'Religion / Theology', NULL, NULL, NULL, NULL, FALSE);
INSERT INTO forms_section_answer (id, copied_from_id, ordinal, question_id, is_immutable, answer_text, answer_char, answer_bool, answer_int, answer_datetime, is_from_query) VALUES (964, NULL, 32, 286, TRUE, 'Sociology', NULL, NULL, NULL, NULL, FALSE);
INSERT INTO forms_section_answer (id, copied_from_id, ordinal, question_id, is_immutable, answer_text, answer_char, answer_bool, answer_int, answer_datetime, is_from_query) VALUES (965, NULL, 33, 286, TRUE, 'Women''s and Gender Studies', NULL, NULL, NULL, NULL, FALSE);
INSERT INTO forms_section_answer (id, copied_from_id, ordinal, question_id, is_immutable, answer_text, answer_char, answer_bool, answer_int, answer_datetime, is_from_query) VALUES (966, NULL, 1, 287, TRUE, 'Accounting', NULL, NULL, NULL, NULL, FALSE);
INSERT INTO forms_section_answer (id, copied_from_id, ordinal, question_id, is_immutable, answer_text, answer_char, answer_bool, answer_int, answer_datetime, is_from_query) VALUES (967, NULL, 2, 287, TRUE, 'American Studies', NULL, NULL, NULL, NULL, FALSE);
INSERT INTO forms_section_answer (id, copied_from_id, ordinal, question_id, is_immutable, answer_text, answer_char, answer_bool, answer_int, answer_datetime, is_from_query) VALUES (968, NULL, 3, 287, TRUE, 'Anthropology', NULL, NULL, NULL, NULL, FALSE);
INSERT INTO forms_section_answer (id, copied_from_id, ordinal, question_id, is_immutable, answer_text, answer_char, answer_bool, answer_int, answer_datetime, is_from_query) VALUES (969, NULL, 4, 287, TRUE, 'Architecture', NULL, NULL, NULL, NULL, FALSE);
INSERT INTO forms_section_answer (id, copied_from_id, ordinal, question_id, is_immutable, answer_text, answer_char, answer_bool, answer_int, answer_datetime, is_from_query) VALUES (970, NULL, 5, 287, TRUE, 'Art History', NULL, NULL, NULL, NULL, FALSE);
INSERT INTO forms_section_answer (id, copied_from_id, ordinal, question_id, is_immutable, answer_text, answer_char, answer_bool, answer_int, answer_datetime, is_from_query) VALUES (971, NULL, 6, 287, TRUE, 'Art Studio', NULL, NULL, NULL, NULL, FALSE);
INSERT INTO forms_section_answer (id, copied_from_id, ordinal, question_id, is_immutable, answer_text, answer_char, answer_bool, answer_int, answer_datetime, is_from_query) VALUES (972, NULL, 7, 287, TRUE, 'Biochemistry', NULL, NULL, NULL, NULL, FALSE);
INSERT INTO forms_section_answer (id, copied_from_id, ordinal, question_id, is_immutable, answer_text, answer_char, answer_bool, answer_int, answer_datetime, is_from_query) VALUES (973, NULL, 8, 287, TRUE, 'Biology', NULL, NULL, NULL, NULL, FALSE);
INSERT INTO forms_section_answer (id, copied_from_id, ordinal, question_id, is_immutable, answer_text, answer_char, answer_bool, answer_int, answer_datetime, is_from_query) VALUES (974, NULL, 9, 287, TRUE, 'Biophysics', NULL, NULL, NULL, NULL, FALSE);
INSERT INTO forms_section_answer (id, copied_from_id, ordinal, question_id, is_immutable, answer_text, answer_char, answer_bool, answer_int, answer_datetime, is_from_query) VALUES (975, NULL, 10, 287, TRUE, 'Business Administration', NULL, NULL, NULL, NULL, FALSE);
INSERT INTO forms_section_answer (id, copied_from_id, ordinal, question_id, is_immutable, answer_text, answer_char, answer_bool, answer_int, answer_datetime, is_from_query) VALUES (976, NULL, 11, 287, TRUE, 'Chemistry', NULL, NULL, NULL, NULL, FALSE);
INSERT INTO forms_section_answer (id, copied_from_id, ordinal, question_id, is_immutable, answer_text, answer_char, answer_bool, answer_int, answer_datetime, is_from_query) VALUES (977, NULL, 12, 287, TRUE, 'Classics (Greek / Latin)', NULL, NULL, NULL, NULL, FALSE);
INSERT INTO forms_section_answer (id, copied_from_id, ordinal, question_id, is_immutable, answer_text, answer_char, answer_bool, answer_int, answer_datetime, is_from_query) VALUES (978, NULL, 13, 287, TRUE, 'Communication', NULL, NULL, NULL, NULL, FALSE);
INSERT INTO forms_section_answer (id, copied_from_id, ordinal, question_id, is_immutable, answer_text, answer_char, answer_bool, answer_int, answer_datetime, is_from_query) VALUES (979, NULL, 14, 287, TRUE, 'Computer Science', NULL, NULL, NULL, NULL, FALSE);
INSERT INTO forms_section_answer (id, copied_from_id, ordinal, question_id, is_immutable, answer_text, answer_char, answer_bool, answer_int, answer_datetime, is_from_query) VALUES (980, NULL, 15, 287, TRUE, 'Criminal Justice', NULL, NULL, NULL, NULL, FALSE);
INSERT INTO forms_section_answer (id, copied_from_id, ordinal, question_id, is_immutable, answer_text, answer_char, answer_bool, answer_int, answer_datetime, is_from_query) VALUES (981, NULL, 16, 287, TRUE, 'Economics', NULL, NULL, NULL, NULL, FALSE);
INSERT INTO forms_section_answer (id, copied_from_id, ordinal, question_id, is_immutable, answer_text, answer_char, answer_bool, answer_int, answer_datetime, is_from_query) VALUES (982, NULL, 17, 287, TRUE, 'Education (Teaching)', NULL, NULL, NULL, NULL, FALSE);
INSERT INTO forms_section_answer (id, copied_from_id, ordinal, question_id, is_immutable, answer_text, answer_char, answer_bool, answer_int, answer_datetime, is_from_query) VALUES (983, NULL, 18, 287, TRUE, 'English', NULL, NULL, NULL, NULL, FALSE);
INSERT INTO forms_section_answer (id, copied_from_id, ordinal, question_id, is_immutable, answer_text, answer_char, answer_bool, answer_int, answer_datetime, is_from_query) VALUES (984, NULL, 19, 287, TRUE, 'Engineering', NULL, NULL, NULL, NULL, FALSE);
INSERT INTO forms_section_answer (id, copied_from_id, ordinal, question_id, is_immutable, answer_text, answer_char, answer_bool, answer_int, answer_datetime, is_from_query) VALUES (985, NULL, 20, 287, TRUE, 'Foreign Language, Literatures, and Linguistics', NULL, NULL, NULL, NULL, FALSE);
INSERT INTO forms_section_answer (id, copied_from_id, ordinal, question_id, is_immutable, answer_text, answer_char, answer_bool, answer_int, answer_datetime, is_from_query) VALUES (986, NULL, 21, 287, TRUE, 'Geography', NULL, NULL, NULL, NULL, FALSE);
INSERT INTO forms_section_answer (id, copied_from_id, ordinal, question_id, is_immutable, answer_text, answer_char, answer_bool, answer_int, answer_datetime, is_from_query) VALUES (987, NULL, 22, 287, TRUE, 'History', NULL, NULL, NULL, NULL, FALSE);
INSERT INTO forms_section_answer (id, copied_from_id, ordinal, question_id, is_immutable, answer_text, answer_char, answer_bool, answer_int, answer_datetime, is_from_query) VALUES (988, NULL, 23, 287, TRUE, 'International Relations', NULL, NULL, NULL, NULL, FALSE);
INSERT INTO forms_section_answer (id, copied_from_id, ordinal, question_id, is_immutable, answer_text, answer_char, answer_bool, answer_int, answer_datetime, is_from_query) VALUES (989, NULL, 24, 287, TRUE, 'Journalism', NULL, NULL, NULL, NULL, FALSE);
INSERT INTO forms_section_answer (id, copied_from_id, ordinal, question_id, is_immutable, answer_text, answer_char, answer_bool, answer_int, answer_datetime, is_from_query) VALUES (990, NULL, 25, 287, TRUE, 'Library Sciences', NULL, NULL, NULL, NULL, FALSE);
INSERT INTO forms_section_answer (id, copied_from_id, ordinal, question_id, is_immutable, answer_text, answer_char, answer_bool, answer_int, answer_datetime, is_from_query) VALUES (991, NULL, 26, 287, TRUE, 'Mathematics', NULL, NULL, NULL, NULL, FALSE);
INSERT INTO forms_section_answer (id, copied_from_id, ordinal, question_id, is_immutable, answer_text, answer_char, answer_bool, answer_int, answer_datetime, is_from_query) VALUES (992, NULL, 27, 287, TRUE, 'Philosophy', NULL, NULL, NULL, NULL, FALSE);
INSERT INTO forms_section_answer (id, copied_from_id, ordinal, question_id, is_immutable, answer_text, answer_char, answer_bool, answer_int, answer_datetime, is_from_query) VALUES (993, NULL, 28, 287, TRUE, 'Physics & Astronomy', NULL, NULL, NULL, NULL, FALSE);
INSERT INTO forms_section_answer (id, copied_from_id, ordinal, question_id, is_immutable, answer_text, answer_char, answer_bool, answer_int, answer_datetime, is_from_query) VALUES (994, NULL, 29, 287, TRUE, 'Political Science', NULL, NULL, NULL, NULL, FALSE);
INSERT INTO forms_section_answer (id, copied_from_id, ordinal, question_id, is_immutable, answer_text, answer_char, answer_bool, answer_int, answer_datetime, is_from_query) VALUES (995, NULL, 30, 287, TRUE, 'Psychology', NULL, NULL, NULL, NULL, FALSE);
INSERT INTO forms_section_answer (id, copied_from_id, ordinal, question_id, is_immutable, answer_text, answer_char, answer_bool, answer_int, answer_datetime, is_from_query) VALUES (996, NULL, 31, 287, TRUE, 'Religion / Theology', NULL, NULL, NULL, NULL, FALSE);
INSERT INTO forms_section_answer (id, copied_from_id, ordinal, question_id, is_immutable, answer_text, answer_char, answer_bool, answer_int, answer_datetime, is_from_query) VALUES (997, NULL, 32, 287, TRUE, 'Sociology', NULL, NULL, NULL, NULL, FALSE);
INSERT INTO forms_section_answer (id, copied_from_id, ordinal, question_id, is_immutable, answer_text, answer_char, answer_bool, answer_int, answer_datetime, is_from_query) VALUES (998, NULL, 33, 287, TRUE, 'Women''s and Gender Studies', NULL, NULL, NULL, NULL, FALSE);
INSERT INTO forms_section_answer (id, copied_from_id, ordinal, question_id, is_immutable, answer_text, answer_char, answer_bool, answer_int, answer_datetime, is_from_query) VALUES (999, NULL, 1, 288, TRUE, 'Went to high school in Tallahassee', NULL, NULL, NULL, NULL, FALSE);
INSERT INTO forms_section_answer (id, copied_from_id, ordinal, question_id, is_immutable, answer_text, answer_char, answer_bool, answer_int, answer_datetime, is_from_query) VALUES (1000, NULL, 2, 288, TRUE, 'Had to change schools at some point and had to become the "new kid" all over again.', NULL, NULL, NULL, NULL, FALSE);
INSERT INTO forms_section_answer (id, copied_from_id, ordinal, question_id, is_immutable, answer_text, answer_char, answer_bool, answer_int, answer_datetime, is_from_query) VALUES (1001, NULL, 3, 288, TRUE, 'Grew up in another country', NULL, NULL, NULL, NULL, FALSE);
INSERT INTO forms_section_answer (id, copied_from_id, ordinal, question_id, is_immutable, answer_text, answer_char, answer_bool, answer_int, answer_datetime, is_from_query) VALUES (1002, NULL, 4, 288, TRUE, 'Was not a native English speaker', NULL, NULL, NULL, NULL, FALSE);
INSERT INTO forms_section_answer (id, copied_from_id, ordinal, question_id, is_immutable, answer_text, answer_char, answer_bool, answer_int, answer_datetime, is_from_query) VALUES (1003, NULL, 5, 288, TRUE, 'Worked a job while in high school', NULL, NULL, NULL, NULL, FALSE);
INSERT INTO forms_section_answer (id, copied_from_id, ordinal, question_id, is_immutable, answer_text, answer_char, answer_bool, answer_int, answer_datetime, is_from_query) VALUES (1004, NULL, 6, 288, TRUE, 'Helped to financially support family while in high school', NULL, NULL, NULL, NULL, FALSE);
INSERT INTO forms_section_answer (id, copied_from_id, ordinal, question_id, is_immutable, answer_text, answer_char, answer_bool, answer_int, answer_datetime, is_from_query) VALUES (1005, NULL, 7, 288, TRUE, 'Did not know what I wanted to do after high school', NULL, NULL, NULL, NULL, FALSE);
INSERT INTO forms_section_answer (id, copied_from_id, ordinal, question_id, is_immutable, answer_text, answer_char, answer_bool, answer_int, answer_datetime, is_from_query) VALUES (1006, NULL, 8, 288, TRUE, 'Had to take care of a sibling or family member while growing up', NULL, NULL, NULL, NULL, FALSE);
INSERT INTO forms_section_answer (id, copied_from_id, ordinal, question_id, is_immutable, answer_text, answer_char, answer_bool, answer_int, answer_datetime, is_from_query) VALUES (1007, NULL, 9, 288, TRUE, 'Grew up in a single-parent household', NULL, NULL, NULL, NULL, FALSE);
INSERT INTO forms_section_answer (id, copied_from_id, ordinal, question_id, is_immutable, answer_text, answer_char, answer_bool, answer_int, answer_datetime, is_from_query) VALUES (1008, NULL, 10, 288, TRUE, 'Was a high performing student', NULL, NULL, NULL, NULL, FALSE);
INSERT INTO forms_section_answer (id, copied_from_id, ordinal, question_id, is_immutable, answer_text, answer_char, answer_bool, answer_int, answer_datetime, is_from_query) VALUES (1009, NULL, 11, 288, TRUE, 'Was a low performing student', NULL, NULL, NULL, NULL, FALSE);
INSERT INTO forms_section_answer (id, copied_from_id, ordinal, question_id, is_immutable, answer_text, answer_char, answer_bool, answer_int, answer_datetime, is_from_query) VALUES (1010, NULL, 12, 288, TRUE, 'Got in trouble a lot during school', NULL, NULL, NULL, NULL, FALSE);
INSERT INTO forms_section_answer (id, copied_from_id, ordinal, question_id, is_immutable, answer_text, answer_char, answer_bool, answer_int, answer_datetime, is_from_query) VALUES (1011, NULL, 13, 288, TRUE, 'Was one of the more outgoing students in his/her school.', NULL, NULL, NULL, NULL, FALSE);
INSERT INTO forms_section_answer (id, copied_from_id, ordinal, question_id, is_immutable, answer_text, answer_char, answer_bool, answer_int, answer_datetime, is_from_query) VALUES (1012, NULL, 14, 288, TRUE, 'Was one of the more shy students in his/her school', NULL, NULL, NULL, NULL, FALSE);
INSERT INTO forms_section_answer (id, copied_from_id, ordinal, question_id, is_immutable, answer_text, answer_char, answer_bool, answer_int, answer_datetime, is_from_query) VALUES (1013, NULL, 15, 288, TRUE, 'Was bullied or had other social struggles', NULL, NULL, NULL, NULL, FALSE);
INSERT INTO forms_section_answer (id, copied_from_id, ordinal, question_id, is_immutable, answer_text, answer_char, answer_bool, answer_int, answer_datetime, is_from_query) VALUES (1014, NULL, 16, 288, TRUE, 'Had friends or family struggle with substance absuse/personally struggled with substance abuse or pressure to use', NULL, NULL, NULL, NULL, FALSE);
INSERT INTO forms_section_answer (id, copied_from_id, ordinal, question_id, is_immutable, answer_text, answer_char, answer_bool, answer_int, answer_datetime, is_from_query) VALUES (1015, NULL, 17, 288, TRUE, 'Identified as LGBTQ and/or had friends or family who identified as LGBTQ', NULL, NULL, NULL, NULL, FALSE);
INSERT INTO forms_section_answer (id, copied_from_id, ordinal, question_id, is_immutable, answer_text, answer_char, answer_bool, answer_int, answer_datetime, is_from_query) VALUES (1016, NULL, 18, 288, TRUE, 'Participated in sports', NULL, NULL, NULL, NULL, FALSE);
INSERT INTO forms_section_answer (id, copied_from_id, ordinal, question_id, is_immutable, answer_text, answer_char, answer_bool, answer_int, answer_datetime, is_from_query) VALUES (1017, NULL, 19, 288, TRUE, 'Participated in the arts (music, dance, theater)', NULL, NULL, NULL, NULL, FALSE);
INSERT INTO forms_section_answer (id, copied_from_id, ordinal, question_id, is_immutable, answer_text, answer_char, answer_bool, answer_int, answer_datetime, is_from_query) VALUES (1018, NULL, 20, 288, TRUE, 'Participated in Student Government', NULL, NULL, NULL, NULL, FALSE);
INSERT INTO forms_section_answer (id, copied_from_id, ordinal, question_id, is_immutable, answer_text, answer_char, answer_bool, answer_int, answer_datetime, is_from_query) VALUES (1019, NULL, 1, 289, TRUE, 'Any - No Preference', NULL, NULL, NULL, NULL, FALSE);
INSERT INTO forms_section_answer (id, copied_from_id, ordinal, question_id, is_immutable, answer_text, answer_char, answer_bool, answer_int, answer_datetime, is_from_query) VALUES (1020, NULL, 2, 289, TRUE, 'English', NULL, NULL, NULL, NULL, FALSE);
INSERT INTO forms_section_answer (id, copied_from_id, ordinal, question_id, is_immutable, answer_text, answer_char, answer_bool, answer_int, answer_datetime, is_from_query) VALUES (1021, NULL, 3, 289, TRUE, 'Math', NULL, NULL, NULL, NULL, FALSE);
INSERT INTO forms_section_answer (id, copied_from_id, ordinal, question_id, is_immutable, answer_text, answer_char, answer_bool, answer_int, answer_datetime, is_from_query) VALUES (1022, NULL, 4, 289, TRUE, 'Science', NULL, NULL, NULL, NULL, FALSE);
INSERT INTO forms_section_answer (id, copied_from_id, ordinal, question_id, is_immutable, answer_text, answer_char, answer_bool, answer_int, answer_datetime, is_from_query) VALUES (1023, NULL, 5, 289, TRUE, 'History', NULL, NULL, NULL, NULL, FALSE);
INSERT INTO forms_section_answer (id, copied_from_id, ordinal, question_id, is_immutable, answer_text, answer_char, answer_bool, answer_int, answer_datetime, is_from_query) VALUES (1024, NULL, 6, 289, TRUE, 'Computer Science', NULL, NULL, NULL, NULL, FALSE);
INSERT INTO forms_section_answer (id, copied_from_id, ordinal, question_id, is_immutable, answer_text, answer_char, answer_bool, answer_int, answer_datetime, is_from_query) VALUES (1025, NULL, 7, 289, TRUE, 'Art and/or Music', NULL, NULL, NULL, NULL, FALSE);
INSERT INTO forms_section_answer (id, copied_from_id, ordinal, question_id, is_immutable, answer_text, answer_char, answer_bool, answer_int, answer_datetime, is_from_query) VALUES (1026, NULL, 8, 289, TRUE, 'Learning how to speak English', NULL, NULL, NULL, NULL, FALSE);
INSERT INTO forms_section_answer (id, copied_from_id, ordinal, question_id, is_immutable, answer_text, answer_char, answer_bool, answer_int, answer_datetime, is_from_query) VALUES (1027, NULL, 1, 291, TRUE, 'Well Organized', NULL, NULL, NULL, NULL, FALSE);
INSERT INTO forms_section_answer (id, copied_from_id, ordinal, question_id, is_immutable, answer_text, answer_char, answer_bool, answer_int, answer_datetime, is_from_query) VALUES (1028, NULL, 2, 291, TRUE, 'Independent', NULL, NULL, NULL, NULL, FALSE);
INSERT INTO forms_section_answer (id, copied_from_id, ordinal, question_id, is_immutable, answer_text, answer_char, answer_bool, answer_int, answer_datetime, is_from_query) VALUES (1029, NULL, 3, 291, TRUE, 'Funny', NULL, NULL, NULL, NULL, FALSE);
INSERT INTO forms_section_answer (id, copied_from_id, ordinal, question_id, is_immutable, answer_text, answer_char, answer_bool, answer_int, answer_datetime, is_from_query) VALUES (1030, NULL, 4, 291, TRUE, 'Patient', NULL, NULL, NULL, NULL, FALSE);
INSERT INTO forms_section_answer (id, copied_from_id, ordinal, question_id, is_immutable, answer_text, answer_char, answer_bool, answer_int, answer_datetime, is_from_query) VALUES (1031, NULL, 5, 291, TRUE, 'Outgoing', NULL, NULL, NULL, NULL, FALSE);
INSERT INTO forms_section_answer (id, copied_from_id, ordinal, question_id, is_immutable, answer_text, answer_char, answer_bool, answer_int, answer_datetime, is_from_query) VALUES (1032, NULL, 6, 291, TRUE, 'Creative', NULL, NULL, NULL, NULL, FALSE);
INSERT INTO forms_section_answer (id, copied_from_id, ordinal, question_id, is_immutable, answer_text, answer_char, answer_bool, answer_int, answer_datetime, is_from_query) VALUES (1033, NULL, 7, 291, TRUE, 'Quiet', NULL, NULL, NULL, NULL, FALSE);
INSERT INTO forms_section_answer (id, copied_from_id, ordinal, question_id, is_immutable, answer_text, answer_char, answer_bool, answer_int, answer_datetime, is_from_query) VALUES (1034, NULL, 8, 291, TRUE, 'Serious', NULL, NULL, NULL, NULL, FALSE);
INSERT INTO forms_section_answer (id, copied_from_id, ordinal, question_id, is_immutable, answer_text, answer_char, answer_bool, answer_int, answer_datetime, is_from_query) VALUES (1035, NULL, 9, 291, TRUE, 'Perfectionist', NULL, NULL, NULL, NULL, FALSE);
INSERT INTO forms_section_answer (id, copied_from_id, ordinal, question_id, is_immutable, answer_text, answer_char, answer_bool, answer_int, answer_datetime, is_from_query) VALUES (1036, NULL, 10, 291, TRUE, 'Ambitious', NULL, NULL, NULL, NULL, FALSE);
INSERT INTO forms_section_answer (id, copied_from_id, ordinal, question_id, is_immutable, answer_text, answer_char, answer_bool, answer_int, answer_datetime, is_from_query) VALUES (1037, NULL, 11, 291, TRUE, 'Emotional', NULL, NULL, NULL, NULL, FALSE);
INSERT INTO forms_section_answer (id, copied_from_id, ordinal, question_id, is_immutable, answer_text, answer_char, answer_bool, answer_int, answer_datetime, is_from_query) VALUES (1038, NULL, 12, 291, TRUE, 'Competitive', NULL, NULL, NULL, NULL, FALSE);
INSERT INTO forms_section_answer (id, copied_from_id, ordinal, question_id, is_immutable, answer_text, answer_char, answer_bool, answer_int, answer_datetime, is_from_query) VALUES (1039, NULL, 13, 291, TRUE, 'Talkative', NULL, NULL, NULL, NULL, FALSE);
INSERT INTO forms_section_answer (id, copied_from_id, ordinal, question_id, is_immutable, answer_text, answer_char, answer_bool, answer_int, answer_datetime, is_from_query) VALUES (1040, NULL, 14, 291, TRUE, 'Open-minded', NULL, NULL, NULL, NULL, FALSE);
INSERT INTO forms_section_answer (id, copied_from_id, ordinal, question_id, is_immutable, answer_text, answer_char, answer_bool, answer_int, answer_datetime, is_from_query) VALUES (1041, NULL, 15, 291, TRUE, 'Spiritual', NULL, NULL, NULL, NULL, FALSE);
INSERT INTO forms_section_answer (id, copied_from_id, ordinal, question_id, is_immutable, answer_text, answer_char, answer_bool, answer_int, answer_datetime, is_from_query) VALUES (1042, NULL, 1, 292, TRUE, 'Parents got divorced / separated', NULL, NULL, NULL, NULL, FALSE);
INSERT INTO forms_section_answer (id, copied_from_id, ordinal, question_id, is_immutable, answer_text, answer_char, answer_bool, answer_int, answer_datetime, is_from_query) VALUES (1043, NULL, 2, 292, TRUE, 'Had difficulty getting along with family', NULL, NULL, NULL, NULL, FALSE);
INSERT INTO forms_section_answer (id, copied_from_id, ordinal, question_id, is_immutable, answer_text, answer_char, answer_bool, answer_int, answer_datetime, is_from_query) VALUES (1044, NULL, 3, 292, TRUE, 'Has children', NULL, NULL, NULL, NULL, FALSE);
INSERT INTO forms_section_answer (id, copied_from_id, ordinal, question_id, is_immutable, answer_text, answer_char, answer_bool, answer_int, answer_datetime, is_from_query) VALUES (1045, NULL, 4, 292, TRUE, 'Someone close has passed away', NULL, NULL, NULL, NULL, FALSE);
INSERT INTO forms_section_answer (id, copied_from_id, ordinal, question_id, is_immutable, answer_text, answer_char, answer_bool, answer_int, answer_datetime, is_from_query) VALUES (1046, NULL, 5, 292, TRUE, 'Traveled internationally', NULL, NULL, NULL, NULL, FALSE);
INSERT INTO forms_section_answer (id, copied_from_id, ordinal, question_id, is_immutable, answer_text, answer_char, answer_bool, answer_int, answer_datetime, is_from_query) VALUES (1047, NULL, 6, 292, TRUE, 'Speak language other than English', NULL, NULL, NULL, NULL, FALSE);
INSERT INTO forms_section_answer (id, copied_from_id, ordinal, question_id, is_immutable, answer_text, answer_char, answer_bool, answer_int, answer_datetime, is_from_query) VALUES (1048, NULL, 7, 292, TRUE, 'Began my college career in community college', NULL, NULL, NULL, NULL, FALSE);
INSERT INTO forms_section_answer (id, copied_from_id, ordinal, question_id, is_immutable, answer_text, answer_char, answer_bool, answer_int, answer_datetime, is_from_query) VALUES (1049, NULL, 8, 292, TRUE, 'Went to college close to home', NULL, NULL, NULL, NULL, FALSE);
INSERT INTO forms_section_answer (id, copied_from_id, ordinal, question_id, is_immutable, answer_text, answer_char, answer_bool, answer_int, answer_datetime, is_from_query) VALUES (1050, NULL, 9, 292, TRUE, 'Went to college far away from home', NULL, NULL, NULL, NULL, FALSE);
INSERT INTO forms_section_answer (id, copied_from_id, ordinal, question_id, is_immutable, answer_text, answer_char, answer_bool, answer_int, answer_datetime, is_from_query) VALUES (1051, NULL, 10, 292, TRUE, 'Did not know what I wanted to study in college at first', NULL, NULL, NULL, NULL, FALSE);
INSERT INTO forms_section_answer (id, copied_from_id, ordinal, question_id, is_immutable, answer_text, answer_char, answer_bool, answer_int, answer_datetime, is_from_query) VALUES (1052, NULL, 1, 293, TRUE, 'Dealing with academic challenges', NULL, NULL, NULL, NULL, FALSE);
INSERT INTO forms_section_answer (id, copied_from_id, ordinal, question_id, is_immutable, answer_text, answer_char, answer_bool, answer_int, answer_datetime, is_from_query) VALUES (1053, NULL, 2, 293, TRUE, 'Dealing with social challenges', NULL, NULL, NULL, NULL, FALSE);
INSERT INTO forms_section_answer (id, copied_from_id, ordinal, question_id, is_immutable, answer_text, answer_char, answer_bool, answer_int, answer_datetime, is_from_query) VALUES (1054, NULL, 3, 293, TRUE, 'Dealing with personal/emotional challenges', NULL, NULL, NULL, NULL, FALSE);
INSERT INTO forms_section_answer (id, copied_from_id, ordinal, question_id, is_immutable, answer_text, answer_char, answer_bool, answer_int, answer_datetime, is_from_query) VALUES (1055, NULL, 4, 293, TRUE, 'Dealing with friendship challenges', NULL, NULL, NULL, NULL, FALSE);
INSERT INTO forms_section_answer (id, copied_from_id, ordinal, question_id, is_immutable, answer_text, answer_char, answer_bool, answer_int, answer_datetime, is_from_query) VALUES (1056, NULL, 5, 293, TRUE, 'Dealing with family challenges', NULL, NULL, NULL, NULL, FALSE);
INSERT INTO forms_section_answer (id, copied_from_id, ordinal, question_id, is_immutable, answer_text, answer_char, answer_bool, answer_int, answer_datetime, is_from_query) VALUES (1057, NULL, 6, 293, TRUE, 'Dealing with health challenges', NULL, NULL, NULL, NULL, FALSE);
INSERT INTO forms_section_answer (id, copied_from_id, ordinal, question_id, is_immutable, answer_text, answer_char, answer_bool, answer_int, answer_datetime, is_from_query) VALUES (1058, NULL, 1, 294, TRUE, 'Go to the movies', NULL, NULL, NULL, NULL, FALSE);
INSERT INTO forms_section_answer (id, copied_from_id, ordinal, question_id, is_immutable, answer_text, answer_char, answer_bool, answer_int, answer_datetime, is_from_query) VALUES (1059, NULL, 2, 294, TRUE, 'Watch TV', NULL, NULL, NULL, NULL, FALSE);
INSERT INTO forms_section_answer (id, copied_from_id, ordinal, question_id, is_immutable, answer_text, answer_char, answer_bool, answer_int, answer_datetime, is_from_query) VALUES (1060, NULL, 3, 294, TRUE, 'Visit art/history museums', NULL, NULL, NULL, NULL, FALSE);
INSERT INTO forms_section_answer (id, copied_from_id, ordinal, question_id, is_immutable, answer_text, answer_char, answer_bool, answer_int, answer_datetime, is_from_query) VALUES (1061, NULL, 4, 294, TRUE, 'See live music', NULL, NULL, NULL, NULL, FALSE);
INSERT INTO forms_section_answer (id, copied_from_id, ordinal, question_id, is_immutable, answer_text, answer_char, answer_bool, answer_int, answer_datetime, is_from_query) VALUES (1062, NULL, 5, 294, TRUE, 'Perform in a band', NULL, NULL, NULL, NULL, FALSE);
INSERT INTO forms_section_answer (id, copied_from_id, ordinal, question_id, is_immutable, answer_text, answer_char, answer_bool, answer_int, answer_datetime, is_from_query) VALUES (1063, NULL, 6, 294, TRUE, 'Spend time outdoors like the beach, park, mountains, etc.', NULL, NULL, NULL, NULL, FALSE);
INSERT INTO forms_section_answer (id, copied_from_id, ordinal, question_id, is_immutable, answer_text, answer_char, answer_bool, answer_int, answer_datetime, is_from_query) VALUES (1064, NULL, 7, 294, TRUE, 'Watch sports', NULL, NULL, NULL, NULL, FALSE);
INSERT INTO forms_section_answer (id, copied_from_id, ordinal, question_id, is_immutable, answer_text, answer_char, answer_bool, answer_int, answer_datetime, is_from_query) VALUES (1065, NULL, 8, 294, TRUE, 'Play sports', NULL, NULL, NULL, NULL, FALSE);
INSERT INTO forms_section_answer (id, copied_from_id, ordinal, question_id, is_immutable, answer_text, answer_char, answer_bool, answer_int, answer_datetime, is_from_query) VALUES (1066, NULL, 9, 294, TRUE, 'Take classes like dance, art, music, yoga, etc.', NULL, NULL, NULL, NULL, FALSE);
INSERT INTO forms_section_answer (id, copied_from_id, ordinal, question_id, is_immutable, answer_text, answer_char, answer_bool, answer_int, answer_datetime, is_from_query) VALUES (1067, NULL, 10, 294, TRUE, 'Go out to eat', NULL, NULL, NULL, NULL, FALSE);
INSERT INTO forms_section_answer (id, copied_from_id, ordinal, question_id, is_immutable, answer_text, answer_char, answer_bool, answer_int, answer_datetime, is_from_query) VALUES (1068, NULL, 11, 294, TRUE, 'Go dancing', NULL, NULL, NULL, NULL, FALSE);
INSERT INTO forms_section_answer (id, copied_from_id, ordinal, question_id, is_immutable, answer_text, answer_char, answer_bool, answer_int, answer_datetime, is_from_query) VALUES (1069, NULL, 12, 294, TRUE, 'Have dinner with family and friends', NULL, NULL, NULL, NULL, FALSE);
INSERT INTO forms_section_answer (id, copied_from_id, ordinal, question_id, is_immutable, answer_text, answer_char, answer_bool, answer_int, answer_datetime, is_from_query) VALUES (1070, NULL, 13, 294, TRUE, 'Go shopping', NULL, NULL, NULL, NULL, FALSE);
INSERT INTO forms_section_answer (id, copied_from_id, ordinal, question_id, is_immutable, answer_text, answer_char, answer_bool, answer_int, answer_datetime, is_from_query) VALUES (1071, NULL, 14, 294, TRUE, 'Explore new places', NULL, NULL, NULL, NULL, FALSE);
INSERT INTO forms_section_answer (id, copied_from_id, ordinal, question_id, is_immutable, answer_text, answer_char, answer_bool, answer_int, answer_datetime, is_from_query) VALUES (1072, NULL, 15, 294, TRUE, 'Volunteer or do community service', NULL, NULL, NULL, NULL, FALSE);
INSERT INTO forms_section_answer (id, copied_from_id, ordinal, question_id, is_immutable, answer_text, answer_char, answer_bool, answer_int, answer_datetime, is_from_query) VALUES (1073, NULL, 16, 294, TRUE, 'Participate in religious activities', NULL, NULL, NULL, NULL, FALSE);
INSERT INTO forms_section_answer (id, copied_from_id, ordinal, question_id, is_immutable, answer_text, answer_char, answer_bool, answer_int, answer_datetime, is_from_query) VALUES (1074, NULL, 17, 294, TRUE, 'Go to the gym', NULL, NULL, NULL, NULL, FALSE);
INSERT INTO forms_section_answer (id, copied_from_id, ordinal, question_id, is_immutable, answer_text, answer_char, answer_bool, answer_int, answer_datetime, is_from_query) VALUES (1075, NULL, 18, 294, TRUE, 'Read books, articles, blogs, etc.', NULL, NULL, NULL, NULL, FALSE);
INSERT INTO forms_section_answer (id, copied_from_id, ordinal, question_id, is_immutable, answer_text, answer_char, answer_bool, answer_int, answer_datetime, is_from_query) VALUES (1076, NULL, 19, 294, TRUE, 'Play video games', NULL, NULL, NULL, NULL, FALSE);
INSERT INTO forms_section_answer (id, copied_from_id, ordinal, question_id, is_immutable, answer_text, answer_char, answer_bool, answer_int, answer_datetime, is_from_query) VALUES (1077, NULL, 20, 294, TRUE, 'Write in a journal, write poetry, blog, etc.', NULL, NULL, NULL, NULL, FALSE);
INSERT INTO forms_section_answer (id, copied_from_id, ordinal, question_id, is_immutable, answer_text, answer_char, answer_bool, answer_int, answer_datetime, is_from_query) VALUES (1078, NULL, 21, 294, TRUE, 'Take pictures', NULL, NULL, NULL, NULL, FALSE);
INSERT INTO forms_section_answer (id, copied_from_id, ordinal, question_id, is_immutable, answer_text, answer_char, answer_bool, answer_int, answer_datetime, is_from_query) VALUES (1079, NULL, 1, 282, TRUE, NULL, NULL, NULL, NULL, NULL, TRUE);
INSERT INTO forms_section_answer (id, copied_from_id, ordinal, question_id, is_immutable, answer_text, answer_char, answer_bool, answer_int, answer_datetime, is_from_query) VALUES (1080, NULL, 1, 283, TRUE, NULL, NULL, NULL, NULL, NULL, TRUE);

INSERT into forms_answer_dependency (id, question_id, and_or, dependent_on_answer_id_for_question_id, dependent_on_answer_value_for_question_id) VALUES (21, 241, 'OR', 722, NULL);
INSERT into forms_answer_dependency (id, question_id, and_or, dependent_on_answer_id_for_question_id, dependent_on_answer_value_for_question_id) VALUES (22, 244, 'OR', 726, NULL);
INSERT into forms_answer_dependency (id, question_id, and_or, dependent_on_answer_id_for_question_id, dependent_on_answer_value_for_question_id) VALUES (23, 246, 'OR', 729, NULL);
INSERT into forms_answer_dependency (id, question_id, and_or, dependent_on_answer_id_for_question_id, dependent_on_answer_value_for_question_id) VALUES (24, 247, 'OR', 729, NULL);