INSERT into forms_form (id, copied_from_id, description) VALUES (7, NULL, 'Mentor Application');

INSERT into forms_form_member_site (id, member_site_id, form_id) VALUES (19, 246, 7);

INSERT into forms_form_role_can_modify (id, form_id, role_id_can_modify) VALUES (13, 7, 6);
INSERT into forms_form_role_can_modify (id, form_id, role_id_can_modify) VALUES (14, 7, 1);

INSERT into forms_form_role_can_answer (id, form_id, role_id_can_answer) VALUES (19, 7, 6);
INSERT into forms_form_role_can_answer (id, form_id, role_id_can_answer) VALUES (20, 7, 1);
INSERT into forms_form_role_can_answer (id, form_id, role_id_can_answer) VALUES (21, 7, 4);

INSERT into forms_section (id, copied_from_id, description, form_id) VALUES (22, NULL, 'Contact Information', 7);
INSERT into forms_section (id, copied_from_id, description, form_id) VALUES (23, NULL, 'Evaluation', 7);
INSERT into forms_section (id, copied_from_id, description, form_id) VALUES (24, NULL, 'Matching', 7);
INSERT into forms_section (id, copied_from_id, description, form_id) VALUES (25, NULL, 'References', 7);

INSERT into forms_section_question (id, copied_from_id, weighted_val, is_required, is_visible, is_immutable, dependent_on_question_id, dependent_on_noanswer_question_id, if_answered_goto_question, answer_matches_goto_question, section_id, ordinal, sub_ordinal, question_type, question_text) VALUES (434, NULL, 0, FALSE, TRUE, TRUE, NULL, NULL, NULL, NULL, 22, 1, 0, 15, E'Contact Information');
INSERT into forms_section_question (id, copied_from_id, weighted_val, is_required, is_visible, is_immutable, dependent_on_question_id, dependent_on_noanswer_question_id, if_answered_goto_question, answer_matches_goto_question, section_id, ordinal, sub_ordinal, question_type, question_text) VALUES (435, NULL, 0, TRUE, TRUE, TRUE, NULL, NULL, NULL, NULL, 22, 2, 0, 2, E'Preferred First Name');
INSERT into forms_section_question (id, copied_from_id, weighted_val, is_required, is_visible, is_immutable, dependent_on_question_id, dependent_on_noanswer_question_id, if_answered_goto_question, answer_matches_goto_question, section_id, ordinal, sub_ordinal, question_type, question_text) VALUES (436, NULL, 0, TRUE, TRUE, TRUE, NULL, NULL, NULL, NULL, 22, 3, 0, 2, E'Preferred Last Name');
INSERT into forms_section_question (id, copied_from_id, weighted_val, is_required, is_visible, is_immutable, dependent_on_question_id, dependent_on_noanswer_question_id, if_answered_goto_question, answer_matches_goto_question, section_id, ordinal, sub_ordinal, question_type, question_text) VALUES (437, NULL, 0, TRUE, TRUE, TRUE, NULL, NULL, NULL, NULL, 22, 4, 0, 2, E'Legal First Name');
INSERT into forms_section_question (id, copied_from_id, weighted_val, is_required, is_visible, is_immutable, dependent_on_question_id, dependent_on_noanswer_question_id, if_answered_goto_question, answer_matches_goto_question, section_id, ordinal, sub_ordinal, question_type, question_text) VALUES (438, NULL, 0, TRUE, TRUE, TRUE, NULL, NULL, NULL, NULL, 22, 5, 0, 2, E'Legal Last Name');
INSERT into forms_section_question (id, copied_from_id, weighted_val, is_required, is_visible, is_immutable, dependent_on_question_id, dependent_on_noanswer_question_id, if_answered_goto_question, answer_matches_goto_question, section_id, ordinal, sub_ordinal, question_type, question_text) VALUES (439, NULL, 0, FALSE, TRUE, TRUE, NULL, NULL, NULL, NULL, 22, 6, 0, 2, E'Additional Email Address');
INSERT into forms_section_question (id, copied_from_id, weighted_val, is_required, is_visible, is_immutable, dependent_on_question_id, dependent_on_noanswer_question_id, if_answered_goto_question, answer_matches_goto_question, section_id, ordinal, sub_ordinal, question_type, question_text) VALUES (440, NULL, 0, TRUE, TRUE, TRUE, NULL, NULL, NULL, NULL, 22, 7, 1, 3, E'Primary Phone Number');
INSERT into forms_section_question (id, copied_from_id, weighted_val, is_required, is_visible, is_immutable, dependent_on_question_id, dependent_on_noanswer_question_id, if_answered_goto_question, answer_matches_goto_question, section_id, ordinal, sub_ordinal, question_type, question_text) VALUES (441, NULL, 0, TRUE, TRUE, TRUE, NULL, NULL, NULL, NULL, 22, 7, 2, 5, E'Is this a cell phone?');
INSERT into forms_section_question (id, copied_from_id, weighted_val, is_required, is_visible, is_immutable, dependent_on_question_id, dependent_on_noanswer_question_id, if_answered_goto_question, answer_matches_goto_question, section_id, ordinal, sub_ordinal, question_type, question_text) VALUES (442, NULL, 0, FALSE, TRUE, TRUE, NULL, NULL, NULL, NULL, 22, 8, 1, 3, E'Secondary Phone Number');
INSERT into forms_section_question (id, copied_from_id, weighted_val, is_required, is_visible, is_immutable, dependent_on_question_id, dependent_on_noanswer_question_id, if_answered_goto_question, answer_matches_goto_question, section_id, ordinal, sub_ordinal, question_type, question_text) VALUES (443, NULL, 0, FALSE, TRUE, TRUE, NULL, NULL, NULL, NULL, 22, 8, 2, 5, E'Is this a cell phone?');
INSERT into forms_section_question (id, copied_from_id, weighted_val, is_required, is_visible, is_immutable, dependent_on_question_id, dependent_on_noanswer_question_id, if_answered_goto_question, answer_matches_goto_question, section_id, ordinal, sub_ordinal, question_type, question_text) VALUES (444, NULL, 0, TRUE, TRUE, TRUE, NULL, NULL, NULL, NULL, 22, 9, 0, 5, E'Can mentor2.0 Central Illinois send you text message reminders to help you complete the application and screening process? We will never share your contact information with third parties.');
INSERT into forms_section_question (id, copied_from_id, weighted_val, is_required, is_visible, is_immutable, dependent_on_question_id, dependent_on_noanswer_question_id, if_answered_goto_question, answer_matches_goto_question, section_id, ordinal, sub_ordinal, question_type, question_text) VALUES (445, NULL, 0, TRUE, TRUE, TRUE, NULL, NULL, NULL, NULL, 22, 10, 0, 4, E'Your Home Address');
INSERT into forms_section_question (id, copied_from_id, weighted_val, is_required, is_visible, is_immutable, dependent_on_question_id, dependent_on_noanswer_question_id, if_answered_goto_question, answer_matches_goto_question, section_id, ordinal, sub_ordinal, question_type, question_text) VALUES (446, NULL, 0, FALSE, TRUE, TRUE, NULL, NULL, NULL, NULL, 22, 11, 0, 15, E'Employer Information');
INSERT into forms_section_question (id, copied_from_id, weighted_val, is_required, is_visible, is_immutable, dependent_on_question_id, dependent_on_noanswer_question_id, if_answered_goto_question, answer_matches_goto_question, section_id, ordinal, sub_ordinal, question_type, question_text) VALUES (447, NULL, 0, TRUE, TRUE, TRUE, NULL, NULL, NULL, NULL, 22, 12, 0, 11, E'Employer');
INSERT into forms_section_question (id, copied_from_id, weighted_val, is_required, is_visible, is_immutable, dependent_on_question_id, dependent_on_noanswer_question_id, if_answered_goto_question, answer_matches_goto_question, section_id, ordinal, sub_ordinal, question_type, question_text) VALUES (448, NULL, 0, FALSE, TRUE, TRUE, NULL, NULL, NULL, NULL, 22, 13, 0, 2, E'If your employer was not listed above, please list it here');
INSERT into forms_section_question (id, copied_from_id, weighted_val, is_required, is_visible, is_immutable, dependent_on_question_id, dependent_on_noanswer_question_id, if_answered_goto_question, answer_matches_goto_question, section_id, ordinal, sub_ordinal, question_type, question_text) VALUES (449, NULL, 0, TRUE, TRUE, TRUE, NULL, NULL, NULL, NULL, 22, 14, 0, 2, E'Job Title');
INSERT into forms_section_question (id, copied_from_id, weighted_val, is_required, is_visible, is_immutable, dependent_on_question_id, dependent_on_noanswer_question_id, if_answered_goto_question, answer_matches_goto_question, section_id, ordinal, sub_ordinal, question_type, question_text) VALUES (450, NULL, 0, TRUE, TRUE, TRUE, NULL, NULL, NULL, NULL, 22, 15, 0, 4, E'Work Address');
INSERT into forms_section_question (id, copied_from_id, weighted_val, is_required, is_visible, is_immutable, dependent_on_question_id, dependent_on_noanswer_question_id, if_answered_goto_question, answer_matches_goto_question, section_id, ordinal, sub_ordinal, question_type, question_text) VALUES (451, NULL, 0, FALSE, TRUE, TRUE, NULL, NULL, NULL, NULL, 22, 16, 0, 15, E'Demographic Information');
INSERT into forms_section_question (id, copied_from_id, weighted_val, is_required, is_visible, is_immutable, dependent_on_question_id, dependent_on_noanswer_question_id, if_answered_goto_question, answer_matches_goto_question, section_id, ordinal, sub_ordinal, question_type, question_text) VALUES (452, NULL, 0, TRUE, TRUE, TRUE, NULL, NULL, NULL, NULL, 22, 17, 0, 14, E'What is your birthday?');
INSERT into forms_section_question (id, copied_from_id, weighted_val, is_required, is_visible, is_immutable, dependent_on_question_id, dependent_on_noanswer_question_id, if_answered_goto_question, answer_matches_goto_question, section_id, ordinal, sub_ordinal, question_type, question_text) VALUES (453, NULL, 0, TRUE, TRUE, TRUE, NULL, NULL, NULL, NULL, 22, 18, 0, 6, E'With which gender do you most closely identify?');
INSERT into forms_section_question (id, copied_from_id, weighted_val, is_required, is_visible, is_immutable, dependent_on_question_id, dependent_on_noanswer_question_id, if_answered_goto_question, answer_matches_goto_question, section_id, ordinal, sub_ordinal, question_type, question_text) VALUES (454, NULL, 0, TRUE, TRUE, TRUE, NULL, NULL, NULL, NULL, 22, 19, 0, 7, E'With which race or races do you identify?');
INSERT into forms_section_question (id, copied_from_id, weighted_val, is_required, is_visible, is_immutable, dependent_on_question_id, dependent_on_noanswer_question_id, if_answered_goto_question, answer_matches_goto_question, section_id, ordinal, sub_ordinal, question_type, question_text) VALUES (455, NULL, 0, TRUE, TRUE, TRUE, NULL, NULL, NULL, NULL, 22, 20, 0, 6, E'Marital Status');
INSERT into forms_section_question (id, copied_from_id, weighted_val, is_required, is_visible, is_immutable, dependent_on_question_id, dependent_on_noanswer_question_id, if_answered_goto_question, answer_matches_goto_question, section_id, ordinal, sub_ordinal, question_type, question_text) VALUES (456, NULL, 0, TRUE, TRUE, TRUE, NULL, NULL, NULL, NULL, 23, 1, 0, 5, E'Is this the first time you will be a mentor in a volunteer program?');
INSERT into forms_section_question (id, copied_from_id, weighted_val, is_required, is_visible, is_immutable, dependent_on_question_id, dependent_on_noanswer_question_id, if_answered_goto_question, answer_matches_goto_question, section_id, ordinal, sub_ordinal, question_type, question_text) VALUES (457, NULL, 0, TRUE, TRUE, TRUE, NULL, NULL, NULL, NULL, 23, 2, 0, 5, E'Have you ever applied to be a mentor in a Big Brothers Big Sisters program (in any location) before?');
INSERT into forms_section_question (id, copied_from_id, weighted_val, is_required, is_visible, is_immutable, dependent_on_question_id, dependent_on_noanswer_question_id, if_answered_goto_question, answer_matches_goto_question, section_id, ordinal, sub_ordinal, question_type, question_text) VALUES (458, NULL, 0, TRUE, TRUE, TRUE, 457, NULL, NULL, NULL, 23, 3, 0, 2, E'Please list the location of the Big Brothers Big Sisters program here.');
INSERT into forms_section_question (id, copied_from_id, weighted_val, is_required, is_visible, is_immutable, dependent_on_question_id, dependent_on_noanswer_question_id, if_answered_goto_question, answer_matches_goto_question, section_id, ordinal, sub_ordinal, question_type, question_text) VALUES (459, NULL, 0, TRUE, TRUE, TRUE, NULL, NULL, NULL, NULL, 23, 4, 0, 5, E'Have you been matched with a youth/mentee in any Big Brothers Big Sisters program (in any location) before?');
INSERT into forms_section_question (id, copied_from_id, weighted_val, is_required, is_visible, is_immutable, dependent_on_question_id, dependent_on_noanswer_question_id, if_answered_goto_question, answer_matches_goto_question, section_id, ordinal, sub_ordinal, question_type, question_text) VALUES (460, NULL, 0, TRUE, TRUE, TRUE, 459, NULL, NULL, NULL, 23, 5, 0, 2, E'Please list the location of the Big Brothers Big Sisters program here.');
INSERT into forms_section_question (id, copied_from_id, weighted_val, is_required, is_visible, is_immutable, dependent_on_question_id, dependent_on_noanswer_question_id, if_answered_goto_question, answer_matches_goto_question, section_id, ordinal, sub_ordinal, question_type, question_text) VALUES (461, NULL, 0, TRUE, TRUE, TRUE, NULL, NULL, NULL, NULL, 23, 6, 0, 5, E'Have you ever been denied acceptance or released from service as a volunteer or employee for another Big Brothers Big Sisters program or youth-serving organization?');
INSERT into forms_section_question (id, copied_from_id, weighted_val, is_required, is_visible, is_immutable, dependent_on_question_id, dependent_on_noanswer_question_id, if_answered_goto_question, answer_matches_goto_question, section_id, ordinal, sub_ordinal, question_type, question_text) VALUES (462, NULL, 0, TRUE, TRUE, TRUE, 461, NULL, NULL, NULL, 23, 7, 0, 1, E'Please list the name of the organization and the date of denial or release here.');
INSERT into forms_section_question (id, copied_from_id, weighted_val, is_required, is_visible, is_immutable, dependent_on_question_id, dependent_on_noanswer_question_id, if_answered_goto_question, answer_matches_goto_question, section_id, ordinal, sub_ordinal, question_type, question_text) VALUES (463, NULL, 0, TRUE, TRUE, TRUE, NULL, NULL, NULL, NULL, 23, 8, 0, 5, E'Have you ever been involved with Big Brothers Big Sisters in any capacity other than as a mentor?');
INSERT into forms_section_question (id, copied_from_id, weighted_val, is_required, is_visible, is_immutable, dependent_on_question_id, dependent_on_noanswer_question_id, if_answered_goto_question, answer_matches_goto_question, section_id, ordinal, sub_ordinal, question_type, question_text) VALUES (464, NULL, 0, TRUE, TRUE, TRUE, 463, NULL, NULL, NULL, 23, 9, 0, 1, E'Please write in the agency name or location and type of involvement here. ');
INSERT into forms_section_question (id, copied_from_id, weighted_val, is_required, is_visible, is_immutable, dependent_on_question_id, dependent_on_noanswer_question_id, if_answered_goto_question, answer_matches_goto_question, section_id, ordinal, sub_ordinal, question_type, question_text) VALUES (465, NULL, 0, TRUE, TRUE, TRUE, NULL, NULL, NULL, NULL, 23, 10, 0, 6, E'What was the highest level of education that you completed?');
INSERT into forms_section_question (id, copied_from_id, weighted_val, is_required, is_visible, is_immutable, dependent_on_question_id, dependent_on_noanswer_question_id, if_answered_goto_question, answer_matches_goto_question, section_id, ordinal, sub_ordinal, question_type, question_text) VALUES (466, NULL, 0, TRUE, TRUE, TRUE, NULL, NULL, NULL, NULL, 23, 11, 0, 12, E'At what schools (colleges and graduate schools) did you study?');
INSERT into forms_section_question (id, copied_from_id, weighted_val, is_required, is_visible, is_immutable, dependent_on_question_id, dependent_on_noanswer_question_id, if_answered_goto_question, answer_matches_goto_question, section_id, ordinal, sub_ordinal, question_type, question_text) VALUES (467, NULL, 0, TRUE, TRUE, TRUE, NULL, NULL, NULL, NULL, 23, 12, 0, 5, E'Did either of your parents (or guardians) graduate from college?');
INSERT into forms_section_question (id, copied_from_id, weighted_val, is_required, is_visible, is_immutable, dependent_on_question_id, dependent_on_noanswer_question_id, if_answered_goto_question, answer_matches_goto_question, section_id, ordinal, sub_ordinal, question_type, question_text) VALUES (468, NULL, 0, FALSE, TRUE, TRUE, NULL, NULL, NULL, NULL, 23, 13, 0, 6, E'What is your annual household income?');
INSERT into forms_section_question (id, copied_from_id, weighted_val, is_required, is_visible, is_immutable, dependent_on_question_id, dependent_on_noanswer_question_id, if_answered_goto_question, answer_matches_goto_question, section_id, ordinal, sub_ordinal, question_type, question_text) VALUES (469, NULL, 0, FALSE, TRUE, TRUE, NULL, NULL, NULL, NULL, 23, 14, 0, 5, E'Are you, or have you been engaged as part of the United States military in any form?');
INSERT into forms_section_question (id, copied_from_id, weighted_val, is_required, is_visible, is_immutable, dependent_on_question_id, dependent_on_noanswer_question_id, if_answered_goto_question, answer_matches_goto_question, section_id, ordinal, sub_ordinal, question_type, question_text) VALUES (470, NULL, 0, TRUE, TRUE, TRUE, NULL, NULL, NULL, NULL, 23, 15, 0, 6, E'How did you hear about mentor2.0 Central Illinois?');
INSERT into forms_section_question (id, copied_from_id, weighted_val, is_required, is_visible, is_immutable, dependent_on_question_id, dependent_on_noanswer_question_id, if_answered_goto_question, answer_matches_goto_question, section_id, ordinal, sub_ordinal, question_type, question_text) VALUES (471, NULL, 0, FALSE, TRUE, TRUE, NULL, NULL, NULL, NULL, 23, 16, 0, 2, E'Who referred you to mentor2.0 Central Illinois?');
INSERT into forms_section_question (id, copied_from_id, weighted_val, is_required, is_visible, is_immutable, dependent_on_question_id, dependent_on_noanswer_question_id, if_answered_goto_question, answer_matches_goto_question, section_id, ordinal, sub_ordinal, question_type, question_text) VALUES (472, NULL, 0, TRUE, TRUE, TRUE, NULL, NULL, NULL, NULL, 23, 17, 0, 5, E'Have you had any other involvement with children as either a volunteer or paid staff person with any youth organization?');
INSERT into forms_section_question (id, copied_from_id, weighted_val, is_required, is_visible, is_immutable, dependent_on_question_id, dependent_on_noanswer_question_id, if_answered_goto_question, answer_matches_goto_question, section_id, ordinal, sub_ordinal, question_type, question_text) VALUES (473, NULL, 0, TRUE, TRUE, TRUE, 472, NULL, NULL, NULL, 23, 18, 0, 1, E'Please LIST EACH organization and what role you had as a volunteer or employee.');
INSERT into forms_section_question (id, copied_from_id, weighted_val, is_required, is_visible, is_immutable, dependent_on_question_id, dependent_on_noanswer_question_id, if_answered_goto_question, answer_matches_goto_question, section_id, ordinal, sub_ordinal, question_type, question_text) VALUES (474, NULL, 0, TRUE, TRUE, TRUE, NULL, NULL, NULL, NULL, 23, 19, 0, 5, E'Do you have a valid driver''s license?');
INSERT into forms_section_question (id, copied_from_id, weighted_val, is_required, is_visible, is_immutable, dependent_on_question_id, dependent_on_noanswer_question_id, if_answered_goto_question, answer_matches_goto_question, section_id, ordinal, sub_ordinal, question_type, question_text) VALUES (475, NULL, 0, TRUE, TRUE, TRUE, NULL, NULL, NULL, NULL, 23, 20, 0, 1, E'Please enter state and number here');
INSERT into forms_section_question (id, copied_from_id, weighted_val, is_required, is_visible, is_immutable, dependent_on_question_id, dependent_on_noanswer_question_id, if_answered_goto_question, answer_matches_goto_question, section_id, ordinal, sub_ordinal, question_type, question_text) VALUES (476, NULL, 0, TRUE, TRUE, TRUE, NULL, NULL, NULL, NULL, 23, 21, 0, 5, E'Do you speak a language other than English?');
INSERT into forms_section_question (id, copied_from_id, weighted_val, is_required, is_visible, is_immutable, dependent_on_question_id, dependent_on_noanswer_question_id, if_answered_goto_question, answer_matches_goto_question, section_id, ordinal, sub_ordinal, question_type, question_text) VALUES (477, NULL, 0, FALSE, TRUE, TRUE, 476, NULL, NULL, NULL, 23, 22, 0, 6, E'What is the primary language (other than English) that you speak?');
INSERT into forms_section_question (id, copied_from_id, weighted_val, is_required, is_visible, is_immutable, dependent_on_question_id, dependent_on_noanswer_question_id, if_answered_goto_question, answer_matches_goto_question, section_id, ordinal, sub_ordinal, question_type, question_text) VALUES (478, NULL, 0, FALSE, TRUE, TRUE, 476, NULL, NULL, NULL, 23, 23, 0, 6, E'What is your proficiency in the language above?');
INSERT into forms_section_question (id, copied_from_id, weighted_val, is_required, is_visible, is_immutable, dependent_on_question_id, dependent_on_noanswer_question_id, if_answered_goto_question, answer_matches_goto_question, section_id, ordinal, sub_ordinal, question_type, question_text) VALUES (479, NULL, 0, FALSE, TRUE, TRUE, 476, NULL, NULL, NULL, 23, 24, 0, 1, E'If you speak additional languages, please indicate which additional languages here:');
INSERT into forms_section_question (id, copied_from_id, weighted_val, is_required, is_visible, is_immutable, dependent_on_question_id, dependent_on_noanswer_question_id, if_answered_goto_question, answer_matches_goto_question, section_id, ordinal, sub_ordinal, question_type, question_text) VALUES (480, NULL, 0, FALSE, TRUE, TRUE, NULL, NULL, NULL, NULL, 24, 1, 0, 16, E'This page is all about getting to know you as a mentor - your personal and professional history, and traits or experiences you might share with your mentee. We ask mentees very similar questions and your shared answers determine a strong match. Please be honest and thorough - the more we know about you, the stronger the match will be!');
INSERT into forms_section_question (id, copied_from_id, weighted_val, is_required, is_visible, is_immutable, dependent_on_question_id, dependent_on_noanswer_question_id, if_answered_goto_question, answer_matches_goto_question, section_id, ordinal, sub_ordinal, question_type, question_text) VALUES (481, NULL, 0, FALSE, TRUE, TRUE, NULL, NULL, NULL, NULL, 24, 2, 0, 15, E'Career Interests');
INSERT into forms_section_question (id, copied_from_id, weighted_val, is_required, is_visible, is_immutable, dependent_on_question_id, dependent_on_noanswer_question_id, if_answered_goto_question, answer_matches_goto_question, section_id, ordinal, sub_ordinal, question_type, question_text) VALUES (482, NULL, 0, TRUE, TRUE, TRUE, NULL, NULL, NULL, NULL, 24, 3, 0, 17, E'Which of the following categories best represents your current career and job function?');
INSERT into forms_section_question (id, copied_from_id, weighted_val, is_required, is_visible, is_immutable, dependent_on_question_id, dependent_on_noanswer_question_id, if_answered_goto_question, answer_matches_goto_question, section_id, ordinal, sub_ordinal, question_type, question_text) VALUES (483, NULL, 0, TRUE, TRUE, TRUE, NULL, NULL, NULL, NULL, 24, 4, 0, 17, E'Please select any additional fields in which you have work experience. Check all that apply.');
INSERT into forms_section_question (id, copied_from_id, weighted_val, is_required, is_visible, is_immutable, dependent_on_question_id, dependent_on_noanswer_question_id, if_answered_goto_question, answer_matches_goto_question, section_id, ordinal, sub_ordinal, question_type, question_text) VALUES (484, NULL, 0, TRUE, TRUE, TRUE, NULL, NULL, NULL, NULL, 24, 5, 0, 7, E'The following is a list of projects you might work on with your mentee. Please select at least two that you are excited to work on.');
INSERT into forms_section_question (id, copied_from_id, weighted_val, is_required, is_visible, is_immutable, dependent_on_question_id, dependent_on_noanswer_question_id, if_answered_goto_question, answer_matches_goto_question, section_id, ordinal, sub_ordinal, question_type, question_text) VALUES (485, NULL, 0, FALSE, TRUE, TRUE, NULL, NULL, NULL, NULL, 24, 6, 0, 15, E'Academic Interests');
INSERT into forms_section_question (id, copied_from_id, weighted_val, is_required, is_visible, is_immutable, dependent_on_question_id, dependent_on_noanswer_question_id, if_answered_goto_question, answer_matches_goto_question, section_id, ordinal, sub_ordinal, question_type, question_text) VALUES (486, NULL, 0, TRUE, TRUE, TRUE, NULL, NULL, NULL, NULL, 24, 7, 0, 7, E'Looking at the list below, which options most closely resemble your major(s), minor(s), or areas of focus during college and graduate school (if applicable)? Check all that apply.');
INSERT into forms_section_question (id, copied_from_id, weighted_val, is_required, is_visible, is_immutable, dependent_on_question_id, dependent_on_noanswer_question_id, if_answered_goto_question, answer_matches_goto_question, section_id, ordinal, sub_ordinal, question_type, question_text) VALUES (487, NULL, 0, TRUE, TRUE, TRUE, NULL, NULL, NULL, NULL, 24, 8, 0, 7, E'Even if you did not focus on this area of study in college or graduate school, which academic subjects are you also interested in?');
INSERT into forms_section_question (id, copied_from_id, weighted_val, is_required, is_visible, is_immutable, dependent_on_question_id, dependent_on_noanswer_question_id, if_answered_goto_question, answer_matches_goto_question, section_id, ordinal, sub_ordinal, question_type, question_text) VALUES (488, NULL, 0, TRUE, TRUE, TRUE, NULL, NULL, NULL, NULL, 24, 9, 0, 7, E'Which of the following did you experience during high school/adolescence? (Check all that apply)');
INSERT into forms_section_question (id, copied_from_id, weighted_val, is_required, is_visible, is_immutable, dependent_on_question_id, dependent_on_noanswer_question_id, if_answered_goto_question, answer_matches_goto_question, section_id, ordinal, sub_ordinal, question_type, question_text) VALUES (489, NULL, 0, TRUE, TRUE, TRUE, NULL, NULL, NULL, NULL, 24, 10, 0, 7, E'While we do not expect our mentors to be tutors, some students express a strong preference for a mentor with particular academic strengths. In which of the following academic subjects would you feel prepared to help your mentee improve their skills/understanding? (Check all that apply)');
INSERT into forms_section_question (id, copied_from_id, weighted_val, is_required, is_visible, is_immutable, dependent_on_question_id, dependent_on_noanswer_question_id, if_answered_goto_question, answer_matches_goto_question, section_id, ordinal, sub_ordinal, question_type, question_text) VALUES (490, NULL, 0, FALSE, TRUE, TRUE, NULL, NULL, NULL, NULL, 24, 11, 0, 15, E'Personal Interests');
INSERT into forms_section_question (id, copied_from_id, weighted_val, is_required, is_visible, is_immutable, dependent_on_question_id, dependent_on_noanswer_question_id, if_answered_goto_question, answer_matches_goto_question, section_id, ordinal, sub_ordinal, question_type, question_text) VALUES (491, NULL, 0, TRUE, TRUE, TRUE, NULL, NULL, NULL, NULL, 24, 12, 0, 7, E'Select all of the following personality traits that best describe you. (Check all that apply)');
INSERT into forms_section_question (id, copied_from_id, weighted_val, is_required, is_visible, is_immutable, dependent_on_question_id, dependent_on_noanswer_question_id, if_answered_goto_question, answer_matches_goto_question, section_id, ordinal, sub_ordinal, question_type, question_text) VALUES (492, NULL, 0, TRUE, TRUE, TRUE, NULL, NULL, NULL, NULL, 24, 13, 0, 7, E'Which of the following have you experienced in your life? (Check all that apply)');
INSERT into forms_section_question (id, copied_from_id, weighted_val, is_required, is_visible, is_immutable, dependent_on_question_id, dependent_on_noanswer_question_id, if_answered_goto_question, answer_matches_goto_question, section_id, ordinal, sub_ordinal, question_type, question_text) VALUES (493, NULL, 0, TRUE, TRUE, TRUE, NULL, NULL, NULL, NULL, 24, 14, 0, 7, E'Many mentees express a preference for a mentor who is experienced in handling the many challenges that teenagers face today. Of the following list of potential challenges, with which ones do you have experience? (Check all that apply)');
INSERT into forms_section_question (id, copied_from_id, weighted_val, is_required, is_visible, is_immutable, dependent_on_question_id, dependent_on_noanswer_question_id, if_answered_goto_question, answer_matches_goto_question, section_id, ordinal, sub_ordinal, question_type, question_text) VALUES (494, NULL, 0, TRUE, TRUE, TRUE, NULL, NULL, NULL, NULL, 24, 15, 0, 7, E'What are your favorite things to do in your free time?');
INSERT into forms_section_question (id, copied_from_id, weighted_val, is_required, is_visible, is_immutable, dependent_on_question_id, dependent_on_noanswer_question_id, if_answered_goto_question, answer_matches_goto_question, section_id, ordinal, sub_ordinal, question_type, question_text) VALUES (495, NULL, 0, TRUE, TRUE, TRUE, NULL, NULL, NULL, NULL, 24, 16, 0, 2, E'Please tell us a little bit about yourself that we couldn''t learn from the previous questions. What else do you think we should know in order to find you the best possible match? Tell us what makes you different from everyone else!');
INSERT into forms_section_question (id, copied_from_id, weighted_val, is_required, is_visible, is_immutable, dependent_on_question_id, dependent_on_noanswer_question_id, if_answered_goto_question, answer_matches_goto_question, section_id, ordinal, sub_ordinal, question_type, question_text) VALUES (496, NULL, 0, TRUE, TRUE, TRUE, NULL, NULL, NULL, NULL, 25, 1, 0, 16, E'As an organization that works with young people, we try to collect all relevant information from applicants before they become mentors. While we will also run a background check, we applicants to self-disclose any history of convictions.');
INSERT into forms_section_question (id, copied_from_id, weighted_val, is_required, is_visible, is_immutable, dependent_on_question_id, dependent_on_noanswer_question_id, if_answered_goto_question, answer_matches_goto_question, section_id, ordinal, sub_ordinal, question_type, question_text) VALUES (497, NULL, 0, TRUE, TRUE, TRUE, NULL, NULL, NULL, NULL, 25, 2, 0, 5, E'Have you ever been convicted or pled no contest to a felony? NOTE: Any offenses omitted from this application may result in automatic disqualification from the volunteer screening process.');
INSERT into forms_section_question (id, copied_from_id, weighted_val, is_required, is_visible, is_immutable, dependent_on_question_id, dependent_on_noanswer_question_id, if_answered_goto_question, answer_matches_goto_question, section_id, ordinal, sub_ordinal, question_type, question_text) VALUES (498, NULL, 0, TRUE, TRUE, TRUE, 497, NULL, NULL, NULL, 25, 3, 0, 1, E'Please explain. Include the date and nature of the crime and sentence, as well as the court and jurisdiction in which you were convicted.');
INSERT into forms_section_question (id, copied_from_id, weighted_val, is_required, is_visible, is_immutable, dependent_on_question_id, dependent_on_noanswer_question_id, if_answered_goto_question, answer_matches_goto_question, section_id, ordinal, sub_ordinal, question_type, question_text) VALUES (499, NULL, 0, TRUE, TRUE, TRUE, NULL, NULL, NULL, NULL, 25, 4, 0, 5, E'Have you ever been convicted or pled no contest to a misdemeanor? NOTE: Any offenses omitted from this application may result in automatic disqualification from the volunteer screening process.');
INSERT into forms_section_question (id, copied_from_id, weighted_val, is_required, is_visible, is_immutable, dependent_on_question_id, dependent_on_noanswer_question_id, if_answered_goto_question, answer_matches_goto_question, section_id, ordinal, sub_ordinal, question_type, question_text) VALUES (500, NULL, 0, TRUE, TRUE, TRUE, 499, NULL, NULL, NULL, 25, 5, 0, 1, E'Please explain. Include the date and nature of the crime and sentence, as well as the court and jurisdiction in which you were convicted.');
INSERT into forms_section_question (id, copied_from_id, weighted_val, is_required, is_visible, is_immutable, dependent_on_question_id, dependent_on_noanswer_question_id, if_answered_goto_question, answer_matches_goto_question, section_id, ordinal, sub_ordinal, question_type, question_text) VALUES (501, NULL, 0, TRUE, TRUE, TRUE, NULL, NULL, NULL, NULL, 25, 6, 0, 5, E'Have you ever been terminated or otherwise disciplined, placed on probation, or warned not to continue engaging in certain conduct while volunteering with any agency (whether or not youth were involved?)');
INSERT into forms_section_question (id, copied_from_id, weighted_val, is_required, is_visible, is_immutable, dependent_on_question_id, dependent_on_noanswer_question_id, if_answered_goto_question, answer_matches_goto_question, section_id, ordinal, sub_ordinal, question_type, question_text) VALUES (502, NULL, 0, TRUE, TRUE, TRUE, 501, NULL, NULL, NULL, 25, 7, 0, 1, E'Please explain and include the name of the organization.');
INSERT into forms_section_question (id, copied_from_id, weighted_val, is_required, is_visible, is_immutable, dependent_on_question_id, dependent_on_noanswer_question_id, if_answered_goto_question, answer_matches_goto_question, section_id, ordinal, sub_ordinal, question_type, question_text) VALUES (503, NULL, 0, FALSE, TRUE, TRUE, NULL, NULL, NULL, NULL, 25, 8, 0, 15, E'Reference Section');
INSERT into forms_section_question (id, copied_from_id, weighted_val, is_required, is_visible, is_immutable, dependent_on_question_id, dependent_on_noanswer_question_id, if_answered_goto_question, answer_matches_goto_question, section_id, ordinal, sub_ordinal, question_type, question_text) VALUES (504, NULL, 0, FALSE, TRUE, TRUE, NULL, NULL, NULL, NULL, 25, 9, 0, 16, E'Please ensure that all fields are filled out correctly, giving particular attention to contact information for references.');
INSERT into forms_section_question (id, copied_from_id, weighted_val, is_required, is_visible, is_immutable, dependent_on_question_id, dependent_on_noanswer_question_id, if_answered_goto_question, answer_matches_goto_question, section_id, ordinal, sub_ordinal, question_type, question_text) VALUES (505, NULL, 0, FALSE, TRUE, TRUE, NULL, NULL, NULL, NULL, 25, 10, 0, 16, E'You will be asked to list the names and phone numbers of 2 required references, one personal and one professional. Additional reference(s) required only if you have previous voluntary or paid involvement with a youth organization. If you do not have any additional references, please fill out N/A for Reference #3.');
INSERT into forms_section_question (id, copied_from_id, weighted_val, is_required, is_visible, is_immutable, dependent_on_question_id, dependent_on_noanswer_question_id, if_answered_goto_question, answer_matches_goto_question, section_id, ordinal, sub_ordinal, question_type, question_text) VALUES (506, NULL, 0, FALSE, TRUE, TRUE, NULL, NULL, NULL, NULL, 25, 11, 0, 16, E'Please note that references will be contacted as part of your volunteer screening. We encourage you to let them know that you have listed them and to expect contact from us.');
INSERT into forms_section_question (id, copied_from_id, weighted_val, is_required, is_visible, is_immutable, dependent_on_question_id, dependent_on_noanswer_question_id, if_answered_goto_question, answer_matches_goto_question, section_id, ordinal, sub_ordinal, question_type, question_text) VALUES (507, NULL, 0, FALSE, TRUE, TRUE, NULL, NULL, NULL, NULL, 25, 12, 0, 16, E'If you need time to obtain the correct contact information for each reference, please leave those fields blank so that you can save the application and return at a later time.');
INSERT into forms_section_question (id, copied_from_id, weighted_val, is_required, is_visible, is_immutable, dependent_on_question_id, dependent_on_noanswer_question_id, if_answered_goto_question, answer_matches_goto_question, section_id, ordinal, sub_ordinal, question_type, question_text) VALUES (508, NULL, 0, FALSE, TRUE, TRUE, NULL, NULL, NULL, NULL, 25, 13, 0, 16, E'Please note that during your personal interview you may be asked for additional references as needed.');
INSERT into forms_section_question (id, copied_from_id, weighted_val, is_required, is_visible, is_immutable, dependent_on_question_id, dependent_on_noanswer_question_id, if_answered_goto_question, answer_matches_goto_question, section_id, ordinal, sub_ordinal, question_type, question_text) VALUES (509, NULL, 0, FALSE, TRUE, TRUE, NULL, NULL, NULL, NULL, 25, 14, 0, 16, E'Your first reference must be your spouse/partner, and if you do not have a spouse/partner, then an immediate family member.');
INSERT into forms_section_question (id, copied_from_id, weighted_val, is_required, is_visible, is_immutable, dependent_on_question_id, dependent_on_noanswer_question_id, if_answered_goto_question, answer_matches_goto_question, section_id, ordinal, sub_ordinal, question_type, question_text) VALUES (510, NULL, 0, TRUE, TRUE, TRUE, NULL, NULL, NULL, NULL, 25, 15, 0, 2, E'First Reference Name');
INSERT into forms_section_question (id, copied_from_id, weighted_val, is_required, is_visible, is_immutable, dependent_on_question_id, dependent_on_noanswer_question_id, if_answered_goto_question, answer_matches_goto_question, section_id, ordinal, sub_ordinal, question_type, question_text) VALUES (511, NULL, 0, TRUE, TRUE, TRUE, NULL, NULL, NULL, NULL, 25, 16, 0, 2, E'First Reference Email Address');
INSERT into forms_section_question (id, copied_from_id, weighted_val, is_required, is_visible, is_immutable, dependent_on_question_id, dependent_on_noanswer_question_id, if_answered_goto_question, answer_matches_goto_question, section_id, ordinal, sub_ordinal, question_type, question_text) VALUES (512, NULL, 0, TRUE, TRUE, TRUE, NULL, NULL, NULL, NULL, 25, 17, 0, 3, E'First Reference Mobile/Home Phone Number');
INSERT into forms_section_question (id, copied_from_id, weighted_val, is_required, is_visible, is_immutable, dependent_on_question_id, dependent_on_noanswer_question_id, if_answered_goto_question, answer_matches_goto_question, section_id, ordinal, sub_ordinal, question_type, question_text) VALUES (513, NULL, 0, TRUE, TRUE, TRUE, NULL, NULL, NULL, NULL, 25, 18, 0, 2, E'First Reference: What is your relationship to this person?');
INSERT into forms_section_question (id, copied_from_id, weighted_val, is_required, is_visible, is_immutable, dependent_on_question_id, dependent_on_noanswer_question_id, if_answered_goto_question, answer_matches_goto_question, section_id, ordinal, sub_ordinal, question_type, question_text) VALUES (514, NULL, 0, FALSE, TRUE, TRUE, NULL, NULL, NULL, NULL, 25, 19, 0, 16, E'Your second reference should be a friend, work colleague, supervisor or school colleague whom you have known for a minimum of two (2) years.');
INSERT into forms_section_question (id, copied_from_id, weighted_val, is_required, is_visible, is_immutable, dependent_on_question_id, dependent_on_noanswer_question_id, if_answered_goto_question, answer_matches_goto_question, section_id, ordinal, sub_ordinal, question_type, question_text) VALUES (515, NULL, 0, TRUE, TRUE, TRUE, NULL, NULL, NULL, NULL, 25, 20, 0, 2, E'Second Reference Name');
INSERT into forms_section_question (id, copied_from_id, weighted_val, is_required, is_visible, is_immutable, dependent_on_question_id, dependent_on_noanswer_question_id, if_answered_goto_question, answer_matches_goto_question, section_id, ordinal, sub_ordinal, question_type, question_text) VALUES (516, NULL, 0, TRUE, TRUE, TRUE, NULL, NULL, NULL, NULL, 25, 21, 0, 2, E'Second Reference Email Address');
INSERT into forms_section_question (id, copied_from_id, weighted_val, is_required, is_visible, is_immutable, dependent_on_question_id, dependent_on_noanswer_question_id, if_answered_goto_question, answer_matches_goto_question, section_id, ordinal, sub_ordinal, question_type, question_text) VALUES (517, NULL, 0, TRUE, TRUE, TRUE, NULL, NULL, NULL, NULL, 25, 22, 0, 3, E'Second Reference Mobile/Home Phone Number');
INSERT into forms_section_question (id, copied_from_id, weighted_val, is_required, is_visible, is_immutable, dependent_on_question_id, dependent_on_noanswer_question_id, if_answered_goto_question, answer_matches_goto_question, section_id, ordinal, sub_ordinal, question_type, question_text) VALUES (518, NULL, 0, TRUE, TRUE, TRUE, NULL, NULL, NULL, NULL, 25, 23, 0, 2, E'Second Reference: What is your relationship to this person?');
INSERT into forms_section_question (id, copied_from_id, weighted_val, is_required, is_visible, is_immutable, dependent_on_question_id, dependent_on_noanswer_question_id, if_answered_goto_question, answer_matches_goto_question, section_id, ordinal, sub_ordinal, question_type, question_text) VALUES (519, NULL, 0, FALSE, TRUE, TRUE, NULL, NULL, NULL, NULL, 25, 24, 0, 16, E'IF YOU HAVE PREVIOUS EXPERIENCE WITH YOUTH (in a paid or volunteer capacity), please list a contact at all organizations you have been involved with in the past five (5) years. If you do not have previous experience, please write N/A.');
INSERT into forms_section_question (id, copied_from_id, weighted_val, is_required, is_visible, is_immutable, dependent_on_question_id, dependent_on_noanswer_question_id, if_answered_goto_question, answer_matches_goto_question, section_id, ordinal, sub_ordinal, question_type, question_text) VALUES (520, NULL, 0, TRUE, TRUE, TRUE, NULL, NULL, NULL, NULL, 25, 25, 0, 2, E'Third Reference Name');
INSERT into forms_section_question (id, copied_from_id, weighted_val, is_required, is_visible, is_immutable, dependent_on_question_id, dependent_on_noanswer_question_id, if_answered_goto_question, answer_matches_goto_question, section_id, ordinal, sub_ordinal, question_type, question_text) VALUES (521, NULL, 0, TRUE, TRUE, TRUE, NULL, NULL, NULL, NULL, 25, 26, 0, 2, E'Third Reference Email Address');
INSERT into forms_section_question (id, copied_from_id, weighted_val, is_required, is_visible, is_immutable, dependent_on_question_id, dependent_on_noanswer_question_id, if_answered_goto_question, answer_matches_goto_question, section_id, ordinal, sub_ordinal, question_type, question_text) VALUES (522, NULL, 0, TRUE, TRUE, TRUE, NULL, NULL, NULL, NULL, 25, 27, 0, 3, E'Third Reference Mobile/Home Phone Number');
INSERT into forms_section_question (id, copied_from_id, weighted_val, is_required, is_visible, is_immutable, dependent_on_question_id, dependent_on_noanswer_question_id, if_answered_goto_question, answer_matches_goto_question, section_id, ordinal, sub_ordinal, question_type, question_text) VALUES (523, NULL, 0, TRUE, TRUE, TRUE, NULL, NULL, NULL, NULL, 25, 28, 0, 2, E'Third Reference: What is your relationship to this person?');

INSERT INTO forms_section_answer (id, copied_from_id, ordinal, question_id, is_immutable, answer_text, answer_char, answer_bool, answer_int, answer_datetime, is_from_query) VALUES (1533, NULL, 1, 441, TRUE, 'Yes', NULL, NULL, NULL, NULL, FALSE);
INSERT INTO forms_section_answer (id, copied_from_id, ordinal, question_id, is_immutable, answer_text, answer_char, answer_bool, answer_int, answer_datetime, is_from_query) VALUES (1534, NULL, 2, 441, TRUE, 'No', NULL, NULL, NULL, NULL, FALSE);
INSERT INTO forms_section_answer (id, copied_from_id, ordinal, question_id, is_immutable, answer_text, answer_char, answer_bool, answer_int, answer_datetime, is_from_query) VALUES (1535, NULL, 1, 443, TRUE, 'Yes', NULL, NULL, NULL, NULL, FALSE);
INSERT INTO forms_section_answer (id, copied_from_id, ordinal, question_id, is_immutable, answer_text, answer_char, answer_bool, answer_int, answer_datetime, is_from_query) VALUES (1536, NULL, 2, 443, TRUE, 'No', NULL, NULL, NULL, NULL, FALSE);
INSERT INTO forms_section_answer (id, copied_from_id, ordinal, question_id, is_immutable, answer_text, answer_char, answer_bool, answer_int, answer_datetime, is_from_query) VALUES (1537, NULL, 1, 444, TRUE, 'Yes', NULL, NULL, NULL, NULL, FALSE);
INSERT INTO forms_section_answer (id, copied_from_id, ordinal, question_id, is_immutable, answer_text, answer_char, answer_bool, answer_int, answer_datetime, is_from_query) VALUES (1538, NULL, 2, 444, TRUE, 'No', NULL, NULL, NULL, NULL, FALSE);
INSERT INTO forms_section_answer (id, copied_from_id, ordinal, question_id, is_immutable, answer_text, answer_char, answer_bool, answer_int, answer_datetime, is_from_query) VALUES (1539, NULL, 1, 453, TRUE, 'Male', NULL, NULL, NULL, NULL, FALSE);
INSERT INTO forms_section_answer (id, copied_from_id, ordinal, question_id, is_immutable, answer_text, answer_char, answer_bool, answer_int, answer_datetime, is_from_query) VALUES (1540, NULL, 2, 453, TRUE, 'Female', NULL, NULL, NULL, NULL, FALSE);
INSERT INTO forms_section_answer (id, copied_from_id, ordinal, question_id, is_immutable, answer_text, answer_char, answer_bool, answer_int, answer_datetime, is_from_query) VALUES (1541, NULL, 1, 454, TRUE, 'Asian/Pacific Islander', NULL, NULL, NULL, NULL, FALSE);
INSERT INTO forms_section_answer (id, copied_from_id, ordinal, question_id, is_immutable, answer_text, answer_char, answer_bool, answer_int, answer_datetime, is_from_query) VALUES (1542, NULL, 2, 454, TRUE, 'Black/African American', NULL, NULL, NULL, NULL, FALSE);
INSERT INTO forms_section_answer (id, copied_from_id, ordinal, question_id, is_immutable, answer_text, answer_char, answer_bool, answer_int, answer_datetime, is_from_query) VALUES (1543, NULL, 3, 454, TRUE, 'Hispanic (may be of any race)', NULL, NULL, NULL, NULL, FALSE);
INSERT INTO forms_section_answer (id, copied_from_id, ordinal, question_id, is_immutable, answer_text, answer_char, answer_bool, answer_int, answer_datetime, is_from_query) VALUES (1544, NULL, 4, 454, TRUE, 'Native American (Aleutian Islander)', NULL, NULL, NULL, NULL, FALSE);
INSERT INTO forms_section_answer (id, copied_from_id, ordinal, question_id, is_immutable, answer_text, answer_char, answer_bool, answer_int, answer_datetime, is_from_query) VALUES (1545, NULL, 5, 454, TRUE, 'White (Non-Hispanic)', NULL, NULL, NULL, NULL, FALSE);
INSERT INTO forms_section_answer (id, copied_from_id, ordinal, question_id, is_immutable, answer_text, answer_char, answer_bool, answer_int, answer_datetime, is_from_query) VALUES (1546, NULL, 6, 454, TRUE, 'I identify with a race not listed here', NULL, NULL, NULL, NULL, FALSE);
INSERT INTO forms_section_answer (id, copied_from_id, ordinal, question_id, is_immutable, answer_text, answer_char, answer_bool, answer_int, answer_datetime, is_from_query) VALUES (1547, NULL, 7, 454, TRUE, 'I would prefer not to indicate my race', NULL, NULL, NULL, NULL, FALSE);
INSERT INTO forms_section_answer (id, copied_from_id, ordinal, question_id, is_immutable, answer_text, answer_char, answer_bool, answer_int, answer_datetime, is_from_query) VALUES (1548, NULL, 1, 455, TRUE, 'N/A', NULL, NULL, NULL, NULL, FALSE);
INSERT INTO forms_section_answer (id, copied_from_id, ordinal, question_id, is_immutable, answer_text, answer_char, answer_bool, answer_int, answer_datetime, is_from_query) VALUES (1549, NULL, 2, 455, TRUE, 'I''d prefer not to answer', NULL, NULL, NULL, NULL, FALSE);
INSERT INTO forms_section_answer (id, copied_from_id, ordinal, question_id, is_immutable, answer_text, answer_char, answer_bool, answer_int, answer_datetime, is_from_query) VALUES (1550, NULL, 3, 455, TRUE, 'Married', NULL, NULL, NULL, NULL, FALSE);
INSERT INTO forms_section_answer (id, copied_from_id, ordinal, question_id, is_immutable, answer_text, answer_char, answer_bool, answer_int, answer_datetime, is_from_query) VALUES (1551, NULL, 4, 455, TRUE, 'Single', NULL, NULL, NULL, NULL, FALSE);
INSERT INTO forms_section_answer (id, copied_from_id, ordinal, question_id, is_immutable, answer_text, answer_char, answer_bool, answer_int, answer_datetime, is_from_query) VALUES (1552, NULL, 5, 455, TRUE, 'Engaged', NULL, NULL, NULL, NULL, FALSE);
INSERT INTO forms_section_answer (id, copied_from_id, ordinal, question_id, is_immutable, answer_text, answer_char, answer_bool, answer_int, answer_datetime, is_from_query) VALUES (1553, NULL, 6, 455, TRUE, 'Divorced', NULL, NULL, NULL, NULL, FALSE);
INSERT INTO forms_section_answer (id, copied_from_id, ordinal, question_id, is_immutable, answer_text, answer_char, answer_bool, answer_int, answer_datetime, is_from_query) VALUES (1554, NULL, 7, 455, TRUE, 'Widow/Widower', NULL, NULL, NULL, NULL, FALSE);
INSERT INTO forms_section_answer (id, copied_from_id, ordinal, question_id, is_immutable, answer_text, answer_char, answer_bool, answer_int, answer_datetime, is_from_query) VALUES (1555, NULL, 8, 455, TRUE, 'Significant Other', NULL, NULL, NULL, NULL, FALSE);
INSERT INTO forms_section_answer (id, copied_from_id, ordinal, question_id, is_immutable, answer_text, answer_char, answer_bool, answer_int, answer_datetime, is_from_query) VALUES (1556, NULL, 9, 455, TRUE, 'Domestic Partner', NULL, NULL, NULL, NULL, FALSE);
INSERT INTO forms_section_answer (id, copied_from_id, ordinal, question_id, is_immutable, answer_text, answer_char, answer_bool, answer_int, answer_datetime, is_from_query) VALUES (1557, NULL, 1, 447, TRUE, NULL, NULL, NULL, NULL, NULL, TRUE);
INSERT INTO forms_section_answer (id, copied_from_id, ordinal, question_id, is_immutable, answer_text, answer_char, answer_bool, answer_int, answer_datetime, is_from_query) VALUES (1558, NULL, 1, 456, TRUE, 'Yes', NULL, NULL, NULL, NULL, FALSE);
INSERT INTO forms_section_answer (id, copied_from_id, ordinal, question_id, is_immutable, answer_text, answer_char, answer_bool, answer_int, answer_datetime, is_from_query) VALUES (1559, NULL, 2, 456, TRUE, 'No', NULL, NULL, NULL, NULL, FALSE);
INSERT INTO forms_section_answer (id, copied_from_id, ordinal, question_id, is_immutable, answer_text, answer_char, answer_bool, answer_int, answer_datetime, is_from_query) VALUES (1560, NULL, 1, 457, TRUE, 'Yes', NULL, NULL, NULL, NULL, FALSE);
INSERT INTO forms_section_answer (id, copied_from_id, ordinal, question_id, is_immutable, answer_text, answer_char, answer_bool, answer_int, answer_datetime, is_from_query) VALUES (1561, NULL, 2, 457, TRUE, 'No', NULL, NULL, NULL, NULL, FALSE);
INSERT INTO forms_section_answer (id, copied_from_id, ordinal, question_id, is_immutable, answer_text, answer_char, answer_bool, answer_int, answer_datetime, is_from_query) VALUES (1562, NULL, 1, 459, TRUE, 'Yes', NULL, NULL, NULL, NULL, FALSE);
INSERT INTO forms_section_answer (id, copied_from_id, ordinal, question_id, is_immutable, answer_text, answer_char, answer_bool, answer_int, answer_datetime, is_from_query) VALUES (1563, NULL, 2, 459, TRUE, 'No', NULL, NULL, NULL, NULL, FALSE);
INSERT INTO forms_section_answer (id, copied_from_id, ordinal, question_id, is_immutable, answer_text, answer_char, answer_bool, answer_int, answer_datetime, is_from_query) VALUES (1564, NULL, 1, 461, TRUE, 'Yes', NULL, NULL, NULL, NULL, FALSE);
INSERT INTO forms_section_answer (id, copied_from_id, ordinal, question_id, is_immutable, answer_text, answer_char, answer_bool, answer_int, answer_datetime, is_from_query) VALUES (1565, NULL, 2, 461, TRUE, 'No', NULL, NULL, NULL, NULL, FALSE);
INSERT INTO forms_section_answer (id, copied_from_id, ordinal, question_id, is_immutable, answer_text, answer_char, answer_bool, answer_int, answer_datetime, is_from_query) VALUES (1566, NULL, 1, 463, TRUE, 'Yes', NULL, NULL, NULL, NULL, FALSE);
INSERT INTO forms_section_answer (id, copied_from_id, ordinal, question_id, is_immutable, answer_text, answer_char, answer_bool, answer_int, answer_datetime, is_from_query) VALUES (1567, NULL, 2, 463, TRUE, 'No', NULL, NULL, NULL, NULL, FALSE);
INSERT INTO forms_section_answer (id, copied_from_id, ordinal, question_id, is_immutable, answer_text, answer_char, answer_bool, answer_int, answer_datetime, is_from_query) VALUES (1568, NULL, 1, 465, TRUE, 'High School Diploma', NULL, NULL, NULL, NULL, FALSE);
INSERT INTO forms_section_answer (id, copied_from_id, ordinal, question_id, is_immutable, answer_text, answer_char, answer_bool, answer_int, answer_datetime, is_from_query) VALUES (1569, NULL, 2, 465, TRUE, '2-year college degree (Associate''s)', NULL, NULL, NULL, NULL, FALSE);
INSERT INTO forms_section_answer (id, copied_from_id, ordinal, question_id, is_immutable, answer_text, answer_char, answer_bool, answer_int, answer_datetime, is_from_query) VALUES (1570, NULL, 3, 465, TRUE, '4-year college degree (Bachelor''s)', NULL, NULL, NULL, NULL, FALSE);
INSERT INTO forms_section_answer (id, copied_from_id, ordinal, question_id, is_immutable, answer_text, answer_char, answer_bool, answer_int, answer_datetime, is_from_query) VALUES (1571, NULL, 4, 465, TRUE, 'Master''s Degree (MBA, MPA, MA, etc.)', NULL, NULL, NULL, NULL, FALSE);
INSERT INTO forms_section_answer (id, copied_from_id, ordinal, question_id, is_immutable, answer_text, answer_char, answer_bool, answer_int, answer_datetime, is_from_query) VALUES (1572, NULL, 5, 465, TRUE, 'PhD, JD, or MD', NULL, NULL, NULL, NULL, FALSE);
INSERT INTO forms_section_answer (id, copied_from_id, ordinal, question_id, is_immutable, answer_text, answer_char, answer_bool, answer_int, answer_datetime, is_from_query) VALUES (1573, NULL, 1, 467, TRUE, 'Yes', NULL, NULL, NULL, NULL, FALSE);
INSERT INTO forms_section_answer (id, copied_from_id, ordinal, question_id, is_immutable, answer_text, answer_char, answer_bool, answer_int, answer_datetime, is_from_query) VALUES (1574, NULL, 2, 467, TRUE, 'No', NULL, NULL, NULL, NULL, FALSE);
INSERT INTO forms_section_answer (id, copied_from_id, ordinal, question_id, is_immutable, answer_text, answer_char, answer_bool, answer_int, answer_datetime, is_from_query) VALUES (1575, NULL, 1, 468, TRUE, 'Less than $50,000', NULL, NULL, NULL, NULL, FALSE);
INSERT INTO forms_section_answer (id, copied_from_id, ordinal, question_id, is_immutable, answer_text, answer_char, answer_bool, answer_int, answer_datetime, is_from_query) VALUES (1576, NULL, 2, 468, TRUE, '$51,000 - $75,000', NULL, NULL, NULL, NULL, FALSE);
INSERT INTO forms_section_answer (id, copied_from_id, ordinal, question_id, is_immutable, answer_text, answer_char, answer_bool, answer_int, answer_datetime, is_from_query) VALUES (1577, NULL, 3, 468, TRUE, '$76,000 - $100,000', NULL, NULL, NULL, NULL, FALSE);
INSERT INTO forms_section_answer (id, copied_from_id, ordinal, question_id, is_immutable, answer_text, answer_char, answer_bool, answer_int, answer_datetime, is_from_query) VALUES (1578, NULL, 4, 468, TRUE, '$101,000 - $200,000', NULL, NULL, NULL, NULL, FALSE);
INSERT INTO forms_section_answer (id, copied_from_id, ordinal, question_id, is_immutable, answer_text, answer_char, answer_bool, answer_int, answer_datetime, is_from_query) VALUES (1579, NULL, 5, 468, TRUE, '$201,000 - $300,000', NULL, NULL, NULL, NULL, FALSE);
INSERT INTO forms_section_answer (id, copied_from_id, ordinal, question_id, is_immutable, answer_text, answer_char, answer_bool, answer_int, answer_datetime, is_from_query) VALUES (1580, NULL, 6, 468, TRUE, '$301,000 - $500,000', NULL, NULL, NULL, NULL, FALSE);
INSERT INTO forms_section_answer (id, copied_from_id, ordinal, question_id, is_immutable, answer_text, answer_char, answer_bool, answer_int, answer_datetime, is_from_query) VALUES (1581, NULL, 7, 468, TRUE, '$501,000 and above', NULL, NULL, NULL, NULL, FALSE);
INSERT INTO forms_section_answer (id, copied_from_id, ordinal, question_id, is_immutable, answer_text, answer_char, answer_bool, answer_int, answer_datetime, is_from_query) VALUES (1582, NULL, 1, 469, TRUE, 'Yes', NULL, NULL, NULL, NULL, FALSE);
INSERT INTO forms_section_answer (id, copied_from_id, ordinal, question_id, is_immutable, answer_text, answer_char, answer_bool, answer_int, answer_datetime, is_from_query) VALUES (1583, NULL, 2, 469, TRUE, 'No', NULL, NULL, NULL, NULL, FALSE);
INSERT INTO forms_section_answer (id, copied_from_id, ordinal, question_id, is_immutable, answer_text, answer_char, answer_bool, answer_int, answer_datetime, is_from_query) VALUES (1584, NULL, 1, 470, TRUE, 'Facebook', NULL, NULL, NULL, NULL, FALSE);
INSERT INTO forms_section_answer (id, copied_from_id, ordinal, question_id, is_immutable, answer_text, answer_char, answer_bool, answer_int, answer_datetime, is_from_query) VALUES (1585, NULL, 2, 470, TRUE, 'Twitter', NULL, NULL, NULL, NULL, FALSE);
INSERT INTO forms_section_answer (id, copied_from_id, ordinal, question_id, is_immutable, answer_text, answer_char, answer_bool, answer_int, answer_datetime, is_from_query) VALUES (1586, NULL, 3, 470, TRUE, 'LinkedIn', NULL, NULL, NULL, NULL, FALSE);
INSERT INTO forms_section_answer (id, copied_from_id, ordinal, question_id, is_immutable, answer_text, answer_char, answer_bool, answer_int, answer_datetime, is_from_query) VALUES (1587, NULL, 4, 470, TRUE, 'Idealist', NULL, NULL, NULL, NULL, FALSE);
INSERT INTO forms_section_answer (id, copied_from_id, ordinal, question_id, is_immutable, answer_text, answer_char, answer_bool, answer_int, answer_datetime, is_from_query) VALUES (1588, NULL, 5, 470, TRUE, 'NYCService', NULL, NULL, NULL, NULL, FALSE);
INSERT INTO forms_section_answer (id, copied_from_id, ordinal, question_id, is_immutable, answer_text, answer_char, answer_bool, answer_int, answer_datetime, is_from_query) VALUES (1589, NULL, 6, 470, TRUE, 'Mentoring.org', NULL, NULL, NULL, NULL, FALSE);
INSERT INTO forms_section_answer (id, copied_from_id, ordinal, question_id, is_immutable, answer_text, answer_char, answer_bool, answer_int, answer_datetime, is_from_query) VALUES (1590, NULL, 7, 470, TRUE, 'Online Ad', NULL, NULL, NULL, NULL, FALSE);
INSERT INTO forms_section_answer (id, copied_from_id, ordinal, question_id, is_immutable, answer_text, answer_char, answer_bool, answer_int, answer_datetime, is_from_query) VALUES (1591, NULL, 8, 470, TRUE, 'Friend/Family', NULL, NULL, NULL, NULL, FALSE);
INSERT INTO forms_section_answer (id, copied_from_id, ordinal, question_id, is_immutable, answer_text, answer_char, answer_bool, answer_int, answer_datetime, is_from_query) VALUES (1592, NULL, 9, 470, TRUE, 'Co-Worker', NULL, NULL, NULL, NULL, FALSE);
INSERT INTO forms_section_answer (id, copied_from_id, ordinal, question_id, is_immutable, answer_text, answer_char, answer_bool, answer_int, answer_datetime, is_from_query) VALUES (1593, NULL, 10, 470, TRUE, 'Employer', NULL, NULL, NULL, NULL, FALSE);
INSERT INTO forms_section_answer (id, copied_from_id, ordinal, question_id, is_immutable, answer_text, answer_char, answer_bool, answer_int, answer_datetime, is_from_query) VALUES (1594, NULL, 11, 470, TRUE, 'Volunteer Website', NULL, NULL, NULL, NULL, FALSE);
INSERT INTO forms_section_answer (id, copied_from_id, ordinal, question_id, is_immutable, answer_text, answer_char, answer_bool, answer_int, answer_datetime, is_from_query) VALUES (1595, NULL, 12, 470, TRUE, 'Nomination Email', NULL, NULL, NULL, NULL, FALSE);
INSERT INTO forms_section_answer (id, copied_from_id, ordinal, question_id, is_immutable, answer_text, answer_char, answer_bool, answer_int, answer_datetime, is_from_query) VALUES (1596, NULL, 13, 470, TRUE, 'Alumni Group', NULL, NULL, NULL, NULL, FALSE);
INSERT INTO forms_section_answer (id, copied_from_id, ordinal, question_id, is_immutable, answer_text, answer_char, answer_bool, answer_int, answer_datetime, is_from_query) VALUES (1597, NULL, 14, 470, TRUE, 'University', NULL, NULL, NULL, NULL, FALSE);
INSERT INTO forms_section_answer (id, copied_from_id, ordinal, question_id, is_immutable, answer_text, answer_char, answer_bool, answer_int, answer_datetime, is_from_query) VALUES (1598, NULL, 15, 470, TRUE, 'Community Group/Network', NULL, NULL, NULL, NULL, FALSE);
INSERT INTO forms_section_answer (id, copied_from_id, ordinal, question_id, is_immutable, answer_text, answer_char, answer_bool, answer_int, answer_datetime, is_from_query) VALUES (1599, NULL, 16, 470, TRUE, 'Other', NULL, NULL, NULL, NULL, FALSE);
INSERT INTO forms_section_answer (id, copied_from_id, ordinal, question_id, is_immutable, answer_text, answer_char, answer_bool, answer_int, answer_datetime, is_from_query) VALUES (1600, NULL, 1, 472, TRUE, 'Yes', NULL, NULL, NULL, NULL, FALSE);
INSERT INTO forms_section_answer (id, copied_from_id, ordinal, question_id, is_immutable, answer_text, answer_char, answer_bool, answer_int, answer_datetime, is_from_query) VALUES (1601, NULL, 2, 472, TRUE, 'No', NULL, NULL, NULL, NULL, FALSE);
INSERT INTO forms_section_answer (id, copied_from_id, ordinal, question_id, is_immutable, answer_text, answer_char, answer_bool, answer_int, answer_datetime, is_from_query) VALUES (1602, NULL, 1, 474, TRUE, 'Yes', NULL, NULL, NULL, NULL, FALSE);
INSERT INTO forms_section_answer (id, copied_from_id, ordinal, question_id, is_immutable, answer_text, answer_char, answer_bool, answer_int, answer_datetime, is_from_query) VALUES (1603, NULL, 2, 474, TRUE, 'No', NULL, NULL, NULL, NULL, FALSE);
INSERT INTO forms_section_answer (id, copied_from_id, ordinal, question_id, is_immutable, answer_text, answer_char, answer_bool, answer_int, answer_datetime, is_from_query) VALUES (1604, NULL, 1, 476, TRUE, 'Yes', NULL, NULL, NULL, NULL, FALSE);
INSERT INTO forms_section_answer (id, copied_from_id, ordinal, question_id, is_immutable, answer_text, answer_char, answer_bool, answer_int, answer_datetime, is_from_query) VALUES (1605, NULL, 2, 476, TRUE, 'No', NULL, NULL, NULL, NULL, FALSE);
INSERT INTO forms_section_answer (id, copied_from_id, ordinal, question_id, is_immutable, answer_text, answer_char, answer_bool, answer_int, answer_datetime, is_from_query) VALUES (1606, NULL, 1, 477, TRUE, 'Arabic', NULL, NULL, NULL, NULL, FALSE);
INSERT INTO forms_section_answer (id, copied_from_id, ordinal, question_id, is_immutable, answer_text, answer_char, answer_bool, answer_int, answer_datetime, is_from_query) VALUES (1607, NULL, 2, 477, TRUE, 'Cantonese', NULL, NULL, NULL, NULL, FALSE);
INSERT INTO forms_section_answer (id, copied_from_id, ordinal, question_id, is_immutable, answer_text, answer_char, answer_bool, answer_int, answer_datetime, is_from_query) VALUES (1608, NULL, 3, 477, TRUE, 'Creole', NULL, NULL, NULL, NULL, FALSE);
INSERT INTO forms_section_answer (id, copied_from_id, ordinal, question_id, is_immutable, answer_text, answer_char, answer_bool, answer_int, answer_datetime, is_from_query) VALUES (1609, NULL, 4, 477, TRUE, 'French', NULL, NULL, NULL, NULL, FALSE);
INSERT INTO forms_section_answer (id, copied_from_id, ordinal, question_id, is_immutable, answer_text, answer_char, answer_bool, answer_int, answer_datetime, is_from_query) VALUES (1610, NULL, 5, 477, TRUE, 'German', NULL, NULL, NULL, NULL, FALSE);
INSERT INTO forms_section_answer (id, copied_from_id, ordinal, question_id, is_immutable, answer_text, answer_char, answer_bool, answer_int, answer_datetime, is_from_query) VALUES (1611, NULL, 6, 477, TRUE, 'Greek', NULL, NULL, NULL, NULL, FALSE);
INSERT INTO forms_section_answer (id, copied_from_id, ordinal, question_id, is_immutable, answer_text, answer_char, answer_bool, answer_int, answer_datetime, is_from_query) VALUES (1612, NULL, 7, 477, TRUE, 'Hebrew', NULL, NULL, NULL, NULL, FALSE);
INSERT INTO forms_section_answer (id, copied_from_id, ordinal, question_id, is_immutable, answer_text, answer_char, answer_bool, answer_int, answer_datetime, is_from_query) VALUES (1613, NULL, 8, 477, TRUE, 'Hindi', NULL, NULL, NULL, NULL, FALSE);
INSERT INTO forms_section_answer (id, copied_from_id, ordinal, question_id, is_immutable, answer_text, answer_char, answer_bool, answer_int, answer_datetime, is_from_query) VALUES (1614, NULL, 9, 477, TRUE, 'Hungarian', NULL, NULL, NULL, NULL, FALSE);
INSERT INTO forms_section_answer (id, copied_from_id, ordinal, question_id, is_immutable, answer_text, answer_char, answer_bool, answer_int, answer_datetime, is_from_query) VALUES (1615, NULL, 10, 477, TRUE, 'Italian', NULL, NULL, NULL, NULL, FALSE);
INSERT INTO forms_section_answer (id, copied_from_id, ordinal, question_id, is_immutable, answer_text, answer_char, answer_bool, answer_int, answer_datetime, is_from_query) VALUES (1616, NULL, 11, 477, TRUE, 'Japanese', NULL, NULL, NULL, NULL, FALSE);
INSERT INTO forms_section_answer (id, copied_from_id, ordinal, question_id, is_immutable, answer_text, answer_char, answer_bool, answer_int, answer_datetime, is_from_query) VALUES (1617, NULL, 12, 477, TRUE, 'Korean', NULL, NULL, NULL, NULL, FALSE);
INSERT INTO forms_section_answer (id, copied_from_id, ordinal, question_id, is_immutable, answer_text, answer_char, answer_bool, answer_int, answer_datetime, is_from_query) VALUES (1618, NULL, 13, 477, TRUE, 'Mandarin', NULL, NULL, NULL, NULL, FALSE);
INSERT INTO forms_section_answer (id, copied_from_id, ordinal, question_id, is_immutable, answer_text, answer_char, answer_bool, answer_int, answer_datetime, is_from_query) VALUES (1619, NULL, 14, 477, TRUE, 'Persian', NULL, NULL, NULL, NULL, FALSE);
INSERT INTO forms_section_answer (id, copied_from_id, ordinal, question_id, is_immutable, answer_text, answer_char, answer_bool, answer_int, answer_datetime, is_from_query) VALUES (1620, NULL, 15, 477, TRUE, 'Polish', NULL, NULL, NULL, NULL, FALSE);
INSERT INTO forms_section_answer (id, copied_from_id, ordinal, question_id, is_immutable, answer_text, answer_char, answer_bool, answer_int, answer_datetime, is_from_query) VALUES (1621, NULL, 16, 477, TRUE, 'Portugeuese', NULL, NULL, NULL, NULL, FALSE);
INSERT INTO forms_section_answer (id, copied_from_id, ordinal, question_id, is_immutable, answer_text, answer_char, answer_bool, answer_int, answer_datetime, is_from_query) VALUES (1622, NULL, 17, 477, TRUE, 'Russian', NULL, NULL, NULL, NULL, FALSE);
INSERT INTO forms_section_answer (id, copied_from_id, ordinal, question_id, is_immutable, answer_text, answer_char, answer_bool, answer_int, answer_datetime, is_from_query) VALUES (1623, NULL, 18, 477, TRUE, 'Serbo-Croatian', NULL, NULL, NULL, NULL, FALSE);
INSERT INTO forms_section_answer (id, copied_from_id, ordinal, question_id, is_immutable, answer_text, answer_char, answer_bool, answer_int, answer_datetime, is_from_query) VALUES (1624, NULL, 19, 477, TRUE, 'Spanish', NULL, NULL, NULL, NULL, FALSE);
INSERT INTO forms_section_answer (id, copied_from_id, ordinal, question_id, is_immutable, answer_text, answer_char, answer_bool, answer_int, answer_datetime, is_from_query) VALUES (1625, NULL, 20, 477, TRUE, 'Tagalog', NULL, NULL, NULL, NULL, FALSE);
INSERT INTO forms_section_answer (id, copied_from_id, ordinal, question_id, is_immutable, answer_text, answer_char, answer_bool, answer_int, answer_datetime, is_from_query) VALUES (1626, NULL, 21, 477, TRUE, 'Urdu', NULL, NULL, NULL, NULL, FALSE);
INSERT INTO forms_section_answer (id, copied_from_id, ordinal, question_id, is_immutable, answer_text, answer_char, answer_bool, answer_int, answer_datetime, is_from_query) VALUES (1627, NULL, 22, 477, TRUE, 'Vietnamese', NULL, NULL, NULL, NULL, FALSE);
INSERT INTO forms_section_answer (id, copied_from_id, ordinal, question_id, is_immutable, answer_text, answer_char, answer_bool, answer_int, answer_datetime, is_from_query) VALUES (1628, NULL, 23, 477, TRUE, 'Other', NULL, NULL, NULL, NULL, FALSE);
INSERT INTO forms_section_answer (id, copied_from_id, ordinal, question_id, is_immutable, answer_text, answer_char, answer_bool, answer_int, answer_datetime, is_from_query) VALUES (1629, NULL, 1, 478, TRUE, 'Fluent', NULL, NULL, NULL, NULL, FALSE);
INSERT INTO forms_section_answer (id, copied_from_id, ordinal, question_id, is_immutable, answer_text, answer_char, answer_bool, answer_int, answer_datetime, is_from_query) VALUES (1630, NULL, 2, 478, TRUE, 'Intermediate', NULL, NULL, NULL, NULL, FALSE);
INSERT INTO forms_section_answer (id, copied_from_id, ordinal, question_id, is_immutable, answer_text, answer_char, answer_bool, answer_int, answer_datetime, is_from_query) VALUES (1631, NULL, 3, 478, TRUE, 'Basic', NULL, NULL, NULL, NULL, FALSE);
INSERT INTO forms_section_answer (id, copied_from_id, ordinal, question_id, is_immutable, answer_text, answer_char, answer_bool, answer_int, answer_datetime, is_from_query) VALUES (1632, NULL, 1, 466, TRUE, NULL, NULL, NULL, NULL, NULL, TRUE);
INSERT INTO forms_section_answer (id, copied_from_id, ordinal, question_id, is_immutable, answer_text, answer_char, answer_bool, answer_int, answer_datetime, is_from_query) VALUES (1633, NULL, 1, 484, TRUE, 'Any - No Preference', NULL, NULL, NULL, NULL, FALSE);
INSERT INTO forms_section_answer (id, copied_from_id, ordinal, question_id, is_immutable, answer_text, answer_char, answer_bool, answer_int, answer_datetime, is_from_query) VALUES (1634, NULL, 2, 484, TRUE, 'Writing a resume and cover letter', NULL, NULL, NULL, NULL, FALSE);
INSERT INTO forms_section_answer (id, copied_from_id, ordinal, question_id, is_immutable, answer_text, answer_char, answer_bool, answer_int, answer_datetime, is_from_query) VALUES (1635, NULL, 3, 484, TRUE, 'Getting a job while you are in high school', NULL, NULL, NULL, NULL, FALSE);
INSERT INTO forms_section_answer (id, copied_from_id, ordinal, question_id, is_immutable, answer_text, answer_char, answer_bool, answer_int, answer_datetime, is_from_query) VALUES (1636, NULL, 4, 484, TRUE, 'Getting an internship while you are in high school', NULL, NULL, NULL, NULL, FALSE);
INSERT INTO forms_section_answer (id, copied_from_id, ordinal, question_id, is_immutable, answer_text, answer_char, answer_bool, answer_int, answer_datetime, is_from_query) VALUES (1637, NULL, 5, 484, TRUE, 'Learning how to prepare for your career', NULL, NULL, NULL, NULL, FALSE);
INSERT INTO forms_section_answer (id, copied_from_id, ordinal, question_id, is_immutable, answer_text, answer_char, answer_bool, answer_int, answer_datetime, is_from_query) VALUES (1638, NULL, 1, 486, TRUE, 'Accounting', NULL, NULL, NULL, NULL, FALSE);
INSERT INTO forms_section_answer (id, copied_from_id, ordinal, question_id, is_immutable, answer_text, answer_char, answer_bool, answer_int, answer_datetime, is_from_query) VALUES (1639, NULL, 2, 486, TRUE, 'American Studies', NULL, NULL, NULL, NULL, FALSE);
INSERT INTO forms_section_answer (id, copied_from_id, ordinal, question_id, is_immutable, answer_text, answer_char, answer_bool, answer_int, answer_datetime, is_from_query) VALUES (1640, NULL, 3, 486, TRUE, 'Anthropology', NULL, NULL, NULL, NULL, FALSE);
INSERT INTO forms_section_answer (id, copied_from_id, ordinal, question_id, is_immutable, answer_text, answer_char, answer_bool, answer_int, answer_datetime, is_from_query) VALUES (1641, NULL, 4, 486, TRUE, 'Architecture', NULL, NULL, NULL, NULL, FALSE);
INSERT INTO forms_section_answer (id, copied_from_id, ordinal, question_id, is_immutable, answer_text, answer_char, answer_bool, answer_int, answer_datetime, is_from_query) VALUES (1642, NULL, 5, 486, TRUE, 'Art History', NULL, NULL, NULL, NULL, FALSE);
INSERT INTO forms_section_answer (id, copied_from_id, ordinal, question_id, is_immutable, answer_text, answer_char, answer_bool, answer_int, answer_datetime, is_from_query) VALUES (1643, NULL, 6, 486, TRUE, 'Art Studio', NULL, NULL, NULL, NULL, FALSE);
INSERT INTO forms_section_answer (id, copied_from_id, ordinal, question_id, is_immutable, answer_text, answer_char, answer_bool, answer_int, answer_datetime, is_from_query) VALUES (1644, NULL, 7, 486, TRUE, 'Biochemistry', NULL, NULL, NULL, NULL, FALSE);
INSERT INTO forms_section_answer (id, copied_from_id, ordinal, question_id, is_immutable, answer_text, answer_char, answer_bool, answer_int, answer_datetime, is_from_query) VALUES (1645, NULL, 8, 486, TRUE, 'Biology', NULL, NULL, NULL, NULL, FALSE);
INSERT INTO forms_section_answer (id, copied_from_id, ordinal, question_id, is_immutable, answer_text, answer_char, answer_bool, answer_int, answer_datetime, is_from_query) VALUES (1646, NULL, 9, 486, TRUE, 'Biophysics', NULL, NULL, NULL, NULL, FALSE);
INSERT INTO forms_section_answer (id, copied_from_id, ordinal, question_id, is_immutable, answer_text, answer_char, answer_bool, answer_int, answer_datetime, is_from_query) VALUES (1647, NULL, 10, 486, TRUE, 'Business Administration', NULL, NULL, NULL, NULL, FALSE);
INSERT INTO forms_section_answer (id, copied_from_id, ordinal, question_id, is_immutable, answer_text, answer_char, answer_bool, answer_int, answer_datetime, is_from_query) VALUES (1648, NULL, 11, 486, TRUE, 'Chemistry', NULL, NULL, NULL, NULL, FALSE);
INSERT INTO forms_section_answer (id, copied_from_id, ordinal, question_id, is_immutable, answer_text, answer_char, answer_bool, answer_int, answer_datetime, is_from_query) VALUES (1649, NULL, 12, 486, TRUE, 'Classics (Greek / Latin)', NULL, NULL, NULL, NULL, FALSE);
INSERT INTO forms_section_answer (id, copied_from_id, ordinal, question_id, is_immutable, answer_text, answer_char, answer_bool, answer_int, answer_datetime, is_from_query) VALUES (1650, NULL, 13, 486, TRUE, 'Communication', NULL, NULL, NULL, NULL, FALSE);
INSERT INTO forms_section_answer (id, copied_from_id, ordinal, question_id, is_immutable, answer_text, answer_char, answer_bool, answer_int, answer_datetime, is_from_query) VALUES (1651, NULL, 14, 486, TRUE, 'Computer Science', NULL, NULL, NULL, NULL, FALSE);
INSERT INTO forms_section_answer (id, copied_from_id, ordinal, question_id, is_immutable, answer_text, answer_char, answer_bool, answer_int, answer_datetime, is_from_query) VALUES (1652, NULL, 15, 486, TRUE, 'Criminal Justice', NULL, NULL, NULL, NULL, FALSE);
INSERT INTO forms_section_answer (id, copied_from_id, ordinal, question_id, is_immutable, answer_text, answer_char, answer_bool, answer_int, answer_datetime, is_from_query) VALUES (1653, NULL, 16, 486, TRUE, 'Economics', NULL, NULL, NULL, NULL, FALSE);
INSERT INTO forms_section_answer (id, copied_from_id, ordinal, question_id, is_immutable, answer_text, answer_char, answer_bool, answer_int, answer_datetime, is_from_query) VALUES (1654, NULL, 17, 486, TRUE, 'Education (Teaching)', NULL, NULL, NULL, NULL, FALSE);
INSERT INTO forms_section_answer (id, copied_from_id, ordinal, question_id, is_immutable, answer_text, answer_char, answer_bool, answer_int, answer_datetime, is_from_query) VALUES (1655, NULL, 18, 486, TRUE, 'English', NULL, NULL, NULL, NULL, FALSE);
INSERT INTO forms_section_answer (id, copied_from_id, ordinal, question_id, is_immutable, answer_text, answer_char, answer_bool, answer_int, answer_datetime, is_from_query) VALUES (1656, NULL, 19, 486, TRUE, 'Engineering', NULL, NULL, NULL, NULL, FALSE);
INSERT INTO forms_section_answer (id, copied_from_id, ordinal, question_id, is_immutable, answer_text, answer_char, answer_bool, answer_int, answer_datetime, is_from_query) VALUES (1657, NULL, 20, 486, TRUE, 'Foreign Language, Literatures, and Linguistics', NULL, NULL, NULL, NULL, FALSE);
INSERT INTO forms_section_answer (id, copied_from_id, ordinal, question_id, is_immutable, answer_text, answer_char, answer_bool, answer_int, answer_datetime, is_from_query) VALUES (1658, NULL, 21, 486, TRUE, 'Geography', NULL, NULL, NULL, NULL, FALSE);
INSERT INTO forms_section_answer (id, copied_from_id, ordinal, question_id, is_immutable, answer_text, answer_char, answer_bool, answer_int, answer_datetime, is_from_query) VALUES (1659, NULL, 22, 486, TRUE, 'History', NULL, NULL, NULL, NULL, FALSE);
INSERT INTO forms_section_answer (id, copied_from_id, ordinal, question_id, is_immutable, answer_text, answer_char, answer_bool, answer_int, answer_datetime, is_from_query) VALUES (1660, NULL, 23, 486, TRUE, 'International Relations', NULL, NULL, NULL, NULL, FALSE);
INSERT INTO forms_section_answer (id, copied_from_id, ordinal, question_id, is_immutable, answer_text, answer_char, answer_bool, answer_int, answer_datetime, is_from_query) VALUES (1661, NULL, 24, 486, TRUE, 'Journalism', NULL, NULL, NULL, NULL, FALSE);
INSERT INTO forms_section_answer (id, copied_from_id, ordinal, question_id, is_immutable, answer_text, answer_char, answer_bool, answer_int, answer_datetime, is_from_query) VALUES (1662, NULL, 25, 486, TRUE, 'Library Sciences', NULL, NULL, NULL, NULL, FALSE);
INSERT INTO forms_section_answer (id, copied_from_id, ordinal, question_id, is_immutable, answer_text, answer_char, answer_bool, answer_int, answer_datetime, is_from_query) VALUES (1663, NULL, 26, 486, TRUE, 'Mathematics', NULL, NULL, NULL, NULL, FALSE);
INSERT INTO forms_section_answer (id, copied_from_id, ordinal, question_id, is_immutable, answer_text, answer_char, answer_bool, answer_int, answer_datetime, is_from_query) VALUES (1664, NULL, 27, 486, TRUE, 'Philosophy', NULL, NULL, NULL, NULL, FALSE);
INSERT INTO forms_section_answer (id, copied_from_id, ordinal, question_id, is_immutable, answer_text, answer_char, answer_bool, answer_int, answer_datetime, is_from_query) VALUES (1665, NULL, 28, 486, TRUE, 'Physics & Astronomy', NULL, NULL, NULL, NULL, FALSE);
INSERT INTO forms_section_answer (id, copied_from_id, ordinal, question_id, is_immutable, answer_text, answer_char, answer_bool, answer_int, answer_datetime, is_from_query) VALUES (1666, NULL, 29, 486, TRUE, 'Political Science', NULL, NULL, NULL, NULL, FALSE);
INSERT INTO forms_section_answer (id, copied_from_id, ordinal, question_id, is_immutable, answer_text, answer_char, answer_bool, answer_int, answer_datetime, is_from_query) VALUES (1667, NULL, 30, 486, TRUE, 'Psychology', NULL, NULL, NULL, NULL, FALSE);
INSERT INTO forms_section_answer (id, copied_from_id, ordinal, question_id, is_immutable, answer_text, answer_char, answer_bool, answer_int, answer_datetime, is_from_query) VALUES (1668, NULL, 31, 486, TRUE, 'Religion / Theology', NULL, NULL, NULL, NULL, FALSE);
INSERT INTO forms_section_answer (id, copied_from_id, ordinal, question_id, is_immutable, answer_text, answer_char, answer_bool, answer_int, answer_datetime, is_from_query) VALUES (1669, NULL, 32, 486, TRUE, 'Sociology', NULL, NULL, NULL, NULL, FALSE);
INSERT INTO forms_section_answer (id, copied_from_id, ordinal, question_id, is_immutable, answer_text, answer_char, answer_bool, answer_int, answer_datetime, is_from_query) VALUES (1670, NULL, 33, 486, TRUE, 'Women''s and Gender Studies', NULL, NULL, NULL, NULL, FALSE);
INSERT INTO forms_section_answer (id, copied_from_id, ordinal, question_id, is_immutable, answer_text, answer_char, answer_bool, answer_int, answer_datetime, is_from_query) VALUES (1671, NULL, 1, 487, TRUE, 'Accounting', NULL, NULL, NULL, NULL, FALSE);
INSERT INTO forms_section_answer (id, copied_from_id, ordinal, question_id, is_immutable, answer_text, answer_char, answer_bool, answer_int, answer_datetime, is_from_query) VALUES (1672, NULL, 2, 487, TRUE, 'American Studies', NULL, NULL, NULL, NULL, FALSE);
INSERT INTO forms_section_answer (id, copied_from_id, ordinal, question_id, is_immutable, answer_text, answer_char, answer_bool, answer_int, answer_datetime, is_from_query) VALUES (1673, NULL, 3, 487, TRUE, 'Anthropology', NULL, NULL, NULL, NULL, FALSE);
INSERT INTO forms_section_answer (id, copied_from_id, ordinal, question_id, is_immutable, answer_text, answer_char, answer_bool, answer_int, answer_datetime, is_from_query) VALUES (1674, NULL, 4, 487, TRUE, 'Architecture', NULL, NULL, NULL, NULL, FALSE);
INSERT INTO forms_section_answer (id, copied_from_id, ordinal, question_id, is_immutable, answer_text, answer_char, answer_bool, answer_int, answer_datetime, is_from_query) VALUES (1675, NULL, 5, 487, TRUE, 'Art History', NULL, NULL, NULL, NULL, FALSE);
INSERT INTO forms_section_answer (id, copied_from_id, ordinal, question_id, is_immutable, answer_text, answer_char, answer_bool, answer_int, answer_datetime, is_from_query) VALUES (1676, NULL, 6, 487, TRUE, 'Art Studio', NULL, NULL, NULL, NULL, FALSE);
INSERT INTO forms_section_answer (id, copied_from_id, ordinal, question_id, is_immutable, answer_text, answer_char, answer_bool, answer_int, answer_datetime, is_from_query) VALUES (1677, NULL, 7, 487, TRUE, 'Biochemistry', NULL, NULL, NULL, NULL, FALSE);
INSERT INTO forms_section_answer (id, copied_from_id, ordinal, question_id, is_immutable, answer_text, answer_char, answer_bool, answer_int, answer_datetime, is_from_query) VALUES (1678, NULL, 8, 487, TRUE, 'Biology', NULL, NULL, NULL, NULL, FALSE);
INSERT INTO forms_section_answer (id, copied_from_id, ordinal, question_id, is_immutable, answer_text, answer_char, answer_bool, answer_int, answer_datetime, is_from_query) VALUES (1679, NULL, 9, 487, TRUE, 'Biophysics', NULL, NULL, NULL, NULL, FALSE);
INSERT INTO forms_section_answer (id, copied_from_id, ordinal, question_id, is_immutable, answer_text, answer_char, answer_bool, answer_int, answer_datetime, is_from_query) VALUES (1680, NULL, 10, 487, TRUE, 'Business Administration', NULL, NULL, NULL, NULL, FALSE);
INSERT INTO forms_section_answer (id, copied_from_id, ordinal, question_id, is_immutable, answer_text, answer_char, answer_bool, answer_int, answer_datetime, is_from_query) VALUES (1681, NULL, 11, 487, TRUE, 'Chemistry', NULL, NULL, NULL, NULL, FALSE);
INSERT INTO forms_section_answer (id, copied_from_id, ordinal, question_id, is_immutable, answer_text, answer_char, answer_bool, answer_int, answer_datetime, is_from_query) VALUES (1682, NULL, 12, 487, TRUE, 'Classics (Greek / Latin)', NULL, NULL, NULL, NULL, FALSE);
INSERT INTO forms_section_answer (id, copied_from_id, ordinal, question_id, is_immutable, answer_text, answer_char, answer_bool, answer_int, answer_datetime, is_from_query) VALUES (1683, NULL, 13, 487, TRUE, 'Communication', NULL, NULL, NULL, NULL, FALSE);
INSERT INTO forms_section_answer (id, copied_from_id, ordinal, question_id, is_immutable, answer_text, answer_char, answer_bool, answer_int, answer_datetime, is_from_query) VALUES (1684, NULL, 14, 487, TRUE, 'Computer Science', NULL, NULL, NULL, NULL, FALSE);
INSERT INTO forms_section_answer (id, copied_from_id, ordinal, question_id, is_immutable, answer_text, answer_char, answer_bool, answer_int, answer_datetime, is_from_query) VALUES (1685, NULL, 15, 487, TRUE, 'Criminal Justice', NULL, NULL, NULL, NULL, FALSE);
INSERT INTO forms_section_answer (id, copied_from_id, ordinal, question_id, is_immutable, answer_text, answer_char, answer_bool, answer_int, answer_datetime, is_from_query) VALUES (1686, NULL, 16, 487, TRUE, 'Economics', NULL, NULL, NULL, NULL, FALSE);
INSERT INTO forms_section_answer (id, copied_from_id, ordinal, question_id, is_immutable, answer_text, answer_char, answer_bool, answer_int, answer_datetime, is_from_query) VALUES (1687, NULL, 17, 487, TRUE, 'Education (Teaching)', NULL, NULL, NULL, NULL, FALSE);
INSERT INTO forms_section_answer (id, copied_from_id, ordinal, question_id, is_immutable, answer_text, answer_char, answer_bool, answer_int, answer_datetime, is_from_query) VALUES (1688, NULL, 18, 487, TRUE, 'English', NULL, NULL, NULL, NULL, FALSE);
INSERT INTO forms_section_answer (id, copied_from_id, ordinal, question_id, is_immutable, answer_text, answer_char, answer_bool, answer_int, answer_datetime, is_from_query) VALUES (1689, NULL, 19, 487, TRUE, 'Engineering', NULL, NULL, NULL, NULL, FALSE);
INSERT INTO forms_section_answer (id, copied_from_id, ordinal, question_id, is_immutable, answer_text, answer_char, answer_bool, answer_int, answer_datetime, is_from_query) VALUES (1690, NULL, 20, 487, TRUE, 'Foreign Language, Literatures, and Linguistics', NULL, NULL, NULL, NULL, FALSE);
INSERT INTO forms_section_answer (id, copied_from_id, ordinal, question_id, is_immutable, answer_text, answer_char, answer_bool, answer_int, answer_datetime, is_from_query) VALUES (1691, NULL, 21, 487, TRUE, 'Geography', NULL, NULL, NULL, NULL, FALSE);
INSERT INTO forms_section_answer (id, copied_from_id, ordinal, question_id, is_immutable, answer_text, answer_char, answer_bool, answer_int, answer_datetime, is_from_query) VALUES (1692, NULL, 22, 487, TRUE, 'History', NULL, NULL, NULL, NULL, FALSE);
INSERT INTO forms_section_answer (id, copied_from_id, ordinal, question_id, is_immutable, answer_text, answer_char, answer_bool, answer_int, answer_datetime, is_from_query) VALUES (1693, NULL, 23, 487, TRUE, 'International Relations', NULL, NULL, NULL, NULL, FALSE);
INSERT INTO forms_section_answer (id, copied_from_id, ordinal, question_id, is_immutable, answer_text, answer_char, answer_bool, answer_int, answer_datetime, is_from_query) VALUES (1694, NULL, 24, 487, TRUE, 'Journalism', NULL, NULL, NULL, NULL, FALSE);
INSERT INTO forms_section_answer (id, copied_from_id, ordinal, question_id, is_immutable, answer_text, answer_char, answer_bool, answer_int, answer_datetime, is_from_query) VALUES (1695, NULL, 25, 487, TRUE, 'Library Sciences', NULL, NULL, NULL, NULL, FALSE);
INSERT INTO forms_section_answer (id, copied_from_id, ordinal, question_id, is_immutable, answer_text, answer_char, answer_bool, answer_int, answer_datetime, is_from_query) VALUES (1696, NULL, 26, 487, TRUE, 'Mathematics', NULL, NULL, NULL, NULL, FALSE);
INSERT INTO forms_section_answer (id, copied_from_id, ordinal, question_id, is_immutable, answer_text, answer_char, answer_bool, answer_int, answer_datetime, is_from_query) VALUES (1697, NULL, 27, 487, TRUE, 'Philosophy', NULL, NULL, NULL, NULL, FALSE);
INSERT INTO forms_section_answer (id, copied_from_id, ordinal, question_id, is_immutable, answer_text, answer_char, answer_bool, answer_int, answer_datetime, is_from_query) VALUES (1698, NULL, 28, 487, TRUE, 'Physics & Astronomy', NULL, NULL, NULL, NULL, FALSE);
INSERT INTO forms_section_answer (id, copied_from_id, ordinal, question_id, is_immutable, answer_text, answer_char, answer_bool, answer_int, answer_datetime, is_from_query) VALUES (1699, NULL, 29, 487, TRUE, 'Political Science', NULL, NULL, NULL, NULL, FALSE);
INSERT INTO forms_section_answer (id, copied_from_id, ordinal, question_id, is_immutable, answer_text, answer_char, answer_bool, answer_int, answer_datetime, is_from_query) VALUES (1700, NULL, 30, 487, TRUE, 'Psychology', NULL, NULL, NULL, NULL, FALSE);
INSERT INTO forms_section_answer (id, copied_from_id, ordinal, question_id, is_immutable, answer_text, answer_char, answer_bool, answer_int, answer_datetime, is_from_query) VALUES (1701, NULL, 31, 487, TRUE, 'Religion / Theology', NULL, NULL, NULL, NULL, FALSE);
INSERT INTO forms_section_answer (id, copied_from_id, ordinal, question_id, is_immutable, answer_text, answer_char, answer_bool, answer_int, answer_datetime, is_from_query) VALUES (1702, NULL, 32, 487, TRUE, 'Sociology', NULL, NULL, NULL, NULL, FALSE);
INSERT INTO forms_section_answer (id, copied_from_id, ordinal, question_id, is_immutable, answer_text, answer_char, answer_bool, answer_int, answer_datetime, is_from_query) VALUES (1703, NULL, 33, 487, TRUE, 'Women''s and Gender Studies', NULL, NULL, NULL, NULL, FALSE);
INSERT INTO forms_section_answer (id, copied_from_id, ordinal, question_id, is_immutable, answer_text, answer_char, answer_bool, answer_int, answer_datetime, is_from_query) VALUES (1704, NULL, 1, 488, TRUE, 'Went to high school in Central Illinois', NULL, NULL, NULL, NULL, FALSE);
INSERT INTO forms_section_answer (id, copied_from_id, ordinal, question_id, is_immutable, answer_text, answer_char, answer_bool, answer_int, answer_datetime, is_from_query) VALUES (1705, NULL, 2, 488, TRUE, 'Had to change schools at some point and had to become the "new kid" all over again.', NULL, NULL, NULL, NULL, FALSE);
INSERT INTO forms_section_answer (id, copied_from_id, ordinal, question_id, is_immutable, answer_text, answer_char, answer_bool, answer_int, answer_datetime, is_from_query) VALUES (1706, NULL, 3, 488, TRUE, 'Grew up in another country', NULL, NULL, NULL, NULL, FALSE);
INSERT INTO forms_section_answer (id, copied_from_id, ordinal, question_id, is_immutable, answer_text, answer_char, answer_bool, answer_int, answer_datetime, is_from_query) VALUES (1707, NULL, 4, 488, TRUE, 'Was not a native English speaker', NULL, NULL, NULL, NULL, FALSE);
INSERT INTO forms_section_answer (id, copied_from_id, ordinal, question_id, is_immutable, answer_text, answer_char, answer_bool, answer_int, answer_datetime, is_from_query) VALUES (1708, NULL, 5, 488, TRUE, 'Worked a job while in high school', NULL, NULL, NULL, NULL, FALSE);
INSERT INTO forms_section_answer (id, copied_from_id, ordinal, question_id, is_immutable, answer_text, answer_char, answer_bool, answer_int, answer_datetime, is_from_query) VALUES (1709, NULL, 6, 488, TRUE, 'Helped to financially support family while in high school', NULL, NULL, NULL, NULL, FALSE);
INSERT INTO forms_section_answer (id, copied_from_id, ordinal, question_id, is_immutable, answer_text, answer_char, answer_bool, answer_int, answer_datetime, is_from_query) VALUES (1710, NULL, 7, 488, TRUE, 'Did not know what I wanted to do after high school', NULL, NULL, NULL, NULL, FALSE);
INSERT INTO forms_section_answer (id, copied_from_id, ordinal, question_id, is_immutable, answer_text, answer_char, answer_bool, answer_int, answer_datetime, is_from_query) VALUES (1711, NULL, 8, 488, TRUE, 'Had to take care of a sibling or family member while growing up', NULL, NULL, NULL, NULL, FALSE);
INSERT INTO forms_section_answer (id, copied_from_id, ordinal, question_id, is_immutable, answer_text, answer_char, answer_bool, answer_int, answer_datetime, is_from_query) VALUES (1712, NULL, 9, 488, TRUE, 'Grew up in a single-parent household', NULL, NULL, NULL, NULL, FALSE);
INSERT INTO forms_section_answer (id, copied_from_id, ordinal, question_id, is_immutable, answer_text, answer_char, answer_bool, answer_int, answer_datetime, is_from_query) VALUES (1713, NULL, 10, 488, TRUE, 'Was a high performing student', NULL, NULL, NULL, NULL, FALSE);
INSERT INTO forms_section_answer (id, copied_from_id, ordinal, question_id, is_immutable, answer_text, answer_char, answer_bool, answer_int, answer_datetime, is_from_query) VALUES (1714, NULL, 11, 488, TRUE, 'Was a low performing student', NULL, NULL, NULL, NULL, FALSE);
INSERT INTO forms_section_answer (id, copied_from_id, ordinal, question_id, is_immutable, answer_text, answer_char, answer_bool, answer_int, answer_datetime, is_from_query) VALUES (1715, NULL, 12, 488, TRUE, 'Got in trouble a lot during school', NULL, NULL, NULL, NULL, FALSE);
INSERT INTO forms_section_answer (id, copied_from_id, ordinal, question_id, is_immutable, answer_text, answer_char, answer_bool, answer_int, answer_datetime, is_from_query) VALUES (1716, NULL, 13, 488, TRUE, 'Was one of the more outgoing students in his/her school.', NULL, NULL, NULL, NULL, FALSE);
INSERT INTO forms_section_answer (id, copied_from_id, ordinal, question_id, is_immutable, answer_text, answer_char, answer_bool, answer_int, answer_datetime, is_from_query) VALUES (1717, NULL, 14, 488, TRUE, 'Was one of the more shy students in his/her school', NULL, NULL, NULL, NULL, FALSE);
INSERT INTO forms_section_answer (id, copied_from_id, ordinal, question_id, is_immutable, answer_text, answer_char, answer_bool, answer_int, answer_datetime, is_from_query) VALUES (1718, NULL, 15, 488, TRUE, 'Was bullied or had other social struggles', NULL, NULL, NULL, NULL, FALSE);
INSERT INTO forms_section_answer (id, copied_from_id, ordinal, question_id, is_immutable, answer_text, answer_char, answer_bool, answer_int, answer_datetime, is_from_query) VALUES (1719, NULL, 16, 488, TRUE, 'Had friends or family struggle with substance absuse/personally struggled with substance abuse or pressure to use', NULL, NULL, NULL, NULL, FALSE);
INSERT INTO forms_section_answer (id, copied_from_id, ordinal, question_id, is_immutable, answer_text, answer_char, answer_bool, answer_int, answer_datetime, is_from_query) VALUES (1720, NULL, 17, 488, TRUE, 'Identified as LGBTQ and/or had friends or family who identified as LGBTQ', NULL, NULL, NULL, NULL, FALSE);
INSERT INTO forms_section_answer (id, copied_from_id, ordinal, question_id, is_immutable, answer_text, answer_char, answer_bool, answer_int, answer_datetime, is_from_query) VALUES (1721, NULL, 18, 488, TRUE, 'Participated in sports', NULL, NULL, NULL, NULL, FALSE);
INSERT INTO forms_section_answer (id, copied_from_id, ordinal, question_id, is_immutable, answer_text, answer_char, answer_bool, answer_int, answer_datetime, is_from_query) VALUES (1722, NULL, 19, 488, TRUE, 'Participated in the arts (music, dance, theater)', NULL, NULL, NULL, NULL, FALSE);
INSERT INTO forms_section_answer (id, copied_from_id, ordinal, question_id, is_immutable, answer_text, answer_char, answer_bool, answer_int, answer_datetime, is_from_query) VALUES (1723, NULL, 20, 488, TRUE, 'Participated in Student Government', NULL, NULL, NULL, NULL, FALSE);
INSERT INTO forms_section_answer (id, copied_from_id, ordinal, question_id, is_immutable, answer_text, answer_char, answer_bool, answer_int, answer_datetime, is_from_query) VALUES (1724, NULL, 1, 489, TRUE, 'Any - No Preference', NULL, NULL, NULL, NULL, FALSE);
INSERT INTO forms_section_answer (id, copied_from_id, ordinal, question_id, is_immutable, answer_text, answer_char, answer_bool, answer_int, answer_datetime, is_from_query) VALUES (1725, NULL, 2, 489, TRUE, 'English', NULL, NULL, NULL, NULL, FALSE);
INSERT INTO forms_section_answer (id, copied_from_id, ordinal, question_id, is_immutable, answer_text, answer_char, answer_bool, answer_int, answer_datetime, is_from_query) VALUES (1726, NULL, 3, 489, TRUE, 'Math', NULL, NULL, NULL, NULL, FALSE);
INSERT INTO forms_section_answer (id, copied_from_id, ordinal, question_id, is_immutable, answer_text, answer_char, answer_bool, answer_int, answer_datetime, is_from_query) VALUES (1727, NULL, 4, 489, TRUE, 'Science', NULL, NULL, NULL, NULL, FALSE);
INSERT INTO forms_section_answer (id, copied_from_id, ordinal, question_id, is_immutable, answer_text, answer_char, answer_bool, answer_int, answer_datetime, is_from_query) VALUES (1728, NULL, 5, 489, TRUE, 'History', NULL, NULL, NULL, NULL, FALSE);
INSERT INTO forms_section_answer (id, copied_from_id, ordinal, question_id, is_immutable, answer_text, answer_char, answer_bool, answer_int, answer_datetime, is_from_query) VALUES (1729, NULL, 6, 489, TRUE, 'Computer Science', NULL, NULL, NULL, NULL, FALSE);
INSERT INTO forms_section_answer (id, copied_from_id, ordinal, question_id, is_immutable, answer_text, answer_char, answer_bool, answer_int, answer_datetime, is_from_query) VALUES (1730, NULL, 7, 489, TRUE, 'Art and/or Music', NULL, NULL, NULL, NULL, FALSE);
INSERT INTO forms_section_answer (id, copied_from_id, ordinal, question_id, is_immutable, answer_text, answer_char, answer_bool, answer_int, answer_datetime, is_from_query) VALUES (1731, NULL, 8, 489, TRUE, 'Learning how to speak English', NULL, NULL, NULL, NULL, FALSE);
INSERT INTO forms_section_answer (id, copied_from_id, ordinal, question_id, is_immutable, answer_text, answer_char, answer_bool, answer_int, answer_datetime, is_from_query) VALUES (1732, NULL, 1, 491, TRUE, 'Well Organized', NULL, NULL, NULL, NULL, FALSE);
INSERT INTO forms_section_answer (id, copied_from_id, ordinal, question_id, is_immutable, answer_text, answer_char, answer_bool, answer_int, answer_datetime, is_from_query) VALUES (1733, NULL, 2, 491, TRUE, 'Independent', NULL, NULL, NULL, NULL, FALSE);
INSERT INTO forms_section_answer (id, copied_from_id, ordinal, question_id, is_immutable, answer_text, answer_char, answer_bool, answer_int, answer_datetime, is_from_query) VALUES (1734, NULL, 3, 491, TRUE, 'Funny', NULL, NULL, NULL, NULL, FALSE);
INSERT INTO forms_section_answer (id, copied_from_id, ordinal, question_id, is_immutable, answer_text, answer_char, answer_bool, answer_int, answer_datetime, is_from_query) VALUES (1735, NULL, 4, 491, TRUE, 'Patient', NULL, NULL, NULL, NULL, FALSE);
INSERT INTO forms_section_answer (id, copied_from_id, ordinal, question_id, is_immutable, answer_text, answer_char, answer_bool, answer_int, answer_datetime, is_from_query) VALUES (1736, NULL, 5, 491, TRUE, 'Outgoing', NULL, NULL, NULL, NULL, FALSE);
INSERT INTO forms_section_answer (id, copied_from_id, ordinal, question_id, is_immutable, answer_text, answer_char, answer_bool, answer_int, answer_datetime, is_from_query) VALUES (1737, NULL, 6, 491, TRUE, 'Creative', NULL, NULL, NULL, NULL, FALSE);
INSERT INTO forms_section_answer (id, copied_from_id, ordinal, question_id, is_immutable, answer_text, answer_char, answer_bool, answer_int, answer_datetime, is_from_query) VALUES (1738, NULL, 7, 491, TRUE, 'Quiet', NULL, NULL, NULL, NULL, FALSE);
INSERT INTO forms_section_answer (id, copied_from_id, ordinal, question_id, is_immutable, answer_text, answer_char, answer_bool, answer_int, answer_datetime, is_from_query) VALUES (1739, NULL, 8, 491, TRUE, 'Serious', NULL, NULL, NULL, NULL, FALSE);
INSERT INTO forms_section_answer (id, copied_from_id, ordinal, question_id, is_immutable, answer_text, answer_char, answer_bool, answer_int, answer_datetime, is_from_query) VALUES (1740, NULL, 9, 491, TRUE, 'Perfectionist', NULL, NULL, NULL, NULL, FALSE);
INSERT INTO forms_section_answer (id, copied_from_id, ordinal, question_id, is_immutable, answer_text, answer_char, answer_bool, answer_int, answer_datetime, is_from_query) VALUES (1741, NULL, 10, 491, TRUE, 'Ambitious', NULL, NULL, NULL, NULL, FALSE);
INSERT INTO forms_section_answer (id, copied_from_id, ordinal, question_id, is_immutable, answer_text, answer_char, answer_bool, answer_int, answer_datetime, is_from_query) VALUES (1742, NULL, 11, 491, TRUE, 'Emotional', NULL, NULL, NULL, NULL, FALSE);
INSERT INTO forms_section_answer (id, copied_from_id, ordinal, question_id, is_immutable, answer_text, answer_char, answer_bool, answer_int, answer_datetime, is_from_query) VALUES (1743, NULL, 12, 491, TRUE, 'Competitive', NULL, NULL, NULL, NULL, FALSE);
INSERT INTO forms_section_answer (id, copied_from_id, ordinal, question_id, is_immutable, answer_text, answer_char, answer_bool, answer_int, answer_datetime, is_from_query) VALUES (1744, NULL, 13, 491, TRUE, 'Talkative', NULL, NULL, NULL, NULL, FALSE);
INSERT INTO forms_section_answer (id, copied_from_id, ordinal, question_id, is_immutable, answer_text, answer_char, answer_bool, answer_int, answer_datetime, is_from_query) VALUES (1745, NULL, 14, 491, TRUE, 'Open-minded', NULL, NULL, NULL, NULL, FALSE);
INSERT INTO forms_section_answer (id, copied_from_id, ordinal, question_id, is_immutable, answer_text, answer_char, answer_bool, answer_int, answer_datetime, is_from_query) VALUES (1746, NULL, 15, 491, TRUE, 'Spiritual', NULL, NULL, NULL, NULL, FALSE);
INSERT INTO forms_section_answer (id, copied_from_id, ordinal, question_id, is_immutable, answer_text, answer_char, answer_bool, answer_int, answer_datetime, is_from_query) VALUES (1747, NULL, 1, 492, TRUE, 'Parents got divorced / separated', NULL, NULL, NULL, NULL, FALSE);
INSERT INTO forms_section_answer (id, copied_from_id, ordinal, question_id, is_immutable, answer_text, answer_char, answer_bool, answer_int, answer_datetime, is_from_query) VALUES (1748, NULL, 2, 492, TRUE, 'Had difficulty getting along with family', NULL, NULL, NULL, NULL, FALSE);
INSERT INTO forms_section_answer (id, copied_from_id, ordinal, question_id, is_immutable, answer_text, answer_char, answer_bool, answer_int, answer_datetime, is_from_query) VALUES (1749, NULL, 3, 492, TRUE, 'Has children', NULL, NULL, NULL, NULL, FALSE);
INSERT INTO forms_section_answer (id, copied_from_id, ordinal, question_id, is_immutable, answer_text, answer_char, answer_bool, answer_int, answer_datetime, is_from_query) VALUES (1750, NULL, 4, 492, TRUE, 'Someone close has passed away', NULL, NULL, NULL, NULL, FALSE);
INSERT INTO forms_section_answer (id, copied_from_id, ordinal, question_id, is_immutable, answer_text, answer_char, answer_bool, answer_int, answer_datetime, is_from_query) VALUES (1751, NULL, 5, 492, TRUE, 'Traveled internationally', NULL, NULL, NULL, NULL, FALSE);
INSERT INTO forms_section_answer (id, copied_from_id, ordinal, question_id, is_immutable, answer_text, answer_char, answer_bool, answer_int, answer_datetime, is_from_query) VALUES (1752, NULL, 6, 492, TRUE, 'Speak language other than English', NULL, NULL, NULL, NULL, FALSE);
INSERT INTO forms_section_answer (id, copied_from_id, ordinal, question_id, is_immutable, answer_text, answer_char, answer_bool, answer_int, answer_datetime, is_from_query) VALUES (1753, NULL, 7, 492, TRUE, 'Began my college career in community college', NULL, NULL, NULL, NULL, FALSE);
INSERT INTO forms_section_answer (id, copied_from_id, ordinal, question_id, is_immutable, answer_text, answer_char, answer_bool, answer_int, answer_datetime, is_from_query) VALUES (1754, NULL, 8, 492, TRUE, 'Went to college close to home', NULL, NULL, NULL, NULL, FALSE);
INSERT INTO forms_section_answer (id, copied_from_id, ordinal, question_id, is_immutable, answer_text, answer_char, answer_bool, answer_int, answer_datetime, is_from_query) VALUES (1755, NULL, 9, 492, TRUE, 'Went to college far away from home', NULL, NULL, NULL, NULL, FALSE);
INSERT INTO forms_section_answer (id, copied_from_id, ordinal, question_id, is_immutable, answer_text, answer_char, answer_bool, answer_int, answer_datetime, is_from_query) VALUES (1756, NULL, 10, 492, TRUE, 'Did not know what I wanted to study in college at first', NULL, NULL, NULL, NULL, FALSE);
INSERT INTO forms_section_answer (id, copied_from_id, ordinal, question_id, is_immutable, answer_text, answer_char, answer_bool, answer_int, answer_datetime, is_from_query) VALUES (1757, NULL, 1, 493, TRUE, 'Dealing with academic challenges', NULL, NULL, NULL, NULL, FALSE);
INSERT INTO forms_section_answer (id, copied_from_id, ordinal, question_id, is_immutable, answer_text, answer_char, answer_bool, answer_int, answer_datetime, is_from_query) VALUES (1758, NULL, 2, 493, TRUE, 'Dealing with social challenges', NULL, NULL, NULL, NULL, FALSE);
INSERT INTO forms_section_answer (id, copied_from_id, ordinal, question_id, is_immutable, answer_text, answer_char, answer_bool, answer_int, answer_datetime, is_from_query) VALUES (1759, NULL, 3, 493, TRUE, 'Dealing with personal/emotional challenges', NULL, NULL, NULL, NULL, FALSE);
INSERT INTO forms_section_answer (id, copied_from_id, ordinal, question_id, is_immutable, answer_text, answer_char, answer_bool, answer_int, answer_datetime, is_from_query) VALUES (1760, NULL, 4, 493, TRUE, 'Dealing with friendship challenges', NULL, NULL, NULL, NULL, FALSE);
INSERT INTO forms_section_answer (id, copied_from_id, ordinal, question_id, is_immutable, answer_text, answer_char, answer_bool, answer_int, answer_datetime, is_from_query) VALUES (1761, NULL, 5, 493, TRUE, 'Dealing with family challenges', NULL, NULL, NULL, NULL, FALSE);
INSERT INTO forms_section_answer (id, copied_from_id, ordinal, question_id, is_immutable, answer_text, answer_char, answer_bool, answer_int, answer_datetime, is_from_query) VALUES (1762, NULL, 6, 493, TRUE, 'Dealing with health challenges', NULL, NULL, NULL, NULL, FALSE);
INSERT INTO forms_section_answer (id, copied_from_id, ordinal, question_id, is_immutable, answer_text, answer_char, answer_bool, answer_int, answer_datetime, is_from_query) VALUES (1763, NULL, 1, 494, TRUE, 'Go to the movies', NULL, NULL, NULL, NULL, FALSE);
INSERT INTO forms_section_answer (id, copied_from_id, ordinal, question_id, is_immutable, answer_text, answer_char, answer_bool, answer_int, answer_datetime, is_from_query) VALUES (1764, NULL, 2, 494, TRUE, 'Watch TV', NULL, NULL, NULL, NULL, FALSE);
INSERT INTO forms_section_answer (id, copied_from_id, ordinal, question_id, is_immutable, answer_text, answer_char, answer_bool, answer_int, answer_datetime, is_from_query) VALUES (1765, NULL, 3, 494, TRUE, 'Visit art/history museums', NULL, NULL, NULL, NULL, FALSE);
INSERT INTO forms_section_answer (id, copied_from_id, ordinal, question_id, is_immutable, answer_text, answer_char, answer_bool, answer_int, answer_datetime, is_from_query) VALUES (1766, NULL, 4, 494, TRUE, 'See live music', NULL, NULL, NULL, NULL, FALSE);
INSERT INTO forms_section_answer (id, copied_from_id, ordinal, question_id, is_immutable, answer_text, answer_char, answer_bool, answer_int, answer_datetime, is_from_query) VALUES (1767, NULL, 5, 494, TRUE, 'Perform in a band', NULL, NULL, NULL, NULL, FALSE);
INSERT INTO forms_section_answer (id, copied_from_id, ordinal, question_id, is_immutable, answer_text, answer_char, answer_bool, answer_int, answer_datetime, is_from_query) VALUES (1768, NULL, 6, 494, TRUE, 'Spend time outdoors like the beach, park, mountains, etc.', NULL, NULL, NULL, NULL, FALSE);
INSERT INTO forms_section_answer (id, copied_from_id, ordinal, question_id, is_immutable, answer_text, answer_char, answer_bool, answer_int, answer_datetime, is_from_query) VALUES (1769, NULL, 7, 494, TRUE, 'Watch sports', NULL, NULL, NULL, NULL, FALSE);
INSERT INTO forms_section_answer (id, copied_from_id, ordinal, question_id, is_immutable, answer_text, answer_char, answer_bool, answer_int, answer_datetime, is_from_query) VALUES (1770, NULL, 8, 494, TRUE, 'Play sports', NULL, NULL, NULL, NULL, FALSE);
INSERT INTO forms_section_answer (id, copied_from_id, ordinal, question_id, is_immutable, answer_text, answer_char, answer_bool, answer_int, answer_datetime, is_from_query) VALUES (1771, NULL, 9, 494, TRUE, 'Take classes like dance, art, music, yoga, etc.', NULL, NULL, NULL, NULL, FALSE);
INSERT INTO forms_section_answer (id, copied_from_id, ordinal, question_id, is_immutable, answer_text, answer_char, answer_bool, answer_int, answer_datetime, is_from_query) VALUES (1772, NULL, 10, 494, TRUE, 'Go out to eat', NULL, NULL, NULL, NULL, FALSE);
INSERT INTO forms_section_answer (id, copied_from_id, ordinal, question_id, is_immutable, answer_text, answer_char, answer_bool, answer_int, answer_datetime, is_from_query) VALUES (1773, NULL, 11, 494, TRUE, 'Go dancing', NULL, NULL, NULL, NULL, FALSE);
INSERT INTO forms_section_answer (id, copied_from_id, ordinal, question_id, is_immutable, answer_text, answer_char, answer_bool, answer_int, answer_datetime, is_from_query) VALUES (1774, NULL, 12, 494, TRUE, 'Have dinner with family and friends', NULL, NULL, NULL, NULL, FALSE);
INSERT INTO forms_section_answer (id, copied_from_id, ordinal, question_id, is_immutable, answer_text, answer_char, answer_bool, answer_int, answer_datetime, is_from_query) VALUES (1775, NULL, 13, 494, TRUE, 'Go shopping', NULL, NULL, NULL, NULL, FALSE);
INSERT INTO forms_section_answer (id, copied_from_id, ordinal, question_id, is_immutable, answer_text, answer_char, answer_bool, answer_int, answer_datetime, is_from_query) VALUES (1776, NULL, 14, 494, TRUE, 'Explore new places', NULL, NULL, NULL, NULL, FALSE);
INSERT INTO forms_section_answer (id, copied_from_id, ordinal, question_id, is_immutable, answer_text, answer_char, answer_bool, answer_int, answer_datetime, is_from_query) VALUES (1777, NULL, 15, 494, TRUE, 'Volunteer or do community service', NULL, NULL, NULL, NULL, FALSE);
INSERT INTO forms_section_answer (id, copied_from_id, ordinal, question_id, is_immutable, answer_text, answer_char, answer_bool, answer_int, answer_datetime, is_from_query) VALUES (1778, NULL, 16, 494, TRUE, 'Participate in religious activities', NULL, NULL, NULL, NULL, FALSE);
INSERT INTO forms_section_answer (id, copied_from_id, ordinal, question_id, is_immutable, answer_text, answer_char, answer_bool, answer_int, answer_datetime, is_from_query) VALUES (1779, NULL, 17, 494, TRUE, 'Go to the gym', NULL, NULL, NULL, NULL, FALSE);
INSERT INTO forms_section_answer (id, copied_from_id, ordinal, question_id, is_immutable, answer_text, answer_char, answer_bool, answer_int, answer_datetime, is_from_query) VALUES (1780, NULL, 18, 494, TRUE, 'Read books, articles, blogs, etc.', NULL, NULL, NULL, NULL, FALSE);
INSERT INTO forms_section_answer (id, copied_from_id, ordinal, question_id, is_immutable, answer_text, answer_char, answer_bool, answer_int, answer_datetime, is_from_query) VALUES (1781, NULL, 19, 494, TRUE, 'Play video games', NULL, NULL, NULL, NULL, FALSE);
INSERT INTO forms_section_answer (id, copied_from_id, ordinal, question_id, is_immutable, answer_text, answer_char, answer_bool, answer_int, answer_datetime, is_from_query) VALUES (1782, NULL, 20, 494, TRUE, 'Write in a journal, write poetry, blog, etc.', NULL, NULL, NULL, NULL, FALSE);
INSERT INTO forms_section_answer (id, copied_from_id, ordinal, question_id, is_immutable, answer_text, answer_char, answer_bool, answer_int, answer_datetime, is_from_query) VALUES (1783, NULL, 21, 494, TRUE, 'Take pictures', NULL, NULL, NULL, NULL, FALSE);
INSERT INTO forms_section_answer (id, copied_from_id, ordinal, question_id, is_immutable, answer_text, answer_char, answer_bool, answer_int, answer_datetime, is_from_query) VALUES (1784, NULL, 1, 482, TRUE, NULL, NULL, NULL, NULL, NULL, TRUE);
INSERT INTO forms_section_answer (id, copied_from_id, ordinal, question_id, is_immutable, answer_text, answer_char, answer_bool, answer_int, answer_datetime, is_from_query) VALUES (1785, NULL, 1, 483, TRUE, NULL, NULL, NULL, NULL, NULL, TRUE);
INSERT INTO forms_section_answer (id, copied_from_id, ordinal, question_id, is_immutable, answer_text, answer_char, answer_bool, answer_int, answer_datetime, is_from_query) VALUES (1786, NULL, 1, 497, TRUE, 'Yes', NULL, NULL, NULL, NULL, FALSE);
INSERT INTO forms_section_answer (id, copied_from_id, ordinal, question_id, is_immutable, answer_text, answer_char, answer_bool, answer_int, answer_datetime, is_from_query) VALUES (1787, NULL, 2, 497, TRUE, 'No', NULL, NULL, NULL, NULL, FALSE);
INSERT INTO forms_section_answer (id, copied_from_id, ordinal, question_id, is_immutable, answer_text, answer_char, answer_bool, answer_int, answer_datetime, is_from_query) VALUES (1788, NULL, 1, 499, TRUE, 'Yes', NULL, NULL, NULL, NULL, FALSE);
INSERT INTO forms_section_answer (id, copied_from_id, ordinal, question_id, is_immutable, answer_text, answer_char, answer_bool, answer_int, answer_datetime, is_from_query) VALUES (1789, NULL, 2, 499, TRUE, 'No', NULL, NULL, NULL, NULL, FALSE);
INSERT INTO forms_section_answer (id, copied_from_id, ordinal, question_id, is_immutable, answer_text, answer_char, answer_bool, answer_int, answer_datetime, is_from_query) VALUES (1790, NULL, 1, 501, TRUE, 'Yes', NULL, NULL, NULL, NULL, FALSE);
INSERT INTO forms_section_answer (id, copied_from_id, ordinal, question_id, is_immutable, answer_text, answer_char, answer_bool, answer_int, answer_datetime, is_from_query) VALUES (1791, NULL, 2, 501, TRUE, 'No', NULL, NULL, NULL, NULL, FALSE);

INSERT into forms_answer_dependency (id, question_id, and_or, dependent_on_answer_id_for_question_id, dependent_on_answer_value_for_question_id) VALUES (40, 458, 'OR', 1560, NULL);
INSERT into forms_answer_dependency (id, question_id, and_or, dependent_on_answer_id_for_question_id, dependent_on_answer_value_for_question_id) VALUES (41, 460, 'OR', 1562, NULL);
INSERT into forms_answer_dependency (id, question_id, and_or, dependent_on_answer_id_for_question_id, dependent_on_answer_value_for_question_id) VALUES (42, 462, 'OR', 1564, NULL);
INSERT into forms_answer_dependency (id, question_id, and_or, dependent_on_answer_id_for_question_id, dependent_on_answer_value_for_question_id) VALUES (43, 464, 'OR', 1566, NULL);
INSERT into forms_answer_dependency (id, question_id, and_or, dependent_on_answer_id_for_question_id, dependent_on_answer_value_for_question_id) VALUES (44, 473, 'OR', 1600, NULL);
INSERT into forms_answer_dependency (id, question_id, and_or, dependent_on_answer_id_for_question_id, dependent_on_answer_value_for_question_id) VALUES (45, 477, 'OR', 1604, NULL);
INSERT into forms_answer_dependency (id, question_id, and_or, dependent_on_answer_id_for_question_id, dependent_on_answer_value_for_question_id) VALUES (46, 478, 'OR', 1604, NULL);
INSERT into forms_answer_dependency (id, question_id, and_or, dependent_on_answer_id_for_question_id, dependent_on_answer_value_for_question_id) VALUES (47, 479, 'OR', 1604, NULL);
INSERT into forms_answer_dependency (id, question_id, and_or, dependent_on_answer_id_for_question_id, dependent_on_answer_value_for_question_id) VALUES (48, 498, 'OR', 1786, NULL);
INSERT into forms_answer_dependency (id, question_id, and_or, dependent_on_answer_id_for_question_id, dependent_on_answer_value_for_question_id) VALUES (49, 500, 'OR', 1788, NULL);
INSERT into forms_answer_dependency (id, question_id, and_or, dependent_on_answer_id_for_question_id, dependent_on_answer_value_for_question_id) VALUES (50, 502, 'OR', 1790, NULL);