INSERT into forms_form (id, copied_from_id, description) VALUES (12, NULL, 'Mentee Application');

INSERT into forms_form_member_site (id, member_site_id, form_id) VALUES (24, 247, 12);

INSERT into forms_form_role_can_modify (id, form_id, role_id_can_modify) VALUES (23, 12, 6);
INSERT into forms_form_role_can_modify (id, form_id, role_id_can_modify) VALUES (24, 12, 1);

INSERT into forms_form_role_can_answer (id, form_id, role_id_can_answer) VALUES (34, 12, 6);
INSERT into forms_form_role_can_answer (id, form_id, role_id_can_answer) VALUES (35, 12, 1);
INSERT into forms_form_role_can_answer (id, form_id, role_id_can_answer) VALUES (36, 12, 5);

INSERT into forms_section (id, copied_from_id, description, form_id) VALUES (40, NULL, 'Contact Information', 12);
INSERT into forms_section (id, copied_from_id, description, form_id) VALUES (41, NULL, 'Evaluation', 12);
INSERT into forms_section (id, copied_from_id, description, form_id) VALUES (42, NULL, 'Matching', 12);

INSERT into forms_section_question (id, copied_from_id, weighted_val, is_required, is_visible, is_immutable, dependent_on_question_id, dependent_on_noanswer_question_id, if_answered_goto_question, answer_matches_goto_question, section_id, ordinal, sub_ordinal, question_type, question_text) VALUES (815, NULL, 0, FALSE, TRUE, TRUE, NULL, NULL, NULL, NULL, 40, 1, 0, 15, E'Contact Information');
INSERT into forms_section_question (id, copied_from_id, weighted_val, is_required, is_visible, is_immutable, dependent_on_question_id, dependent_on_noanswer_question_id, if_answered_goto_question, answer_matches_goto_question, section_id, ordinal, sub_ordinal, question_type, question_text) VALUES (816, NULL, 0, TRUE, TRUE, TRUE, NULL, NULL, NULL, NULL, 40, 2, 0, 2, E'First Name');
INSERT into forms_section_question (id, copied_from_id, weighted_val, is_required, is_visible, is_immutable, dependent_on_question_id, dependent_on_noanswer_question_id, if_answered_goto_question, answer_matches_goto_question, section_id, ordinal, sub_ordinal, question_type, question_text) VALUES (817, NULL, 0, TRUE, TRUE, TRUE, NULL, NULL, NULL, NULL, 40, 3, 0, 2, E'Last Name');
INSERT into forms_section_question (id, copied_from_id, weighted_val, is_required, is_visible, is_immutable, dependent_on_question_id, dependent_on_noanswer_question_id, if_answered_goto_question, answer_matches_goto_question, section_id, ordinal, sub_ordinal, question_type, question_text) VALUES (818, NULL, 0, TRUE, TRUE, TRUE, NULL, NULL, NULL, NULL, 40, 4, 1, 3, E'Your Primary Phone Number');
INSERT into forms_section_question (id, copied_from_id, weighted_val, is_required, is_visible, is_immutable, dependent_on_question_id, dependent_on_noanswer_question_id, if_answered_goto_question, answer_matches_goto_question, section_id, ordinal, sub_ordinal, question_type, question_text) VALUES (819, NULL, 0, TRUE, TRUE, TRUE, NULL, NULL, NULL, NULL, 40, 4, 2, 5, E'Is this a cell phone?');
INSERT into forms_section_question (id, copied_from_id, weighted_val, is_required, is_visible, is_immutable, dependent_on_question_id, dependent_on_noanswer_question_id, if_answered_goto_question, answer_matches_goto_question, section_id, ordinal, sub_ordinal, question_type, question_text) VALUES (820, NULL, 0, FALSE, TRUE, TRUE, NULL, NULL, NULL, NULL, 40, 5, 1, 3, E'Your Secondary Phone Number');
INSERT into forms_section_question (id, copied_from_id, weighted_val, is_required, is_visible, is_immutable, dependent_on_question_id, dependent_on_noanswer_question_id, if_answered_goto_question, answer_matches_goto_question, section_id, ordinal, sub_ordinal, question_type, question_text) VALUES (821, NULL, 0, FALSE, TRUE, TRUE, NULL, NULL, NULL, NULL, 40, 5, 2, 5, E'Is this a cell phone?');
INSERT into forms_section_question (id, copied_from_id, weighted_val, is_required, is_visible, is_immutable, dependent_on_question_id, dependent_on_noanswer_question_id, if_answered_goto_question, answer_matches_goto_question, section_id, ordinal, sub_ordinal, question_type, question_text) VALUES (822, NULL, 0, TRUE, TRUE, TRUE, NULL, NULL, NULL, NULL, 40, 6, 0, 4, E'Home Address');
INSERT into forms_section_question (id, copied_from_id, weighted_val, is_required, is_visible, is_immutable, dependent_on_question_id, dependent_on_noanswer_question_id, if_answered_goto_question, answer_matches_goto_question, section_id, ordinal, sub_ordinal, question_type, question_text) VALUES (823, NULL, 0, FALSE, TRUE, TRUE, NULL, NULL, NULL, NULL, 40, 7, 0, 15, E'Contact Information for your Parent or Guardian');
INSERT into forms_section_question (id, copied_from_id, weighted_val, is_required, is_visible, is_immutable, dependent_on_question_id, dependent_on_noanswer_question_id, if_answered_goto_question, answer_matches_goto_question, section_id, ordinal, sub_ordinal, question_type, question_text) VALUES (824, NULL, 0, TRUE, TRUE, TRUE, NULL, NULL, NULL, NULL, 40, 8, 0, 2, E'Parent/Guardian First Name');
INSERT into forms_section_question (id, copied_from_id, weighted_val, is_required, is_visible, is_immutable, dependent_on_question_id, dependent_on_noanswer_question_id, if_answered_goto_question, answer_matches_goto_question, section_id, ordinal, sub_ordinal, question_type, question_text) VALUES (825, NULL, 0, TRUE, TRUE, TRUE, NULL, NULL, NULL, NULL, 40, 9, 0, 2, E'Parent/Guardian Last Name');
INSERT into forms_section_question (id, copied_from_id, weighted_val, is_required, is_visible, is_immutable, dependent_on_question_id, dependent_on_noanswer_question_id, if_answered_goto_question, answer_matches_goto_question, section_id, ordinal, sub_ordinal, question_type, question_text) VALUES (826, NULL, 0, TRUE, TRUE, TRUE, NULL, NULL, NULL, NULL, 40, 10, 1, 3, E'Parent/Guardian Primary Phone');
INSERT into forms_section_question (id, copied_from_id, weighted_val, is_required, is_visible, is_immutable, dependent_on_question_id, dependent_on_noanswer_question_id, if_answered_goto_question, answer_matches_goto_question, section_id, ordinal, sub_ordinal, question_type, question_text) VALUES (827, NULL, 0, TRUE, TRUE, TRUE, NULL, NULL, NULL, NULL, 40, 10, 2, 5, E'Is this a cell phone?');
INSERT into forms_section_question (id, copied_from_id, weighted_val, is_required, is_visible, is_immutable, dependent_on_question_id, dependent_on_noanswer_question_id, if_answered_goto_question, answer_matches_goto_question, section_id, ordinal, sub_ordinal, question_type, question_text) VALUES (828, NULL, 0, TRUE, TRUE, TRUE, NULL, NULL, NULL, NULL, 40, 11, 0, 4, E'Parent/Guardian''s Address');
INSERT into forms_section_question (id, copied_from_id, weighted_val, is_required, is_visible, is_immutable, dependent_on_question_id, dependent_on_noanswer_question_id, if_answered_goto_question, answer_matches_goto_question, section_id, ordinal, sub_ordinal, question_type, question_text) VALUES (829, NULL, 0, FALSE, TRUE, TRUE, NULL, NULL, NULL, NULL, 40, 12, 0, 15, E'Demographic Information');
INSERT into forms_section_question (id, copied_from_id, weighted_val, is_required, is_visible, is_immutable, dependent_on_question_id, dependent_on_noanswer_question_id, if_answered_goto_question, answer_matches_goto_question, section_id, ordinal, sub_ordinal, question_type, question_text) VALUES (830, NULL, 0, TRUE, TRUE, TRUE, NULL, NULL, NULL, NULL, 40, 13, 0, 14, E'What is your birthday?');
INSERT into forms_section_question (id, copied_from_id, weighted_val, is_required, is_visible, is_immutable, dependent_on_question_id, dependent_on_noanswer_question_id, if_answered_goto_question, answer_matches_goto_question, section_id, ordinal, sub_ordinal, question_type, question_text) VALUES (831, NULL, 0, TRUE, TRUE, TRUE, NULL, NULL, NULL, NULL, 40, 14, 0, 5, E'With which gender do you most closely identify?');
INSERT into forms_section_question (id, copied_from_id, weighted_val, is_required, is_visible, is_immutable, dependent_on_question_id, dependent_on_noanswer_question_id, if_answered_goto_question, answer_matches_goto_question, section_id, ordinal, sub_ordinal, question_type, question_text) VALUES (832, NULL, 0, TRUE, TRUE, TRUE, NULL, NULL, NULL, NULL, 40, 15, 0, 7, E'With which race or races do you identify? Check all that apply');
INSERT into forms_section_question (id, copied_from_id, weighted_val, is_required, is_visible, is_immutable, dependent_on_question_id, dependent_on_noanswer_question_id, if_answered_goto_question, answer_matches_goto_question, section_id, ordinal, sub_ordinal, question_type, question_text) VALUES (833, NULL, 0, FALSE, TRUE, TRUE, NULL, NULL, NULL, NULL, 40, 16, 0, 15, E'School Information');
INSERT into forms_section_question (id, copied_from_id, weighted_val, is_required, is_visible, is_immutable, dependent_on_question_id, dependent_on_noanswer_question_id, if_answered_goto_question, answer_matches_goto_question, section_id, ordinal, sub_ordinal, question_type, question_text) VALUES (834, NULL, 0, TRUE, TRUE, TRUE, NULL, NULL, NULL, NULL, 40, 17, 0, 13, E'Please select your school and class');
INSERT into forms_section_question (id, copied_from_id, weighted_val, is_required, is_visible, is_immutable, dependent_on_question_id, dependent_on_noanswer_question_id, if_answered_goto_question, answer_matches_goto_question, section_id, ordinal, sub_ordinal, question_type, question_text) VALUES (835, NULL, 0, TRUE, TRUE, TRUE, NULL, NULL, NULL, NULL, 41, 1, 0, 5, E'Before mentor2.0 Denver, had you ever been matched with a mentor through another program?');
INSERT into forms_section_question (id, copied_from_id, weighted_val, is_required, is_visible, is_immutable, dependent_on_question_id, dependent_on_noanswer_question_id, if_answered_goto_question, answer_matches_goto_question, section_id, ordinal, sub_ordinal, question_type, question_text) VALUES (836, NULL, 0, FALSE, TRUE, TRUE, 835, NULL, NULL, NULL, 41, 2, 0, 2, E'What was the name of the mentoring program?');
INSERT into forms_section_question (id, copied_from_id, weighted_val, is_required, is_visible, is_immutable, dependent_on_question_id, dependent_on_noanswer_question_id, if_answered_goto_question, answer_matches_goto_question, section_id, ordinal, sub_ordinal, question_type, question_text) VALUES (837, NULL, 0, FALSE, TRUE, TRUE, NULL, NULL, NULL, NULL, 41, 3, 0, 5, E'Were both of your parents born in the United States?');
INSERT into forms_section_question (id, copied_from_id, weighted_val, is_required, is_visible, is_immutable, dependent_on_question_id, dependent_on_noanswer_question_id, if_answered_goto_question, answer_matches_goto_question, section_id, ordinal, sub_ordinal, question_type, question_text) VALUES (838, NULL, 0, FALSE, TRUE, TRUE, NULL, NULL, NULL, NULL, 41, 4, 0, 5, E'Were you born in the United States?');
INSERT into forms_section_question (id, copied_from_id, weighted_val, is_required, is_visible, is_immutable, dependent_on_question_id, dependent_on_noanswer_question_id, if_answered_goto_question, answer_matches_goto_question, section_id, ordinal, sub_ordinal, question_type, question_text) VALUES (839, NULL, 0, FALSE, TRUE, TRUE, 838, NULL, NULL, NULL, 41, 5, 0, 9, E'Which country were you born?');
INSERT into forms_section_question (id, copied_from_id, weighted_val, is_required, is_visible, is_immutable, dependent_on_question_id, dependent_on_noanswer_question_id, if_answered_goto_question, answer_matches_goto_question, section_id, ordinal, sub_ordinal, question_type, question_text) VALUES (840, NULL, 0, TRUE, TRUE, TRUE, NULL, NULL, NULL, NULL, 41, 6, 0, 5, E'Do you qualify for Free or Reduced lunch at your school?');
INSERT into forms_section_question (id, copied_from_id, weighted_val, is_required, is_visible, is_immutable, dependent_on_question_id, dependent_on_noanswer_question_id, if_answered_goto_question, answer_matches_goto_question, section_id, ordinal, sub_ordinal, question_type, question_text) VALUES (841, NULL, 0, TRUE, TRUE, TRUE, NULL, NULL, NULL, NULL, 41, 7, 0, 6, E'What was the highest level of education that your mother received?');
INSERT into forms_section_question (id, copied_from_id, weighted_val, is_required, is_visible, is_immutable, dependent_on_question_id, dependent_on_noanswer_question_id, if_answered_goto_question, answer_matches_goto_question, section_id, ordinal, sub_ordinal, question_type, question_text) VALUES (842, NULL, 0, TRUE, TRUE, TRUE, NULL, NULL, NULL, NULL, 41, 8, 0, 6, E'What was the highest level of education that your father received?');
INSERT into forms_section_question (id, copied_from_id, weighted_val, is_required, is_visible, is_immutable, dependent_on_question_id, dependent_on_noanswer_question_id, if_answered_goto_question, answer_matches_goto_question, section_id, ordinal, sub_ordinal, question_type, question_text) VALUES (843, NULL, 0, FALSE, TRUE, TRUE, NULL, NULL, NULL, NULL, 41, 9, 0, 6, E'On a scale of one to five, rate yourself as a student. (Assume 5 is the best student you can possibly be)');
INSERT into forms_section_question (id, copied_from_id, weighted_val, is_required, is_visible, is_immutable, dependent_on_question_id, dependent_on_noanswer_question_id, if_answered_goto_question, answer_matches_goto_question, section_id, ordinal, sub_ordinal, question_type, question_text) VALUES (844, NULL, 0, FALSE, TRUE, TRUE, NULL, NULL, NULL, NULL, 41, 10, 0, 5, E'Do you have a computer, phone or another device at home with internet access that you can use?');
INSERT into forms_section_question (id, copied_from_id, weighted_val, is_required, is_visible, is_immutable, dependent_on_question_id, dependent_on_noanswer_question_id, if_answered_goto_question, answer_matches_goto_question, section_id, ordinal, sub_ordinal, question_type, question_text) VALUES (845, NULL, 0, FALSE, TRUE, TRUE, NULL, NULL, NULL, NULL, 42, 1, 0, 16, E'This page is all about what you want your mentor to be like and what you want your mentor to have experienced while they were growing up, going to college, and working in their career. Please think hard about what kind of mentor will be best for you. The more questions you answer on this page, the stronger your match will be!');
INSERT into forms_section_question (id, copied_from_id, weighted_val, is_required, is_visible, is_immutable, dependent_on_question_id, dependent_on_noanswer_question_id, if_answered_goto_question, answer_matches_goto_question, section_id, ordinal, sub_ordinal, question_type, question_text) VALUES (846, NULL, 0, FALSE, TRUE, TRUE, NULL, NULL, NULL, NULL, 42, 2, 0, 15, E'Career Interests');
INSERT into forms_section_question (id, copied_from_id, weighted_val, is_required, is_visible, is_immutable, dependent_on_question_id, dependent_on_noanswer_question_id, if_answered_goto_question, answer_matches_goto_question, section_id, ordinal, sub_ordinal, question_type, question_text) VALUES (847, NULL, 0, TRUE, TRUE, TRUE, NULL, NULL, NULL, NULL, 42, 3, 0, 17, E'Which one of the following careers and jobs are you most interested in?');
INSERT into forms_section_question (id, copied_from_id, weighted_val, is_required, is_visible, is_immutable, dependent_on_question_id, dependent_on_noanswer_question_id, if_answered_goto_question, answer_matches_goto_question, section_id, ordinal, sub_ordinal, question_type, question_text) VALUES (848, NULL, 0, TRUE, TRUE, TRUE, NULL, NULL, NULL, NULL, 42, 4, 0, 17, E'What other careers and jobs are you interested in?');
INSERT into forms_section_question (id, copied_from_id, weighted_val, is_required, is_visible, is_immutable, dependent_on_question_id, dependent_on_noanswer_question_id, if_answered_goto_question, answer_matches_goto_question, section_id, ordinal, sub_ordinal, question_type, question_text) VALUES (849, NULL, 0, TRUE, TRUE, TRUE, NULL, NULL, NULL, NULL, 42, 5, 0, 7, E'When you are matched with your mentor you may work on some of the following projects. Which are you most interested in working on with your mentor?');
INSERT into forms_section_question (id, copied_from_id, weighted_val, is_required, is_visible, is_immutable, dependent_on_question_id, dependent_on_noanswer_question_id, if_answered_goto_question, answer_matches_goto_question, section_id, ordinal, sub_ordinal, question_type, question_text) VALUES (850, NULL, 0, FALSE, TRUE, TRUE, NULL, NULL, NULL, NULL, 42, 6, 0, 15, E'Academic Interests');
INSERT into forms_section_question (id, copied_from_id, weighted_val, is_required, is_visible, is_immutable, dependent_on_question_id, dependent_on_noanswer_question_id, if_answered_goto_question, answer_matches_goto_question, section_id, ordinal, sub_ordinal, question_type, question_text) VALUES (851, NULL, 0, TRUE, TRUE, TRUE, NULL, NULL, NULL, NULL, 42, 7, 0, 7, E'Which subjects do you think you want to study in college?');
INSERT into forms_section_question (id, copied_from_id, weighted_val, is_required, is_visible, is_immutable, dependent_on_question_id, dependent_on_noanswer_question_id, if_answered_goto_question, answer_matches_goto_question, section_id, ordinal, sub_ordinal, question_type, question_text) VALUES (852, NULL, 0, TRUE, TRUE, TRUE, NULL, NULL, NULL, NULL, 42, 8, 0, 7, E'Even if you don''t want to major in them, what other academic subjects are you interested in? (Majors are you official, or primary area of study in college).');
INSERT into forms_section_question (id, copied_from_id, weighted_val, is_required, is_visible, is_immutable, dependent_on_question_id, dependent_on_noanswer_question_id, if_answered_goto_question, answer_matches_goto_question, section_id, ordinal, sub_ordinal, question_type, question_text) VALUES (853, NULL, 0, TRUE, TRUE, TRUE, NULL, NULL, NULL, NULL, 42, 9, 0, 7, E'Which of the following experiences would you like your mentor to have experienced in high school? (Check all that apply)');
INSERT into forms_section_question (id, copied_from_id, weighted_val, is_required, is_visible, is_immutable, dependent_on_question_id, dependent_on_noanswer_question_id, if_answered_goto_question, answer_matches_goto_question, section_id, ordinal, sub_ordinal, question_type, question_text) VALUES (854, NULL, 0, TRUE, TRUE, TRUE, NULL, NULL, NULL, NULL, 42, 10, 0, 7, E'In which of the following academic subjects would you want your mentor to be able to help you? (Check all that apply)');
INSERT into forms_section_question (id, copied_from_id, weighted_val, is_required, is_visible, is_immutable, dependent_on_question_id, dependent_on_noanswer_question_id, if_answered_goto_question, answer_matches_goto_question, section_id, ordinal, sub_ordinal, question_type, question_text) VALUES (855, NULL, 0, FALSE, TRUE, TRUE, NULL, NULL, NULL, NULL, 42, 11, 0, 15, E'Personal Interests');
INSERT into forms_section_question (id, copied_from_id, weighted_val, is_required, is_visible, is_immutable, dependent_on_question_id, dependent_on_noanswer_question_id, if_answered_goto_question, answer_matches_goto_question, section_id, ordinal, sub_ordinal, question_type, question_text) VALUES (856, NULL, 0, TRUE, TRUE, TRUE, NULL, NULL, NULL, NULL, 42, 12, 0, 7, E'Which of the following personality traits would you like your mentor to have?');
INSERT into forms_section_question (id, copied_from_id, weighted_val, is_required, is_visible, is_immutable, dependent_on_question_id, dependent_on_noanswer_question_id, if_answered_goto_question, answer_matches_goto_question, section_id, ordinal, sub_ordinal, question_type, question_text) VALUES (857, NULL, 0, TRUE, TRUE, TRUE, NULL, NULL, NULL, NULL, 42, 13, 0, 7, E'Which of the following life experiences would you like your mentor to have had?');
INSERT into forms_section_question (id, copied_from_id, weighted_val, is_required, is_visible, is_immutable, dependent_on_question_id, dependent_on_noanswer_question_id, if_answered_goto_question, answer_matches_goto_question, section_id, ordinal, sub_ordinal, question_type, question_text) VALUES (858, NULL, 0, TRUE, TRUE, TRUE, NULL, NULL, NULL, NULL, 42, 14, 0, 7, E'Are there any personal issues you would like to work on with your mentor?');
INSERT into forms_section_question (id, copied_from_id, weighted_val, is_required, is_visible, is_immutable, dependent_on_question_id, dependent_on_noanswer_question_id, if_answered_goto_question, answer_matches_goto_question, section_id, ordinal, sub_ordinal, question_type, question_text) VALUES (859, NULL, 0, TRUE, TRUE, TRUE, NULL, NULL, NULL, NULL, 42, 15, 0, 7, E'What are your favorite things to do in your free time?');
INSERT into forms_section_question (id, copied_from_id, weighted_val, is_required, is_visible, is_immutable, dependent_on_question_id, dependent_on_noanswer_question_id, if_answered_goto_question, answer_matches_goto_question, section_id, ordinal, sub_ordinal, question_type, question_text) VALUES (860, NULL, 0, TRUE, TRUE, TRUE, NULL, NULL, NULL, NULL, 42, 16, 0, 2, E'Please tell us a little bit about yourself that we couldn''t learn from the previous questions. What else do you think we should know in order to find you the best possible match? Tell us what makes you different from everyone else!');

INSERT INTO forms_section_answer (id, copied_from_id, ordinal, question_id, is_immutable, answer_text, answer_char, answer_bool, answer_int, answer_datetime, is_from_query) VALUES (2753, NULL, 1, 819, TRUE, 'Yes', NULL, NULL, NULL, NULL, FALSE);
INSERT INTO forms_section_answer (id, copied_from_id, ordinal, question_id, is_immutable, answer_text, answer_char, answer_bool, answer_int, answer_datetime, is_from_query) VALUES (2754, NULL, 2, 819, TRUE, 'No', NULL, NULL, NULL, NULL, FALSE);
INSERT INTO forms_section_answer (id, copied_from_id, ordinal, question_id, is_immutable, answer_text, answer_char, answer_bool, answer_int, answer_datetime, is_from_query) VALUES (2755, NULL, 1, 821, TRUE, 'Yes', NULL, NULL, NULL, NULL, FALSE);
INSERT INTO forms_section_answer (id, copied_from_id, ordinal, question_id, is_immutable, answer_text, answer_char, answer_bool, answer_int, answer_datetime, is_from_query) VALUES (2756, NULL, 2, 821, TRUE, 'No', NULL, NULL, NULL, NULL, FALSE);
INSERT INTO forms_section_answer (id, copied_from_id, ordinal, question_id, is_immutable, answer_text, answer_char, answer_bool, answer_int, answer_datetime, is_from_query) VALUES (2757, NULL, 1, 827, TRUE, 'Yes', NULL, NULL, NULL, NULL, FALSE);
INSERT INTO forms_section_answer (id, copied_from_id, ordinal, question_id, is_immutable, answer_text, answer_char, answer_bool, answer_int, answer_datetime, is_from_query) VALUES (2758, NULL, 2, 827, TRUE, 'No', NULL, NULL, NULL, NULL, FALSE);
INSERT INTO forms_section_answer (id, copied_from_id, ordinal, question_id, is_immutable, answer_text, answer_char, answer_bool, answer_int, answer_datetime, is_from_query) VALUES (2759, NULL, 1, 831, TRUE, 'Male', NULL, NULL, NULL, NULL, FALSE);
INSERT INTO forms_section_answer (id, copied_from_id, ordinal, question_id, is_immutable, answer_text, answer_char, answer_bool, answer_int, answer_datetime, is_from_query) VALUES (2760, NULL, 2, 831, TRUE, 'Female', NULL, NULL, NULL, NULL, FALSE);
INSERT INTO forms_section_answer (id, copied_from_id, ordinal, question_id, is_immutable, answer_text, answer_char, answer_bool, answer_int, answer_datetime, is_from_query) VALUES (2761, NULL, 1, 832, TRUE, 'Asian/Pacific Islander', NULL, NULL, NULL, NULL, FALSE);
INSERT INTO forms_section_answer (id, copied_from_id, ordinal, question_id, is_immutable, answer_text, answer_char, answer_bool, answer_int, answer_datetime, is_from_query) VALUES (2762, NULL, 2, 832, TRUE, 'Black/African American', NULL, NULL, NULL, NULL, FALSE);
INSERT INTO forms_section_answer (id, copied_from_id, ordinal, question_id, is_immutable, answer_text, answer_char, answer_bool, answer_int, answer_datetime, is_from_query) VALUES (2763, NULL, 3, 832, TRUE, 'Hispanic (may be of any race)', NULL, NULL, NULL, NULL, FALSE);
INSERT INTO forms_section_answer (id, copied_from_id, ordinal, question_id, is_immutable, answer_text, answer_char, answer_bool, answer_int, answer_datetime, is_from_query) VALUES (2764, NULL, 4, 832, TRUE, 'Native American (Aleutian Islander)', NULL, NULL, NULL, NULL, FALSE);
INSERT INTO forms_section_answer (id, copied_from_id, ordinal, question_id, is_immutable, answer_text, answer_char, answer_bool, answer_int, answer_datetime, is_from_query) VALUES (2765, NULL, 5, 832, TRUE, 'White (Non-Hispanic)', NULL, NULL, NULL, NULL, FALSE);
INSERT INTO forms_section_answer (id, copied_from_id, ordinal, question_id, is_immutable, answer_text, answer_char, answer_bool, answer_int, answer_datetime, is_from_query) VALUES (2766, NULL, 6, 832, TRUE, 'I identify with a race not listed here', NULL, NULL, NULL, NULL, FALSE);
INSERT INTO forms_section_answer (id, copied_from_id, ordinal, question_id, is_immutable, answer_text, answer_char, answer_bool, answer_int, answer_datetime, is_from_query) VALUES (2767, NULL, 7, 832, TRUE, 'I would prefer not to indicate my race', NULL, NULL, NULL, NULL, FALSE);
INSERT INTO forms_section_answer (id, copied_from_id, ordinal, question_id, is_immutable, answer_text, answer_char, answer_bool, answer_int, answer_datetime, is_from_query) VALUES (2768, NULL, 1, 834, TRUE, NULL, NULL, NULL, NULL, NULL, TRUE);
INSERT INTO forms_section_answer (id, copied_from_id, ordinal, question_id, is_immutable, answer_text, answer_char, answer_bool, answer_int, answer_datetime, is_from_query) VALUES (2769, NULL, 1, 835, TRUE, 'Yes', NULL, NULL, NULL, NULL, FALSE);
INSERT INTO forms_section_answer (id, copied_from_id, ordinal, question_id, is_immutable, answer_text, answer_char, answer_bool, answer_int, answer_datetime, is_from_query) VALUES (2770, NULL, 2, 835, TRUE, 'No', NULL, NULL, NULL, NULL, FALSE);
INSERT INTO forms_section_answer (id, copied_from_id, ordinal, question_id, is_immutable, answer_text, answer_char, answer_bool, answer_int, answer_datetime, is_from_query) VALUES (2771, NULL, 1, 837, TRUE, 'Yes', NULL, NULL, NULL, NULL, FALSE);
INSERT INTO forms_section_answer (id, copied_from_id, ordinal, question_id, is_immutable, answer_text, answer_char, answer_bool, answer_int, answer_datetime, is_from_query) VALUES (2772, NULL, 2, 837, TRUE, 'No', NULL, NULL, NULL, NULL, FALSE);
INSERT INTO forms_section_answer (id, copied_from_id, ordinal, question_id, is_immutable, answer_text, answer_char, answer_bool, answer_int, answer_datetime, is_from_query) VALUES (2773, NULL, 1, 838, TRUE, 'Yes', NULL, NULL, NULL, NULL, FALSE);
INSERT INTO forms_section_answer (id, copied_from_id, ordinal, question_id, is_immutable, answer_text, answer_char, answer_bool, answer_int, answer_datetime, is_from_query) VALUES (2774, NULL, 2, 838, TRUE, 'No', NULL, NULL, NULL, NULL, FALSE);
INSERT INTO forms_section_answer (id, copied_from_id, ordinal, question_id, is_immutable, answer_text, answer_char, answer_bool, answer_int, answer_datetime, is_from_query) VALUES (2775, NULL, 1, 840, TRUE, 'Yes', NULL, NULL, NULL, NULL, FALSE);
INSERT INTO forms_section_answer (id, copied_from_id, ordinal, question_id, is_immutable, answer_text, answer_char, answer_bool, answer_int, answer_datetime, is_from_query) VALUES (2776, NULL, 2, 840, TRUE, 'No', NULL, NULL, NULL, NULL, FALSE);
INSERT INTO forms_section_answer (id, copied_from_id, ordinal, question_id, is_immutable, answer_text, answer_char, answer_bool, answer_int, answer_datetime, is_from_query) VALUES (2777, NULL, 1, 841, TRUE, 'Did not finish high school', NULL, NULL, NULL, NULL, FALSE);
INSERT INTO forms_section_answer (id, copied_from_id, ordinal, question_id, is_immutable, answer_text, answer_char, answer_bool, answer_int, answer_datetime, is_from_query) VALUES (2778, NULL, 2, 841, TRUE, 'Finished high school', NULL, NULL, NULL, NULL, FALSE);
INSERT INTO forms_section_answer (id, copied_from_id, ordinal, question_id, is_immutable, answer_text, answer_char, answer_bool, answer_int, answer_datetime, is_from_query) VALUES (2779, NULL, 3, 841, TRUE, 'High school diploma', NULL, NULL, NULL, NULL, FALSE);
INSERT INTO forms_section_answer (id, copied_from_id, ordinal, question_id, is_immutable, answer_text, answer_char, answer_bool, answer_int, answer_datetime, is_from_query) VALUES (2780, NULL, 4, 841, TRUE, 'Went to college but did not graduate', NULL, NULL, NULL, NULL, FALSE);
INSERT INTO forms_section_answer (id, copied_from_id, ordinal, question_id, is_immutable, answer_text, answer_char, answer_bool, answer_int, answer_datetime, is_from_query) VALUES (2781, NULL, 5, 841, TRUE, 'Graduated from college', NULL, NULL, NULL, NULL, FALSE);
INSERT INTO forms_section_answer (id, copied_from_id, ordinal, question_id, is_immutable, answer_text, answer_char, answer_bool, answer_int, answer_datetime, is_from_query) VALUES (2782, NULL, 6, 841, TRUE, 'I don''t know', NULL, NULL, NULL, NULL, FALSE);
INSERT INTO forms_section_answer (id, copied_from_id, ordinal, question_id, is_immutable, answer_text, answer_char, answer_bool, answer_int, answer_datetime, is_from_query) VALUES (2783, NULL, 1, 842, TRUE, 'Did not finish high school', NULL, NULL, NULL, NULL, FALSE);
INSERT INTO forms_section_answer (id, copied_from_id, ordinal, question_id, is_immutable, answer_text, answer_char, answer_bool, answer_int, answer_datetime, is_from_query) VALUES (2784, NULL, 2, 842, TRUE, 'Finished high school', NULL, NULL, NULL, NULL, FALSE);
INSERT INTO forms_section_answer (id, copied_from_id, ordinal, question_id, is_immutable, answer_text, answer_char, answer_bool, answer_int, answer_datetime, is_from_query) VALUES (2785, NULL, 3, 842, TRUE, 'High school diploma', NULL, NULL, NULL, NULL, FALSE);
INSERT INTO forms_section_answer (id, copied_from_id, ordinal, question_id, is_immutable, answer_text, answer_char, answer_bool, answer_int, answer_datetime, is_from_query) VALUES (2786, NULL, 4, 842, TRUE, 'Went to college but did not graduate', NULL, NULL, NULL, NULL, FALSE);
INSERT INTO forms_section_answer (id, copied_from_id, ordinal, question_id, is_immutable, answer_text, answer_char, answer_bool, answer_int, answer_datetime, is_from_query) VALUES (2787, NULL, 5, 842, TRUE, 'Graduated from college', NULL, NULL, NULL, NULL, FALSE);
INSERT INTO forms_section_answer (id, copied_from_id, ordinal, question_id, is_immutable, answer_text, answer_char, answer_bool, answer_int, answer_datetime, is_from_query) VALUES (2788, NULL, 6, 842, TRUE, 'I don''t know', NULL, NULL, NULL, NULL, FALSE);
INSERT INTO forms_section_answer (id, copied_from_id, ordinal, question_id, is_immutable, answer_text, answer_char, answer_bool, answer_int, answer_datetime, is_from_query) VALUES (2789, NULL, 1, 843, TRUE, '1 - Very poor Student', NULL, NULL, NULL, NULL, FALSE);
INSERT INTO forms_section_answer (id, copied_from_id, ordinal, question_id, is_immutable, answer_text, answer_char, answer_bool, answer_int, answer_datetime, is_from_query) VALUES (2790, NULL, 2, 843, TRUE, '2', NULL, NULL, NULL, NULL, FALSE);
INSERT INTO forms_section_answer (id, copied_from_id, ordinal, question_id, is_immutable, answer_text, answer_char, answer_bool, answer_int, answer_datetime, is_from_query) VALUES (2791, NULL, 3, 843, TRUE, '3 - Average Student', NULL, NULL, NULL, NULL, FALSE);
INSERT INTO forms_section_answer (id, copied_from_id, ordinal, question_id, is_immutable, answer_text, answer_char, answer_bool, answer_int, answer_datetime, is_from_query) VALUES (2792, NULL, 4, 843, TRUE, '4', NULL, NULL, NULL, NULL, FALSE);
INSERT INTO forms_section_answer (id, copied_from_id, ordinal, question_id, is_immutable, answer_text, answer_char, answer_bool, answer_int, answer_datetime, is_from_query) VALUES (2793, NULL, 5, 843, TRUE, '5 - The best student I can possibly be', NULL, NULL, NULL, NULL, FALSE);
INSERT INTO forms_section_answer (id, copied_from_id, ordinal, question_id, is_immutable, answer_text, answer_char, answer_bool, answer_int, answer_datetime, is_from_query) VALUES (2794, NULL, 1, 844, TRUE, 'Yes', NULL, NULL, NULL, NULL, FALSE);
INSERT INTO forms_section_answer (id, copied_from_id, ordinal, question_id, is_immutable, answer_text, answer_char, answer_bool, answer_int, answer_datetime, is_from_query) VALUES (2795, NULL, 2, 844, TRUE, 'No', NULL, NULL, NULL, NULL, FALSE);
INSERT INTO forms_section_answer (id, copied_from_id, ordinal, question_id, is_immutable, answer_text, answer_char, answer_bool, answer_int, answer_datetime, is_from_query) VALUES (2796, NULL, 1, 839, TRUE, NULL, NULL, NULL, NULL, NULL, TRUE);
INSERT INTO forms_section_answer (id, copied_from_id, ordinal, question_id, is_immutable, answer_text, answer_char, answer_bool, answer_int, answer_datetime, is_from_query) VALUES (2797, NULL, 1, 849, TRUE, 'Any - No Preference', NULL, NULL, NULL, NULL, FALSE);
INSERT INTO forms_section_answer (id, copied_from_id, ordinal, question_id, is_immutable, answer_text, answer_char, answer_bool, answer_int, answer_datetime, is_from_query) VALUES (2798, NULL, 2, 849, TRUE, 'Writing a resume and cover letter', NULL, NULL, NULL, NULL, FALSE);
INSERT INTO forms_section_answer (id, copied_from_id, ordinal, question_id, is_immutable, answer_text, answer_char, answer_bool, answer_int, answer_datetime, is_from_query) VALUES (2799, NULL, 3, 849, TRUE, 'Getting a job while you are in high school', NULL, NULL, NULL, NULL, FALSE);
INSERT INTO forms_section_answer (id, copied_from_id, ordinal, question_id, is_immutable, answer_text, answer_char, answer_bool, answer_int, answer_datetime, is_from_query) VALUES (2800, NULL, 4, 849, TRUE, 'Getting an internship while you are in high school', NULL, NULL, NULL, NULL, FALSE);
INSERT INTO forms_section_answer (id, copied_from_id, ordinal, question_id, is_immutable, answer_text, answer_char, answer_bool, answer_int, answer_datetime, is_from_query) VALUES (2801, NULL, 5, 849, TRUE, 'Learning how to prepare for your career', NULL, NULL, NULL, NULL, FALSE);
INSERT INTO forms_section_answer (id, copied_from_id, ordinal, question_id, is_immutable, answer_text, answer_char, answer_bool, answer_int, answer_datetime, is_from_query) VALUES (2802, NULL, 1, 851, TRUE, 'Accounting', NULL, NULL, NULL, NULL, FALSE);
INSERT INTO forms_section_answer (id, copied_from_id, ordinal, question_id, is_immutable, answer_text, answer_char, answer_bool, answer_int, answer_datetime, is_from_query) VALUES (2803, NULL, 2, 851, TRUE, 'American Studies', NULL, NULL, NULL, NULL, FALSE);
INSERT INTO forms_section_answer (id, copied_from_id, ordinal, question_id, is_immutable, answer_text, answer_char, answer_bool, answer_int, answer_datetime, is_from_query) VALUES (2804, NULL, 3, 851, TRUE, 'Anthropology', NULL, NULL, NULL, NULL, FALSE);
INSERT INTO forms_section_answer (id, copied_from_id, ordinal, question_id, is_immutable, answer_text, answer_char, answer_bool, answer_int, answer_datetime, is_from_query) VALUES (2805, NULL, 4, 851, TRUE, 'Architecture', NULL, NULL, NULL, NULL, FALSE);
INSERT INTO forms_section_answer (id, copied_from_id, ordinal, question_id, is_immutable, answer_text, answer_char, answer_bool, answer_int, answer_datetime, is_from_query) VALUES (2806, NULL, 5, 851, TRUE, 'Art History', NULL, NULL, NULL, NULL, FALSE);
INSERT INTO forms_section_answer (id, copied_from_id, ordinal, question_id, is_immutable, answer_text, answer_char, answer_bool, answer_int, answer_datetime, is_from_query) VALUES (2807, NULL, 6, 851, TRUE, 'Art Studio', NULL, NULL, NULL, NULL, FALSE);
INSERT INTO forms_section_answer (id, copied_from_id, ordinal, question_id, is_immutable, answer_text, answer_char, answer_bool, answer_int, answer_datetime, is_from_query) VALUES (2808, NULL, 7, 851, TRUE, 'Biochemistry', NULL, NULL, NULL, NULL, FALSE);
INSERT INTO forms_section_answer (id, copied_from_id, ordinal, question_id, is_immutable, answer_text, answer_char, answer_bool, answer_int, answer_datetime, is_from_query) VALUES (2809, NULL, 8, 851, TRUE, 'Biology', NULL, NULL, NULL, NULL, FALSE);
INSERT INTO forms_section_answer (id, copied_from_id, ordinal, question_id, is_immutable, answer_text, answer_char, answer_bool, answer_int, answer_datetime, is_from_query) VALUES (2810, NULL, 9, 851, TRUE, 'Biophysics', NULL, NULL, NULL, NULL, FALSE);
INSERT INTO forms_section_answer (id, copied_from_id, ordinal, question_id, is_immutable, answer_text, answer_char, answer_bool, answer_int, answer_datetime, is_from_query) VALUES (2811, NULL, 10, 851, TRUE, 'Business Administration', NULL, NULL, NULL, NULL, FALSE);
INSERT INTO forms_section_answer (id, copied_from_id, ordinal, question_id, is_immutable, answer_text, answer_char, answer_bool, answer_int, answer_datetime, is_from_query) VALUES (2812, NULL, 11, 851, TRUE, 'Chemistry', NULL, NULL, NULL, NULL, FALSE);
INSERT INTO forms_section_answer (id, copied_from_id, ordinal, question_id, is_immutable, answer_text, answer_char, answer_bool, answer_int, answer_datetime, is_from_query) VALUES (2813, NULL, 12, 851, TRUE, 'Classics (Greek / Latin)', NULL, NULL, NULL, NULL, FALSE);
INSERT INTO forms_section_answer (id, copied_from_id, ordinal, question_id, is_immutable, answer_text, answer_char, answer_bool, answer_int, answer_datetime, is_from_query) VALUES (2814, NULL, 13, 851, TRUE, 'Communication', NULL, NULL, NULL, NULL, FALSE);
INSERT INTO forms_section_answer (id, copied_from_id, ordinal, question_id, is_immutable, answer_text, answer_char, answer_bool, answer_int, answer_datetime, is_from_query) VALUES (2815, NULL, 14, 851, TRUE, 'Computer Science', NULL, NULL, NULL, NULL, FALSE);
INSERT INTO forms_section_answer (id, copied_from_id, ordinal, question_id, is_immutable, answer_text, answer_char, answer_bool, answer_int, answer_datetime, is_from_query) VALUES (2816, NULL, 15, 851, TRUE, 'Criminal Justice', NULL, NULL, NULL, NULL, FALSE);
INSERT INTO forms_section_answer (id, copied_from_id, ordinal, question_id, is_immutable, answer_text, answer_char, answer_bool, answer_int, answer_datetime, is_from_query) VALUES (2817, NULL, 16, 851, TRUE, 'Economics', NULL, NULL, NULL, NULL, FALSE);
INSERT INTO forms_section_answer (id, copied_from_id, ordinal, question_id, is_immutable, answer_text, answer_char, answer_bool, answer_int, answer_datetime, is_from_query) VALUES (2818, NULL, 17, 851, TRUE, 'Education (Teaching)', NULL, NULL, NULL, NULL, FALSE);
INSERT INTO forms_section_answer (id, copied_from_id, ordinal, question_id, is_immutable, answer_text, answer_char, answer_bool, answer_int, answer_datetime, is_from_query) VALUES (2819, NULL, 18, 851, TRUE, 'English', NULL, NULL, NULL, NULL, FALSE);
INSERT INTO forms_section_answer (id, copied_from_id, ordinal, question_id, is_immutable, answer_text, answer_char, answer_bool, answer_int, answer_datetime, is_from_query) VALUES (2820, NULL, 19, 851, TRUE, 'Engineering', NULL, NULL, NULL, NULL, FALSE);
INSERT INTO forms_section_answer (id, copied_from_id, ordinal, question_id, is_immutable, answer_text, answer_char, answer_bool, answer_int, answer_datetime, is_from_query) VALUES (2821, NULL, 20, 851, TRUE, 'Foreign Language, Literatures, and Linguistics', NULL, NULL, NULL, NULL, FALSE);
INSERT INTO forms_section_answer (id, copied_from_id, ordinal, question_id, is_immutable, answer_text, answer_char, answer_bool, answer_int, answer_datetime, is_from_query) VALUES (2822, NULL, 21, 851, TRUE, 'Geography', NULL, NULL, NULL, NULL, FALSE);
INSERT INTO forms_section_answer (id, copied_from_id, ordinal, question_id, is_immutable, answer_text, answer_char, answer_bool, answer_int, answer_datetime, is_from_query) VALUES (2823, NULL, 22, 851, TRUE, 'History', NULL, NULL, NULL, NULL, FALSE);
INSERT INTO forms_section_answer (id, copied_from_id, ordinal, question_id, is_immutable, answer_text, answer_char, answer_bool, answer_int, answer_datetime, is_from_query) VALUES (2824, NULL, 23, 851, TRUE, 'International Relations', NULL, NULL, NULL, NULL, FALSE);
INSERT INTO forms_section_answer (id, copied_from_id, ordinal, question_id, is_immutable, answer_text, answer_char, answer_bool, answer_int, answer_datetime, is_from_query) VALUES (2825, NULL, 24, 851, TRUE, 'Journalism', NULL, NULL, NULL, NULL, FALSE);
INSERT INTO forms_section_answer (id, copied_from_id, ordinal, question_id, is_immutable, answer_text, answer_char, answer_bool, answer_int, answer_datetime, is_from_query) VALUES (2826, NULL, 25, 851, TRUE, 'Library Sciences', NULL, NULL, NULL, NULL, FALSE);
INSERT INTO forms_section_answer (id, copied_from_id, ordinal, question_id, is_immutable, answer_text, answer_char, answer_bool, answer_int, answer_datetime, is_from_query) VALUES (2827, NULL, 26, 851, TRUE, 'Mathematics', NULL, NULL, NULL, NULL, FALSE);
INSERT INTO forms_section_answer (id, copied_from_id, ordinal, question_id, is_immutable, answer_text, answer_char, answer_bool, answer_int, answer_datetime, is_from_query) VALUES (2828, NULL, 27, 851, TRUE, 'Philosophy', NULL, NULL, NULL, NULL, FALSE);
INSERT INTO forms_section_answer (id, copied_from_id, ordinal, question_id, is_immutable, answer_text, answer_char, answer_bool, answer_int, answer_datetime, is_from_query) VALUES (2829, NULL, 28, 851, TRUE, 'Physics & Astronomy', NULL, NULL, NULL, NULL, FALSE);
INSERT INTO forms_section_answer (id, copied_from_id, ordinal, question_id, is_immutable, answer_text, answer_char, answer_bool, answer_int, answer_datetime, is_from_query) VALUES (2830, NULL, 29, 851, TRUE, 'Political Science', NULL, NULL, NULL, NULL, FALSE);
INSERT INTO forms_section_answer (id, copied_from_id, ordinal, question_id, is_immutable, answer_text, answer_char, answer_bool, answer_int, answer_datetime, is_from_query) VALUES (2831, NULL, 30, 851, TRUE, 'Psychology', NULL, NULL, NULL, NULL, FALSE);
INSERT INTO forms_section_answer (id, copied_from_id, ordinal, question_id, is_immutable, answer_text, answer_char, answer_bool, answer_int, answer_datetime, is_from_query) VALUES (2832, NULL, 31, 851, TRUE, 'Religion / Theology', NULL, NULL, NULL, NULL, FALSE);
INSERT INTO forms_section_answer (id, copied_from_id, ordinal, question_id, is_immutable, answer_text, answer_char, answer_bool, answer_int, answer_datetime, is_from_query) VALUES (2833, NULL, 32, 851, TRUE, 'Sociology', NULL, NULL, NULL, NULL, FALSE);
INSERT INTO forms_section_answer (id, copied_from_id, ordinal, question_id, is_immutable, answer_text, answer_char, answer_bool, answer_int, answer_datetime, is_from_query) VALUES (2834, NULL, 33, 851, TRUE, 'Women''s and Gender Studies', NULL, NULL, NULL, NULL, FALSE);
INSERT INTO forms_section_answer (id, copied_from_id, ordinal, question_id, is_immutable, answer_text, answer_char, answer_bool, answer_int, answer_datetime, is_from_query) VALUES (2835, NULL, 1, 852, TRUE, 'Accounting', NULL, NULL, NULL, NULL, FALSE);
INSERT INTO forms_section_answer (id, copied_from_id, ordinal, question_id, is_immutable, answer_text, answer_char, answer_bool, answer_int, answer_datetime, is_from_query) VALUES (2836, NULL, 2, 852, TRUE, 'American Studies', NULL, NULL, NULL, NULL, FALSE);
INSERT INTO forms_section_answer (id, copied_from_id, ordinal, question_id, is_immutable, answer_text, answer_char, answer_bool, answer_int, answer_datetime, is_from_query) VALUES (2837, NULL, 3, 852, TRUE, 'Anthropology', NULL, NULL, NULL, NULL, FALSE);
INSERT INTO forms_section_answer (id, copied_from_id, ordinal, question_id, is_immutable, answer_text, answer_char, answer_bool, answer_int, answer_datetime, is_from_query) VALUES (2838, NULL, 4, 852, TRUE, 'Architecture', NULL, NULL, NULL, NULL, FALSE);
INSERT INTO forms_section_answer (id, copied_from_id, ordinal, question_id, is_immutable, answer_text, answer_char, answer_bool, answer_int, answer_datetime, is_from_query) VALUES (2839, NULL, 5, 852, TRUE, 'Art History', NULL, NULL, NULL, NULL, FALSE);
INSERT INTO forms_section_answer (id, copied_from_id, ordinal, question_id, is_immutable, answer_text, answer_char, answer_bool, answer_int, answer_datetime, is_from_query) VALUES (2840, NULL, 6, 852, TRUE, 'Art Studio', NULL, NULL, NULL, NULL, FALSE);
INSERT INTO forms_section_answer (id, copied_from_id, ordinal, question_id, is_immutable, answer_text, answer_char, answer_bool, answer_int, answer_datetime, is_from_query) VALUES (2841, NULL, 7, 852, TRUE, 'Biochemistry', NULL, NULL, NULL, NULL, FALSE);
INSERT INTO forms_section_answer (id, copied_from_id, ordinal, question_id, is_immutable, answer_text, answer_char, answer_bool, answer_int, answer_datetime, is_from_query) VALUES (2842, NULL, 8, 852, TRUE, 'Biology', NULL, NULL, NULL, NULL, FALSE);
INSERT INTO forms_section_answer (id, copied_from_id, ordinal, question_id, is_immutable, answer_text, answer_char, answer_bool, answer_int, answer_datetime, is_from_query) VALUES (2843, NULL, 9, 852, TRUE, 'Biophysics', NULL, NULL, NULL, NULL, FALSE);
INSERT INTO forms_section_answer (id, copied_from_id, ordinal, question_id, is_immutable, answer_text, answer_char, answer_bool, answer_int, answer_datetime, is_from_query) VALUES (2844, NULL, 10, 852, TRUE, 'Business Administration', NULL, NULL, NULL, NULL, FALSE);
INSERT INTO forms_section_answer (id, copied_from_id, ordinal, question_id, is_immutable, answer_text, answer_char, answer_bool, answer_int, answer_datetime, is_from_query) VALUES (2845, NULL, 11, 852, TRUE, 'Chemistry', NULL, NULL, NULL, NULL, FALSE);
INSERT INTO forms_section_answer (id, copied_from_id, ordinal, question_id, is_immutable, answer_text, answer_char, answer_bool, answer_int, answer_datetime, is_from_query) VALUES (2846, NULL, 12, 852, TRUE, 'Classics (Greek / Latin)', NULL, NULL, NULL, NULL, FALSE);
INSERT INTO forms_section_answer (id, copied_from_id, ordinal, question_id, is_immutable, answer_text, answer_char, answer_bool, answer_int, answer_datetime, is_from_query) VALUES (2847, NULL, 13, 852, TRUE, 'Communication', NULL, NULL, NULL, NULL, FALSE);
INSERT INTO forms_section_answer (id, copied_from_id, ordinal, question_id, is_immutable, answer_text, answer_char, answer_bool, answer_int, answer_datetime, is_from_query) VALUES (2848, NULL, 14, 852, TRUE, 'Computer Science', NULL, NULL, NULL, NULL, FALSE);
INSERT INTO forms_section_answer (id, copied_from_id, ordinal, question_id, is_immutable, answer_text, answer_char, answer_bool, answer_int, answer_datetime, is_from_query) VALUES (2849, NULL, 15, 852, TRUE, 'Criminal Justice', NULL, NULL, NULL, NULL, FALSE);
INSERT INTO forms_section_answer (id, copied_from_id, ordinal, question_id, is_immutable, answer_text, answer_char, answer_bool, answer_int, answer_datetime, is_from_query) VALUES (2850, NULL, 16, 852, TRUE, 'Economics', NULL, NULL, NULL, NULL, FALSE);
INSERT INTO forms_section_answer (id, copied_from_id, ordinal, question_id, is_immutable, answer_text, answer_char, answer_bool, answer_int, answer_datetime, is_from_query) VALUES (2851, NULL, 17, 852, TRUE, 'Education (Teaching)', NULL, NULL, NULL, NULL, FALSE);
INSERT INTO forms_section_answer (id, copied_from_id, ordinal, question_id, is_immutable, answer_text, answer_char, answer_bool, answer_int, answer_datetime, is_from_query) VALUES (2852, NULL, 18, 852, TRUE, 'English', NULL, NULL, NULL, NULL, FALSE);
INSERT INTO forms_section_answer (id, copied_from_id, ordinal, question_id, is_immutable, answer_text, answer_char, answer_bool, answer_int, answer_datetime, is_from_query) VALUES (2853, NULL, 19, 852, TRUE, 'Engineering', NULL, NULL, NULL, NULL, FALSE);
INSERT INTO forms_section_answer (id, copied_from_id, ordinal, question_id, is_immutable, answer_text, answer_char, answer_bool, answer_int, answer_datetime, is_from_query) VALUES (2854, NULL, 20, 852, TRUE, 'Foreign Language, Literatures, and Linguistics', NULL, NULL, NULL, NULL, FALSE);
INSERT INTO forms_section_answer (id, copied_from_id, ordinal, question_id, is_immutable, answer_text, answer_char, answer_bool, answer_int, answer_datetime, is_from_query) VALUES (2855, NULL, 21, 852, TRUE, 'Geography', NULL, NULL, NULL, NULL, FALSE);
INSERT INTO forms_section_answer (id, copied_from_id, ordinal, question_id, is_immutable, answer_text, answer_char, answer_bool, answer_int, answer_datetime, is_from_query) VALUES (2856, NULL, 22, 852, TRUE, 'History', NULL, NULL, NULL, NULL, FALSE);
INSERT INTO forms_section_answer (id, copied_from_id, ordinal, question_id, is_immutable, answer_text, answer_char, answer_bool, answer_int, answer_datetime, is_from_query) VALUES (2857, NULL, 23, 852, TRUE, 'International Relations', NULL, NULL, NULL, NULL, FALSE);
INSERT INTO forms_section_answer (id, copied_from_id, ordinal, question_id, is_immutable, answer_text, answer_char, answer_bool, answer_int, answer_datetime, is_from_query) VALUES (2858, NULL, 24, 852, TRUE, 'Journalism', NULL, NULL, NULL, NULL, FALSE);
INSERT INTO forms_section_answer (id, copied_from_id, ordinal, question_id, is_immutable, answer_text, answer_char, answer_bool, answer_int, answer_datetime, is_from_query) VALUES (2859, NULL, 25, 852, TRUE, 'Library Sciences', NULL, NULL, NULL, NULL, FALSE);
INSERT INTO forms_section_answer (id, copied_from_id, ordinal, question_id, is_immutable, answer_text, answer_char, answer_bool, answer_int, answer_datetime, is_from_query) VALUES (2860, NULL, 26, 852, TRUE, 'Mathematics', NULL, NULL, NULL, NULL, FALSE);
INSERT INTO forms_section_answer (id, copied_from_id, ordinal, question_id, is_immutable, answer_text, answer_char, answer_bool, answer_int, answer_datetime, is_from_query) VALUES (2861, NULL, 27, 852, TRUE, 'Philosophy', NULL, NULL, NULL, NULL, FALSE);
INSERT INTO forms_section_answer (id, copied_from_id, ordinal, question_id, is_immutable, answer_text, answer_char, answer_bool, answer_int, answer_datetime, is_from_query) VALUES (2862, NULL, 28, 852, TRUE, 'Physics & Astronomy', NULL, NULL, NULL, NULL, FALSE);
INSERT INTO forms_section_answer (id, copied_from_id, ordinal, question_id, is_immutable, answer_text, answer_char, answer_bool, answer_int, answer_datetime, is_from_query) VALUES (2863, NULL, 29, 852, TRUE, 'Political Science', NULL, NULL, NULL, NULL, FALSE);
INSERT INTO forms_section_answer (id, copied_from_id, ordinal, question_id, is_immutable, answer_text, answer_char, answer_bool, answer_int, answer_datetime, is_from_query) VALUES (2864, NULL, 30, 852, TRUE, 'Psychology', NULL, NULL, NULL, NULL, FALSE);
INSERT INTO forms_section_answer (id, copied_from_id, ordinal, question_id, is_immutable, answer_text, answer_char, answer_bool, answer_int, answer_datetime, is_from_query) VALUES (2865, NULL, 31, 852, TRUE, 'Religion / Theology', NULL, NULL, NULL, NULL, FALSE);
INSERT INTO forms_section_answer (id, copied_from_id, ordinal, question_id, is_immutable, answer_text, answer_char, answer_bool, answer_int, answer_datetime, is_from_query) VALUES (2866, NULL, 32, 852, TRUE, 'Sociology', NULL, NULL, NULL, NULL, FALSE);
INSERT INTO forms_section_answer (id, copied_from_id, ordinal, question_id, is_immutable, answer_text, answer_char, answer_bool, answer_int, answer_datetime, is_from_query) VALUES (2867, NULL, 33, 852, TRUE, 'Women''s and Gender Studies', NULL, NULL, NULL, NULL, FALSE);
INSERT INTO forms_section_answer (id, copied_from_id, ordinal, question_id, is_immutable, answer_text, answer_char, answer_bool, answer_int, answer_datetime, is_from_query) VALUES (2868, NULL, 1, 853, TRUE, 'Went to high school in Denver', NULL, NULL, NULL, NULL, FALSE);
INSERT INTO forms_section_answer (id, copied_from_id, ordinal, question_id, is_immutable, answer_text, answer_char, answer_bool, answer_int, answer_datetime, is_from_query) VALUES (2869, NULL, 2, 853, TRUE, 'Had to change schools at some point and had to become the "new kid" all over again.', NULL, NULL, NULL, NULL, FALSE);
INSERT INTO forms_section_answer (id, copied_from_id, ordinal, question_id, is_immutable, answer_text, answer_char, answer_bool, answer_int, answer_datetime, is_from_query) VALUES (2870, NULL, 3, 853, TRUE, 'Grew up in another country', NULL, NULL, NULL, NULL, FALSE);
INSERT INTO forms_section_answer (id, copied_from_id, ordinal, question_id, is_immutable, answer_text, answer_char, answer_bool, answer_int, answer_datetime, is_from_query) VALUES (2871, NULL, 4, 853, TRUE, 'Was not a native English speaker', NULL, NULL, NULL, NULL, FALSE);
INSERT INTO forms_section_answer (id, copied_from_id, ordinal, question_id, is_immutable, answer_text, answer_char, answer_bool, answer_int, answer_datetime, is_from_query) VALUES (2872, NULL, 5, 853, TRUE, 'Worked a job while in high school', NULL, NULL, NULL, NULL, FALSE);
INSERT INTO forms_section_answer (id, copied_from_id, ordinal, question_id, is_immutable, answer_text, answer_char, answer_bool, answer_int, answer_datetime, is_from_query) VALUES (2873, NULL, 6, 853, TRUE, 'Helped to financially support family while in high school', NULL, NULL, NULL, NULL, FALSE);
INSERT INTO forms_section_answer (id, copied_from_id, ordinal, question_id, is_immutable, answer_text, answer_char, answer_bool, answer_int, answer_datetime, is_from_query) VALUES (2874, NULL, 7, 853, TRUE, 'Did not know what I wanted to do after high school', NULL, NULL, NULL, NULL, FALSE);
INSERT INTO forms_section_answer (id, copied_from_id, ordinal, question_id, is_immutable, answer_text, answer_char, answer_bool, answer_int, answer_datetime, is_from_query) VALUES (2875, NULL, 8, 853, TRUE, 'Had to take care of a sibling or family member while growing up', NULL, NULL, NULL, NULL, FALSE);
INSERT INTO forms_section_answer (id, copied_from_id, ordinal, question_id, is_immutable, answer_text, answer_char, answer_bool, answer_int, answer_datetime, is_from_query) VALUES (2876, NULL, 9, 853, TRUE, 'Grew up in a single-parent household', NULL, NULL, NULL, NULL, FALSE);
INSERT INTO forms_section_answer (id, copied_from_id, ordinal, question_id, is_immutable, answer_text, answer_char, answer_bool, answer_int, answer_datetime, is_from_query) VALUES (2877, NULL, 10, 853, TRUE, 'Was a high performing student', NULL, NULL, NULL, NULL, FALSE);
INSERT INTO forms_section_answer (id, copied_from_id, ordinal, question_id, is_immutable, answer_text, answer_char, answer_bool, answer_int, answer_datetime, is_from_query) VALUES (2878, NULL, 11, 853, TRUE, 'Was a low performing student', NULL, NULL, NULL, NULL, FALSE);
INSERT INTO forms_section_answer (id, copied_from_id, ordinal, question_id, is_immutable, answer_text, answer_char, answer_bool, answer_int, answer_datetime, is_from_query) VALUES (2879, NULL, 12, 853, TRUE, 'Got in trouble a lot during school', NULL, NULL, NULL, NULL, FALSE);
INSERT INTO forms_section_answer (id, copied_from_id, ordinal, question_id, is_immutable, answer_text, answer_char, answer_bool, answer_int, answer_datetime, is_from_query) VALUES (2880, NULL, 13, 853, TRUE, 'Was one of the more outgoing students in his/her school.', NULL, NULL, NULL, NULL, FALSE);
INSERT INTO forms_section_answer (id, copied_from_id, ordinal, question_id, is_immutable, answer_text, answer_char, answer_bool, answer_int, answer_datetime, is_from_query) VALUES (2881, NULL, 14, 853, TRUE, 'Was one of the more shy students in his/her school', NULL, NULL, NULL, NULL, FALSE);
INSERT INTO forms_section_answer (id, copied_from_id, ordinal, question_id, is_immutable, answer_text, answer_char, answer_bool, answer_int, answer_datetime, is_from_query) VALUES (2882, NULL, 15, 853, TRUE, 'Was bullied or had other social struggles', NULL, NULL, NULL, NULL, FALSE);
INSERT INTO forms_section_answer (id, copied_from_id, ordinal, question_id, is_immutable, answer_text, answer_char, answer_bool, answer_int, answer_datetime, is_from_query) VALUES (2883, NULL, 16, 853, TRUE, 'Had friends or family struggle with substance absuse/personally struggled with substance abuse or pressure to use', NULL, NULL, NULL, NULL, FALSE);
INSERT INTO forms_section_answer (id, copied_from_id, ordinal, question_id, is_immutable, answer_text, answer_char, answer_bool, answer_int, answer_datetime, is_from_query) VALUES (2884, NULL, 17, 853, TRUE, 'Identified as LGBTQ and/or had friends or family who identified as LGBTQ', NULL, NULL, NULL, NULL, FALSE);
INSERT INTO forms_section_answer (id, copied_from_id, ordinal, question_id, is_immutable, answer_text, answer_char, answer_bool, answer_int, answer_datetime, is_from_query) VALUES (2885, NULL, 18, 853, TRUE, 'Participated in sports', NULL, NULL, NULL, NULL, FALSE);
INSERT INTO forms_section_answer (id, copied_from_id, ordinal, question_id, is_immutable, answer_text, answer_char, answer_bool, answer_int, answer_datetime, is_from_query) VALUES (2886, NULL, 19, 853, TRUE, 'Participated in the arts (music, dance, theater)', NULL, NULL, NULL, NULL, FALSE);
INSERT INTO forms_section_answer (id, copied_from_id, ordinal, question_id, is_immutable, answer_text, answer_char, answer_bool, answer_int, answer_datetime, is_from_query) VALUES (2887, NULL, 20, 853, TRUE, 'Participated in Student Government', NULL, NULL, NULL, NULL, FALSE);
INSERT INTO forms_section_answer (id, copied_from_id, ordinal, question_id, is_immutable, answer_text, answer_char, answer_bool, answer_int, answer_datetime, is_from_query) VALUES (2888, NULL, 1, 854, TRUE, 'Any - No Preference', NULL, NULL, NULL, NULL, FALSE);
INSERT INTO forms_section_answer (id, copied_from_id, ordinal, question_id, is_immutable, answer_text, answer_char, answer_bool, answer_int, answer_datetime, is_from_query) VALUES (2889, NULL, 2, 854, TRUE, 'English', NULL, NULL, NULL, NULL, FALSE);
INSERT INTO forms_section_answer (id, copied_from_id, ordinal, question_id, is_immutable, answer_text, answer_char, answer_bool, answer_int, answer_datetime, is_from_query) VALUES (2890, NULL, 3, 854, TRUE, 'Math', NULL, NULL, NULL, NULL, FALSE);
INSERT INTO forms_section_answer (id, copied_from_id, ordinal, question_id, is_immutable, answer_text, answer_char, answer_bool, answer_int, answer_datetime, is_from_query) VALUES (2891, NULL, 4, 854, TRUE, 'Science', NULL, NULL, NULL, NULL, FALSE);
INSERT INTO forms_section_answer (id, copied_from_id, ordinal, question_id, is_immutable, answer_text, answer_char, answer_bool, answer_int, answer_datetime, is_from_query) VALUES (2892, NULL, 5, 854, TRUE, 'History', NULL, NULL, NULL, NULL, FALSE);
INSERT INTO forms_section_answer (id, copied_from_id, ordinal, question_id, is_immutable, answer_text, answer_char, answer_bool, answer_int, answer_datetime, is_from_query) VALUES (2893, NULL, 6, 854, TRUE, 'Computer Science', NULL, NULL, NULL, NULL, FALSE);
INSERT INTO forms_section_answer (id, copied_from_id, ordinal, question_id, is_immutable, answer_text, answer_char, answer_bool, answer_int, answer_datetime, is_from_query) VALUES (2894, NULL, 7, 854, TRUE, 'Art and/or Music', NULL, NULL, NULL, NULL, FALSE);
INSERT INTO forms_section_answer (id, copied_from_id, ordinal, question_id, is_immutable, answer_text, answer_char, answer_bool, answer_int, answer_datetime, is_from_query) VALUES (2895, NULL, 8, 854, TRUE, 'Learning how to speak English', NULL, NULL, NULL, NULL, FALSE);
INSERT INTO forms_section_answer (id, copied_from_id, ordinal, question_id, is_immutable, answer_text, answer_char, answer_bool, answer_int, answer_datetime, is_from_query) VALUES (2896, NULL, 1, 856, TRUE, 'Well Organized', NULL, NULL, NULL, NULL, FALSE);
INSERT INTO forms_section_answer (id, copied_from_id, ordinal, question_id, is_immutable, answer_text, answer_char, answer_bool, answer_int, answer_datetime, is_from_query) VALUES (2897, NULL, 2, 856, TRUE, 'Independent', NULL, NULL, NULL, NULL, FALSE);
INSERT INTO forms_section_answer (id, copied_from_id, ordinal, question_id, is_immutable, answer_text, answer_char, answer_bool, answer_int, answer_datetime, is_from_query) VALUES (2898, NULL, 3, 856, TRUE, 'Funny', NULL, NULL, NULL, NULL, FALSE);
INSERT INTO forms_section_answer (id, copied_from_id, ordinal, question_id, is_immutable, answer_text, answer_char, answer_bool, answer_int, answer_datetime, is_from_query) VALUES (2899, NULL, 4, 856, TRUE, 'Patient', NULL, NULL, NULL, NULL, FALSE);
INSERT INTO forms_section_answer (id, copied_from_id, ordinal, question_id, is_immutable, answer_text, answer_char, answer_bool, answer_int, answer_datetime, is_from_query) VALUES (2900, NULL, 5, 856, TRUE, 'Outgoing', NULL, NULL, NULL, NULL, FALSE);
INSERT INTO forms_section_answer (id, copied_from_id, ordinal, question_id, is_immutable, answer_text, answer_char, answer_bool, answer_int, answer_datetime, is_from_query) VALUES (2901, NULL, 6, 856, TRUE, 'Creative', NULL, NULL, NULL, NULL, FALSE);
INSERT INTO forms_section_answer (id, copied_from_id, ordinal, question_id, is_immutable, answer_text, answer_char, answer_bool, answer_int, answer_datetime, is_from_query) VALUES (2902, NULL, 7, 856, TRUE, 'Quiet', NULL, NULL, NULL, NULL, FALSE);
INSERT INTO forms_section_answer (id, copied_from_id, ordinal, question_id, is_immutable, answer_text, answer_char, answer_bool, answer_int, answer_datetime, is_from_query) VALUES (2903, NULL, 8, 856, TRUE, 'Serious', NULL, NULL, NULL, NULL, FALSE);
INSERT INTO forms_section_answer (id, copied_from_id, ordinal, question_id, is_immutable, answer_text, answer_char, answer_bool, answer_int, answer_datetime, is_from_query) VALUES (2904, NULL, 9, 856, TRUE, 'Perfectionist', NULL, NULL, NULL, NULL, FALSE);
INSERT INTO forms_section_answer (id, copied_from_id, ordinal, question_id, is_immutable, answer_text, answer_char, answer_bool, answer_int, answer_datetime, is_from_query) VALUES (2905, NULL, 10, 856, TRUE, 'Ambitious', NULL, NULL, NULL, NULL, FALSE);
INSERT INTO forms_section_answer (id, copied_from_id, ordinal, question_id, is_immutable, answer_text, answer_char, answer_bool, answer_int, answer_datetime, is_from_query) VALUES (2906, NULL, 11, 856, TRUE, 'Emotional', NULL, NULL, NULL, NULL, FALSE);
INSERT INTO forms_section_answer (id, copied_from_id, ordinal, question_id, is_immutable, answer_text, answer_char, answer_bool, answer_int, answer_datetime, is_from_query) VALUES (2907, NULL, 12, 856, TRUE, 'Competitive', NULL, NULL, NULL, NULL, FALSE);
INSERT INTO forms_section_answer (id, copied_from_id, ordinal, question_id, is_immutable, answer_text, answer_char, answer_bool, answer_int, answer_datetime, is_from_query) VALUES (2908, NULL, 13, 856, TRUE, 'Talkative', NULL, NULL, NULL, NULL, FALSE);
INSERT INTO forms_section_answer (id, copied_from_id, ordinal, question_id, is_immutable, answer_text, answer_char, answer_bool, answer_int, answer_datetime, is_from_query) VALUES (2909, NULL, 14, 856, TRUE, 'Open-minded', NULL, NULL, NULL, NULL, FALSE);
INSERT INTO forms_section_answer (id, copied_from_id, ordinal, question_id, is_immutable, answer_text, answer_char, answer_bool, answer_int, answer_datetime, is_from_query) VALUES (2910, NULL, 15, 856, TRUE, 'Spiritual', NULL, NULL, NULL, NULL, FALSE);
INSERT INTO forms_section_answer (id, copied_from_id, ordinal, question_id, is_immutable, answer_text, answer_char, answer_bool, answer_int, answer_datetime, is_from_query) VALUES (2911, NULL, 1, 857, TRUE, 'Parents got divorced / separated', NULL, NULL, NULL, NULL, FALSE);
INSERT INTO forms_section_answer (id, copied_from_id, ordinal, question_id, is_immutable, answer_text, answer_char, answer_bool, answer_int, answer_datetime, is_from_query) VALUES (2912, NULL, 2, 857, TRUE, 'Had difficulty getting along with family', NULL, NULL, NULL, NULL, FALSE);
INSERT INTO forms_section_answer (id, copied_from_id, ordinal, question_id, is_immutable, answer_text, answer_char, answer_bool, answer_int, answer_datetime, is_from_query) VALUES (2913, NULL, 3, 857, TRUE, 'Has children', NULL, NULL, NULL, NULL, FALSE);
INSERT INTO forms_section_answer (id, copied_from_id, ordinal, question_id, is_immutable, answer_text, answer_char, answer_bool, answer_int, answer_datetime, is_from_query) VALUES (2914, NULL, 4, 857, TRUE, 'Someone close has passed away', NULL, NULL, NULL, NULL, FALSE);
INSERT INTO forms_section_answer (id, copied_from_id, ordinal, question_id, is_immutable, answer_text, answer_char, answer_bool, answer_int, answer_datetime, is_from_query) VALUES (2915, NULL, 5, 857, TRUE, 'Traveled internationally', NULL, NULL, NULL, NULL, FALSE);
INSERT INTO forms_section_answer (id, copied_from_id, ordinal, question_id, is_immutable, answer_text, answer_char, answer_bool, answer_int, answer_datetime, is_from_query) VALUES (2916, NULL, 6, 857, TRUE, 'Speak language other than English', NULL, NULL, NULL, NULL, FALSE);
INSERT INTO forms_section_answer (id, copied_from_id, ordinal, question_id, is_immutable, answer_text, answer_char, answer_bool, answer_int, answer_datetime, is_from_query) VALUES (2917, NULL, 7, 857, TRUE, 'Began my college career in community college', NULL, NULL, NULL, NULL, FALSE);
INSERT INTO forms_section_answer (id, copied_from_id, ordinal, question_id, is_immutable, answer_text, answer_char, answer_bool, answer_int, answer_datetime, is_from_query) VALUES (2918, NULL, 8, 857, TRUE, 'Went to college close to home', NULL, NULL, NULL, NULL, FALSE);
INSERT INTO forms_section_answer (id, copied_from_id, ordinal, question_id, is_immutable, answer_text, answer_char, answer_bool, answer_int, answer_datetime, is_from_query) VALUES (2919, NULL, 9, 857, TRUE, 'Went to college far away from home', NULL, NULL, NULL, NULL, FALSE);
INSERT INTO forms_section_answer (id, copied_from_id, ordinal, question_id, is_immutable, answer_text, answer_char, answer_bool, answer_int, answer_datetime, is_from_query) VALUES (2920, NULL, 10, 857, TRUE, 'Did not know what I wanted to study in college at first', NULL, NULL, NULL, NULL, FALSE);
INSERT INTO forms_section_answer (id, copied_from_id, ordinal, question_id, is_immutable, answer_text, answer_char, answer_bool, answer_int, answer_datetime, is_from_query) VALUES (2921, NULL, 1, 858, TRUE, 'Dealing with academic challenges', NULL, NULL, NULL, NULL, FALSE);
INSERT INTO forms_section_answer (id, copied_from_id, ordinal, question_id, is_immutable, answer_text, answer_char, answer_bool, answer_int, answer_datetime, is_from_query) VALUES (2922, NULL, 2, 858, TRUE, 'Dealing with social challenges', NULL, NULL, NULL, NULL, FALSE);
INSERT INTO forms_section_answer (id, copied_from_id, ordinal, question_id, is_immutable, answer_text, answer_char, answer_bool, answer_int, answer_datetime, is_from_query) VALUES (2923, NULL, 3, 858, TRUE, 'Dealing with personal/emotional challenges', NULL, NULL, NULL, NULL, FALSE);
INSERT INTO forms_section_answer (id, copied_from_id, ordinal, question_id, is_immutable, answer_text, answer_char, answer_bool, answer_int, answer_datetime, is_from_query) VALUES (2924, NULL, 4, 858, TRUE, 'Dealing with friendship challenges', NULL, NULL, NULL, NULL, FALSE);
INSERT INTO forms_section_answer (id, copied_from_id, ordinal, question_id, is_immutable, answer_text, answer_char, answer_bool, answer_int, answer_datetime, is_from_query) VALUES (2925, NULL, 5, 858, TRUE, 'Dealing with family challenges', NULL, NULL, NULL, NULL, FALSE);
INSERT INTO forms_section_answer (id, copied_from_id, ordinal, question_id, is_immutable, answer_text, answer_char, answer_bool, answer_int, answer_datetime, is_from_query) VALUES (2926, NULL, 6, 858, TRUE, 'Dealing with health challenges', NULL, NULL, NULL, NULL, FALSE);
INSERT INTO forms_section_answer (id, copied_from_id, ordinal, question_id, is_immutable, answer_text, answer_char, answer_bool, answer_int, answer_datetime, is_from_query) VALUES (2927, NULL, 1, 859, TRUE, 'Go to the movies', NULL, NULL, NULL, NULL, FALSE);
INSERT INTO forms_section_answer (id, copied_from_id, ordinal, question_id, is_immutable, answer_text, answer_char, answer_bool, answer_int, answer_datetime, is_from_query) VALUES (2928, NULL, 2, 859, TRUE, 'Watch TV', NULL, NULL, NULL, NULL, FALSE);
INSERT INTO forms_section_answer (id, copied_from_id, ordinal, question_id, is_immutable, answer_text, answer_char, answer_bool, answer_int, answer_datetime, is_from_query) VALUES (2929, NULL, 3, 859, TRUE, 'Visit art/history museums', NULL, NULL, NULL, NULL, FALSE);
INSERT INTO forms_section_answer (id, copied_from_id, ordinal, question_id, is_immutable, answer_text, answer_char, answer_bool, answer_int, answer_datetime, is_from_query) VALUES (2930, NULL, 4, 859, TRUE, 'See live music', NULL, NULL, NULL, NULL, FALSE);
INSERT INTO forms_section_answer (id, copied_from_id, ordinal, question_id, is_immutable, answer_text, answer_char, answer_bool, answer_int, answer_datetime, is_from_query) VALUES (2931, NULL, 5, 859, TRUE, 'Perform in a band', NULL, NULL, NULL, NULL, FALSE);
INSERT INTO forms_section_answer (id, copied_from_id, ordinal, question_id, is_immutable, answer_text, answer_char, answer_bool, answer_int, answer_datetime, is_from_query) VALUES (2932, NULL, 6, 859, TRUE, 'Spend time outdoors like the beach, park, mountains, etc.', NULL, NULL, NULL, NULL, FALSE);
INSERT INTO forms_section_answer (id, copied_from_id, ordinal, question_id, is_immutable, answer_text, answer_char, answer_bool, answer_int, answer_datetime, is_from_query) VALUES (2933, NULL, 7, 859, TRUE, 'Watch sports', NULL, NULL, NULL, NULL, FALSE);
INSERT INTO forms_section_answer (id, copied_from_id, ordinal, question_id, is_immutable, answer_text, answer_char, answer_bool, answer_int, answer_datetime, is_from_query) VALUES (2934, NULL, 8, 859, TRUE, 'Play sports', NULL, NULL, NULL, NULL, FALSE);
INSERT INTO forms_section_answer (id, copied_from_id, ordinal, question_id, is_immutable, answer_text, answer_char, answer_bool, answer_int, answer_datetime, is_from_query) VALUES (2935, NULL, 9, 859, TRUE, 'Take classes like dance, art, music, yoga, etc.', NULL, NULL, NULL, NULL, FALSE);
INSERT INTO forms_section_answer (id, copied_from_id, ordinal, question_id, is_immutable, answer_text, answer_char, answer_bool, answer_int, answer_datetime, is_from_query) VALUES (2936, NULL, 10, 859, TRUE, 'Go out to eat', NULL, NULL, NULL, NULL, FALSE);
INSERT INTO forms_section_answer (id, copied_from_id, ordinal, question_id, is_immutable, answer_text, answer_char, answer_bool, answer_int, answer_datetime, is_from_query) VALUES (2937, NULL, 11, 859, TRUE, 'Go dancing', NULL, NULL, NULL, NULL, FALSE);
INSERT INTO forms_section_answer (id, copied_from_id, ordinal, question_id, is_immutable, answer_text, answer_char, answer_bool, answer_int, answer_datetime, is_from_query) VALUES (2938, NULL, 12, 859, TRUE, 'Have dinner with family and friends', NULL, NULL, NULL, NULL, FALSE);
INSERT INTO forms_section_answer (id, copied_from_id, ordinal, question_id, is_immutable, answer_text, answer_char, answer_bool, answer_int, answer_datetime, is_from_query) VALUES (2939, NULL, 13, 859, TRUE, 'Go shopping', NULL, NULL, NULL, NULL, FALSE);
INSERT INTO forms_section_answer (id, copied_from_id, ordinal, question_id, is_immutable, answer_text, answer_char, answer_bool, answer_int, answer_datetime, is_from_query) VALUES (2940, NULL, 14, 859, TRUE, 'Explore new places', NULL, NULL, NULL, NULL, FALSE);
INSERT INTO forms_section_answer (id, copied_from_id, ordinal, question_id, is_immutable, answer_text, answer_char, answer_bool, answer_int, answer_datetime, is_from_query) VALUES (2941, NULL, 15, 859, TRUE, 'Volunteer or do community service', NULL, NULL, NULL, NULL, FALSE);
INSERT INTO forms_section_answer (id, copied_from_id, ordinal, question_id, is_immutable, answer_text, answer_char, answer_bool, answer_int, answer_datetime, is_from_query) VALUES (2942, NULL, 16, 859, TRUE, 'Participate in religious activities', NULL, NULL, NULL, NULL, FALSE);
INSERT INTO forms_section_answer (id, copied_from_id, ordinal, question_id, is_immutable, answer_text, answer_char, answer_bool, answer_int, answer_datetime, is_from_query) VALUES (2943, NULL, 17, 859, TRUE, 'Go to the gym', NULL, NULL, NULL, NULL, FALSE);
INSERT INTO forms_section_answer (id, copied_from_id, ordinal, question_id, is_immutable, answer_text, answer_char, answer_bool, answer_int, answer_datetime, is_from_query) VALUES (2944, NULL, 18, 859, TRUE, 'Read books, articles, blogs, etc.', NULL, NULL, NULL, NULL, FALSE);
INSERT INTO forms_section_answer (id, copied_from_id, ordinal, question_id, is_immutable, answer_text, answer_char, answer_bool, answer_int, answer_datetime, is_from_query) VALUES (2945, NULL, 19, 859, TRUE, 'Play video games', NULL, NULL, NULL, NULL, FALSE);
INSERT INTO forms_section_answer (id, copied_from_id, ordinal, question_id, is_immutable, answer_text, answer_char, answer_bool, answer_int, answer_datetime, is_from_query) VALUES (2946, NULL, 20, 859, TRUE, 'Write in a journal, write poetry, blog, etc.', NULL, NULL, NULL, NULL, FALSE);
INSERT INTO forms_section_answer (id, copied_from_id, ordinal, question_id, is_immutable, answer_text, answer_char, answer_bool, answer_int, answer_datetime, is_from_query) VALUES (2947, NULL, 21, 859, TRUE, 'Take pictures', NULL, NULL, NULL, NULL, FALSE);
INSERT INTO forms_section_answer (id, copied_from_id, ordinal, question_id, is_immutable, answer_text, answer_char, answer_bool, answer_int, answer_datetime, is_from_query) VALUES (2948, NULL, 1, 847, TRUE, NULL, NULL, NULL, NULL, NULL, TRUE);
INSERT INTO forms_section_answer (id, copied_from_id, ordinal, question_id, is_immutable, answer_text, answer_char, answer_bool, answer_int, answer_datetime, is_from_query) VALUES (2949, NULL, 1, 848, TRUE, NULL, NULL, NULL, NULL, NULL, TRUE);

INSERT into forms_answer_dependency (id, question_id, and_or, dependent_on_answer_id_for_question_id, dependent_on_answer_value_for_question_id) VALUES (88, 836, 'OR', 2769, NULL);
INSERT into forms_answer_dependency (id, question_id, and_or, dependent_on_answer_id_for_question_id, dependent_on_answer_value_for_question_id) VALUES (89, 839, 'OR', 2774, NULL);