INSERT into forms_form (id, copied_from_id, description) VALUES (14, NULL, 'Mentee Application');

INSERT into forms_form_member_site (id, member_site_id, form_id) VALUES (26, 191, 14);

INSERT into forms_form_role_can_modify (id, form_id, role_id_can_modify) VALUES (27, 14, 6);
INSERT into forms_form_role_can_modify (id, form_id, role_id_can_modify) VALUES (28, 14, 1);

INSERT into forms_form_role_can_answer (id, form_id, role_id_can_answer) VALUES (40, 14, 6);
INSERT into forms_form_role_can_answer (id, form_id, role_id_can_answer) VALUES (41, 14, 1);
INSERT into forms_form_role_can_answer (id, form_id, role_id_can_answer) VALUES (42, 14, 5);

INSERT into forms_section (id, copied_from_id, description, form_id) VALUES (47, NULL, 'Contact Information', 14);
INSERT into forms_section (id, copied_from_id, description, form_id) VALUES (48, NULL, 'Evaluation', 14);
INSERT into forms_section (id, copied_from_id, description, form_id) VALUES (49, NULL, 'Matching', 14);

INSERT into forms_section_question (id, copied_from_id, weighted_val, is_required, is_visible, is_immutable, dependent_on_question_id, dependent_on_noanswer_question_id, if_answered_goto_question, answer_matches_goto_question, section_id, ordinal, sub_ordinal, question_type, question_text) VALUES (942, NULL, 0, FALSE, TRUE, TRUE, NULL, NULL, NULL, NULL, 47, 1, 0, 15, E'Contact Information');
INSERT into forms_section_question (id, copied_from_id, weighted_val, is_required, is_visible, is_immutable, dependent_on_question_id, dependent_on_noanswer_question_id, if_answered_goto_question, answer_matches_goto_question, section_id, ordinal, sub_ordinal, question_type, question_text) VALUES (943, NULL, 0, TRUE, TRUE, TRUE, NULL, NULL, NULL, NULL, 47, 2, 0, 2, E'First Name');
INSERT into forms_section_question (id, copied_from_id, weighted_val, is_required, is_visible, is_immutable, dependent_on_question_id, dependent_on_noanswer_question_id, if_answered_goto_question, answer_matches_goto_question, section_id, ordinal, sub_ordinal, question_type, question_text) VALUES (944, NULL, 0, TRUE, TRUE, TRUE, NULL, NULL, NULL, NULL, 47, 3, 0, 2, E'Last Name');
INSERT into forms_section_question (id, copied_from_id, weighted_val, is_required, is_visible, is_immutable, dependent_on_question_id, dependent_on_noanswer_question_id, if_answered_goto_question, answer_matches_goto_question, section_id, ordinal, sub_ordinal, question_type, question_text) VALUES (945, NULL, 0, TRUE, TRUE, TRUE, NULL, NULL, NULL, NULL, 47, 4, 1, 3, E'Your Primary Phone Number');
INSERT into forms_section_question (id, copied_from_id, weighted_val, is_required, is_visible, is_immutable, dependent_on_question_id, dependent_on_noanswer_question_id, if_answered_goto_question, answer_matches_goto_question, section_id, ordinal, sub_ordinal, question_type, question_text) VALUES (946, NULL, 0, TRUE, TRUE, TRUE, NULL, NULL, NULL, NULL, 47, 4, 2, 5, E'Is this a cell phone?');
INSERT into forms_section_question (id, copied_from_id, weighted_val, is_required, is_visible, is_immutable, dependent_on_question_id, dependent_on_noanswer_question_id, if_answered_goto_question, answer_matches_goto_question, section_id, ordinal, sub_ordinal, question_type, question_text) VALUES (947, NULL, 0, FALSE, TRUE, TRUE, NULL, NULL, NULL, NULL, 47, 5, 1, 3, E'Your Secondary Phone Number');
INSERT into forms_section_question (id, copied_from_id, weighted_val, is_required, is_visible, is_immutable, dependent_on_question_id, dependent_on_noanswer_question_id, if_answered_goto_question, answer_matches_goto_question, section_id, ordinal, sub_ordinal, question_type, question_text) VALUES (948, NULL, 0, FALSE, TRUE, TRUE, NULL, NULL, NULL, NULL, 47, 5, 2, 5, E'Is this a cell phone?');
INSERT into forms_section_question (id, copied_from_id, weighted_val, is_required, is_visible, is_immutable, dependent_on_question_id, dependent_on_noanswer_question_id, if_answered_goto_question, answer_matches_goto_question, section_id, ordinal, sub_ordinal, question_type, question_text) VALUES (949, NULL, 0, TRUE, TRUE, TRUE, NULL, NULL, NULL, NULL, 47, 6, 0, 4, E'Home Address');
INSERT into forms_section_question (id, copied_from_id, weighted_val, is_required, is_visible, is_immutable, dependent_on_question_id, dependent_on_noanswer_question_id, if_answered_goto_question, answer_matches_goto_question, section_id, ordinal, sub_ordinal, question_type, question_text) VALUES (950, NULL, 0, FALSE, TRUE, TRUE, NULL, NULL, NULL, NULL, 47, 7, 0, 15, E'Contact Information for your Parent or Guardian');
INSERT into forms_section_question (id, copied_from_id, weighted_val, is_required, is_visible, is_immutable, dependent_on_question_id, dependent_on_noanswer_question_id, if_answered_goto_question, answer_matches_goto_question, section_id, ordinal, sub_ordinal, question_type, question_text) VALUES (951, NULL, 0, TRUE, TRUE, TRUE, NULL, NULL, NULL, NULL, 47, 8, 0, 2, E'Parent/Guardian First Name');
INSERT into forms_section_question (id, copied_from_id, weighted_val, is_required, is_visible, is_immutable, dependent_on_question_id, dependent_on_noanswer_question_id, if_answered_goto_question, answer_matches_goto_question, section_id, ordinal, sub_ordinal, question_type, question_text) VALUES (952, NULL, 0, TRUE, TRUE, TRUE, NULL, NULL, NULL, NULL, 47, 9, 0, 2, E'Parent/Guardian Last Name');
INSERT into forms_section_question (id, copied_from_id, weighted_val, is_required, is_visible, is_immutable, dependent_on_question_id, dependent_on_noanswer_question_id, if_answered_goto_question, answer_matches_goto_question, section_id, ordinal, sub_ordinal, question_type, question_text) VALUES (953, NULL, 0, TRUE, TRUE, TRUE, NULL, NULL, NULL, NULL, 47, 10, 1, 3, E'Parent/Guardian Primary Phone');
INSERT into forms_section_question (id, copied_from_id, weighted_val, is_required, is_visible, is_immutable, dependent_on_question_id, dependent_on_noanswer_question_id, if_answered_goto_question, answer_matches_goto_question, section_id, ordinal, sub_ordinal, question_type, question_text) VALUES (954, NULL, 0, TRUE, TRUE, TRUE, NULL, NULL, NULL, NULL, 47, 10, 2, 5, E'Is this a cell phone?');
INSERT into forms_section_question (id, copied_from_id, weighted_val, is_required, is_visible, is_immutable, dependent_on_question_id, dependent_on_noanswer_question_id, if_answered_goto_question, answer_matches_goto_question, section_id, ordinal, sub_ordinal, question_type, question_text) VALUES (955, NULL, 0, TRUE, TRUE, TRUE, NULL, NULL, NULL, NULL, 47, 11, 0, 4, E'Parent/Guardian''s Address');
INSERT into forms_section_question (id, copied_from_id, weighted_val, is_required, is_visible, is_immutable, dependent_on_question_id, dependent_on_noanswer_question_id, if_answered_goto_question, answer_matches_goto_question, section_id, ordinal, sub_ordinal, question_type, question_text) VALUES (956, NULL, 0, FALSE, TRUE, TRUE, NULL, NULL, NULL, NULL, 47, 12, 0, 15, E'Demographic Information');
INSERT into forms_section_question (id, copied_from_id, weighted_val, is_required, is_visible, is_immutable, dependent_on_question_id, dependent_on_noanswer_question_id, if_answered_goto_question, answer_matches_goto_question, section_id, ordinal, sub_ordinal, question_type, question_text) VALUES (957, NULL, 0, TRUE, TRUE, TRUE, NULL, NULL, NULL, NULL, 47, 13, 0, 14, E'What is your birthday?');
INSERT into forms_section_question (id, copied_from_id, weighted_val, is_required, is_visible, is_immutable, dependent_on_question_id, dependent_on_noanswer_question_id, if_answered_goto_question, answer_matches_goto_question, section_id, ordinal, sub_ordinal, question_type, question_text) VALUES (958, NULL, 0, TRUE, TRUE, TRUE, NULL, NULL, NULL, NULL, 47, 14, 0, 5, E'With which gender do you most closely identify?');
INSERT into forms_section_question (id, copied_from_id, weighted_val, is_required, is_visible, is_immutable, dependent_on_question_id, dependent_on_noanswer_question_id, if_answered_goto_question, answer_matches_goto_question, section_id, ordinal, sub_ordinal, question_type, question_text) VALUES (959, NULL, 0, TRUE, TRUE, TRUE, NULL, NULL, NULL, NULL, 47, 15, 0, 7, E'With which race or races do you identify? Check all that apply');
INSERT into forms_section_question (id, copied_from_id, weighted_val, is_required, is_visible, is_immutable, dependent_on_question_id, dependent_on_noanswer_question_id, if_answered_goto_question, answer_matches_goto_question, section_id, ordinal, sub_ordinal, question_type, question_text) VALUES (960, NULL, 0, TRUE, TRUE, TRUE, NULL, NULL, NULL, NULL, 47, 16, 0, 5, E'Are you of Hispanic, Latino, or Spanish Origin?');
INSERT into forms_section_question (id, copied_from_id, weighted_val, is_required, is_visible, is_immutable, dependent_on_question_id, dependent_on_noanswer_question_id, if_answered_goto_question, answer_matches_goto_question, section_id, ordinal, sub_ordinal, question_type, question_text) VALUES (961, NULL, 0, FALSE, TRUE, TRUE, NULL, NULL, NULL, NULL, 47, 17, 0, 15, E'School Information');
INSERT into forms_section_question (id, copied_from_id, weighted_val, is_required, is_visible, is_immutable, dependent_on_question_id, dependent_on_noanswer_question_id, if_answered_goto_question, answer_matches_goto_question, section_id, ordinal, sub_ordinal, question_type, question_text) VALUES (962, NULL, 0, TRUE, TRUE, TRUE, NULL, NULL, NULL, NULL, 47, 18, 0, 13, E'Please select your school and class');
INSERT into forms_section_question (id, copied_from_id, weighted_val, is_required, is_visible, is_immutable, dependent_on_question_id, dependent_on_noanswer_question_id, if_answered_goto_question, answer_matches_goto_question, section_id, ordinal, sub_ordinal, question_type, question_text) VALUES (963, NULL, 0, TRUE, TRUE, TRUE, NULL, NULL, NULL, NULL, 48, 1, 0, 5, E'Before mentor2.0, had you ever been matched with a mentor through another program?');
INSERT into forms_section_question (id, copied_from_id, weighted_val, is_required, is_visible, is_immutable, dependent_on_question_id, dependent_on_noanswer_question_id, if_answered_goto_question, answer_matches_goto_question, section_id, ordinal, sub_ordinal, question_type, question_text) VALUES (964, NULL, 0, FALSE, TRUE, TRUE, 963, NULL, NULL, NULL, 48, 2, 0, 2, E'What was the name of the mentoring program?');
INSERT into forms_section_question (id, copied_from_id, weighted_val, is_required, is_visible, is_immutable, dependent_on_question_id, dependent_on_noanswer_question_id, if_answered_goto_question, answer_matches_goto_question, section_id, ordinal, sub_ordinal, question_type, question_text) VALUES (965, NULL, 0, TRUE, TRUE, TRUE, NULL, NULL, NULL, NULL, 48, 3, 0, 5, E'Have you been in the Big Brothers Big Sisters program before?');
INSERT into forms_section_question (id, copied_from_id, weighted_val, is_required, is_visible, is_immutable, dependent_on_question_id, dependent_on_noanswer_question_id, if_answered_goto_question, answer_matches_goto_question, section_id, ordinal, sub_ordinal, question_type, question_text) VALUES (966, NULL, 0, TRUE, TRUE, TRUE, NULL, NULL, NULL, NULL, 48, 4, 0, 6, E'How do you define your sexual orientation?');
INSERT into forms_section_question (id, copied_from_id, weighted_val, is_required, is_visible, is_immutable, dependent_on_question_id, dependent_on_noanswer_question_id, if_answered_goto_question, answer_matches_goto_question, section_id, ordinal, sub_ordinal, question_type, question_text) VALUES (967, NULL, 0, TRUE, TRUE, TRUE, NULL, NULL, NULL, NULL, 48, 5, 0, 6, E'Which faith or religion do you most closely align with?');
INSERT into forms_section_question (id, copied_from_id, weighted_val, is_required, is_visible, is_immutable, dependent_on_question_id, dependent_on_noanswer_question_id, if_answered_goto_question, answer_matches_goto_question, section_id, ordinal, sub_ordinal, question_type, question_text) VALUES (968, NULL, 0, TRUE, TRUE, TRUE, NULL, NULL, NULL, NULL, 48, 6, 0, 5, E'Do you qualify for Free or Reduced lunch at your school?');
INSERT into forms_section_question (id, copied_from_id, weighted_val, is_required, is_visible, is_immutable, dependent_on_question_id, dependent_on_noanswer_question_id, if_answered_goto_question, answer_matches_goto_question, section_id, ordinal, sub_ordinal, question_type, question_text) VALUES (969, NULL, 0, TRUE, TRUE, TRUE, NULL, NULL, NULL, NULL, 48, 7, 0, 7, E'I live with (Check all that apply)');
INSERT into forms_section_question (id, copied_from_id, weighted_val, is_required, is_visible, is_immutable, dependent_on_question_id, dependent_on_noanswer_question_id, if_answered_goto_question, answer_matches_goto_question, section_id, ordinal, sub_ordinal, question_type, question_text) VALUES (970, NULL, 0, TRUE, TRUE, TRUE, NULL, NULL, NULL, NULL, 48, 8, 0, 5, E'Do you have siblings?');
INSERT into forms_section_question (id, copied_from_id, weighted_val, is_required, is_visible, is_immutable, dependent_on_question_id, dependent_on_noanswer_question_id, if_answered_goto_question, answer_matches_goto_question, section_id, ordinal, sub_ordinal, question_type, question_text) VALUES (971, NULL, 0, TRUE, TRUE, TRUE, NULL, NULL, NULL, NULL, 48, 9, 0, 6, E'What was the highest level of education that your mother received?');
INSERT into forms_section_question (id, copied_from_id, weighted_val, is_required, is_visible, is_immutable, dependent_on_question_id, dependent_on_noanswer_question_id, if_answered_goto_question, answer_matches_goto_question, section_id, ordinal, sub_ordinal, question_type, question_text) VALUES (972, NULL, 0, TRUE, TRUE, TRUE, NULL, NULL, NULL, NULL, 48, 10, 0, 6, E'What was the highest level of education that your father received?');
INSERT into forms_section_question (id, copied_from_id, weighted_val, is_required, is_visible, is_immutable, dependent_on_question_id, dependent_on_noanswer_question_id, if_answered_goto_question, answer_matches_goto_question, section_id, ordinal, sub_ordinal, question_type, question_text) VALUES (973, NULL, 0, TRUE, TRUE, TRUE, NULL, NULL, NULL, NULL, 48, 11, 0, 6, E'Do you have an immediate family member (e.g. mother, father, guardian, sibling) in the military that is currently deployed or able to be deployed?');
INSERT into forms_section_question (id, copied_from_id, weighted_val, is_required, is_visible, is_immutable, dependent_on_question_id, dependent_on_noanswer_question_id, if_answered_goto_question, answer_matches_goto_question, section_id, ordinal, sub_ordinal, question_type, question_text) VALUES (974, NULL, 0, TRUE, TRUE, TRUE, 973, NULL, NULL, NULL, 48, 12, 0, 6, E'What is this family member''s relation to you?');
INSERT into forms_section_question (id, copied_from_id, weighted_val, is_required, is_visible, is_immutable, dependent_on_question_id, dependent_on_noanswer_question_id, if_answered_goto_question, answer_matches_goto_question, section_id, ordinal, sub_ordinal, question_type, question_text) VALUES (975, NULL, 0, TRUE, TRUE, TRUE, NULL, NULL, NULL, NULL, 48, 13, 0, 7, E'Do you have a family member who is currently incarcerated, on parole, or on probation? (Check all that apply)');
INSERT into forms_section_question (id, copied_from_id, weighted_val, is_required, is_visible, is_immutable, dependent_on_question_id, dependent_on_noanswer_question_id, if_answered_goto_question, answer_matches_goto_question, section_id, ordinal, sub_ordinal, question_type, question_text) VALUES (976, NULL, 0, TRUE, TRUE, TRUE, 975, NULL, NULL, NULL, 48, 14, 0, 6, E'What is this family member''s relation to you?');
INSERT into forms_section_question (id, copied_from_id, weighted_val, is_required, is_visible, is_immutable, dependent_on_question_id, dependent_on_noanswer_question_id, if_answered_goto_question, answer_matches_goto_question, section_id, ordinal, sub_ordinal, question_type, question_text) VALUES (977, NULL, 0, TRUE, TRUE, TRUE, NULL, NULL, NULL, NULL, 48, 15, 0, 5, E'Has your parent or guardian ever been contacted by an attendance officer of the school district about your unexcused absences?');
INSERT into forms_section_question (id, copied_from_id, weighted_val, is_required, is_visible, is_immutable, dependent_on_question_id, dependent_on_noanswer_question_id, if_answered_goto_question, answer_matches_goto_question, section_id, ordinal, sub_ordinal, question_type, question_text) VALUES (978, NULL, 0, TRUE, TRUE, TRUE, NULL, NULL, NULL, NULL, 48, 16, 0, 5, E'Have you ever been involved with the police or juvenile justice system?');
INSERT into forms_section_question (id, copied_from_id, weighted_val, is_required, is_visible, is_immutable, dependent_on_question_id, dependent_on_noanswer_question_id, if_answered_goto_question, answer_matches_goto_question, section_id, ordinal, sub_ordinal, question_type, question_text) VALUES (979, NULL, 0, TRUE, TRUE, TRUE, NULL, NULL, NULL, NULL, 48, 17, 0, 6, E'How much education do you want to get?');
INSERT into forms_section_question (id, copied_from_id, weighted_val, is_required, is_visible, is_immutable, dependent_on_question_id, dependent_on_noanswer_question_id, if_answered_goto_question, answer_matches_goto_question, section_id, ordinal, sub_ordinal, question_type, question_text) VALUES (980, NULL, 0, FALSE, TRUE, TRUE, NULL, NULL, NULL, NULL, 49, 1, 0, 16, E'This page is all about what you want your mentor to be like and what you want your mentor to have experienced while they were growing up, going to college, and working in their career. Please think hard about what kind of mentor will be best for you. The more questions you answer on this page, the stronger your match will be!');
INSERT into forms_section_question (id, copied_from_id, weighted_val, is_required, is_visible, is_immutable, dependent_on_question_id, dependent_on_noanswer_question_id, if_answered_goto_question, answer_matches_goto_question, section_id, ordinal, sub_ordinal, question_type, question_text) VALUES (981, NULL, 0, FALSE, TRUE, TRUE, NULL, NULL, NULL, NULL, 49, 2, 0, 15, E'Career Interests');
INSERT into forms_section_question (id, copied_from_id, weighted_val, is_required, is_visible, is_immutable, dependent_on_question_id, dependent_on_noanswer_question_id, if_answered_goto_question, answer_matches_goto_question, section_id, ordinal, sub_ordinal, question_type, question_text) VALUES (982, NULL, 0, TRUE, TRUE, TRUE, NULL, NULL, NULL, NULL, 49, 3, 0, 17, E'Which one of the following careers and jobs are you most interested in?');
INSERT into forms_section_question (id, copied_from_id, weighted_val, is_required, is_visible, is_immutable, dependent_on_question_id, dependent_on_noanswer_question_id, if_answered_goto_question, answer_matches_goto_question, section_id, ordinal, sub_ordinal, question_type, question_text) VALUES (983, NULL, 0, TRUE, TRUE, TRUE, NULL, NULL, NULL, NULL, 49, 4, 0, 17, E'What other careers and jobs are you interested in?');
INSERT into forms_section_question (id, copied_from_id, weighted_val, is_required, is_visible, is_immutable, dependent_on_question_id, dependent_on_noanswer_question_id, if_answered_goto_question, answer_matches_goto_question, section_id, ordinal, sub_ordinal, question_type, question_text) VALUES (984, NULL, 0, TRUE, TRUE, TRUE, NULL, NULL, NULL, NULL, 49, 5, 0, 7, E'When you are matched with your mentor you may work on some of the following projects. Which are you most interested in working on with your mentor?');
INSERT into forms_section_question (id, copied_from_id, weighted_val, is_required, is_visible, is_immutable, dependent_on_question_id, dependent_on_noanswer_question_id, if_answered_goto_question, answer_matches_goto_question, section_id, ordinal, sub_ordinal, question_type, question_text) VALUES (985, NULL, 0, FALSE, TRUE, TRUE, NULL, NULL, NULL, NULL, 49, 6, 0, 15, E'Academic Interests');
INSERT into forms_section_question (id, copied_from_id, weighted_val, is_required, is_visible, is_immutable, dependent_on_question_id, dependent_on_noanswer_question_id, if_answered_goto_question, answer_matches_goto_question, section_id, ordinal, sub_ordinal, question_type, question_text) VALUES (986, NULL, 0, TRUE, TRUE, TRUE, NULL, NULL, NULL, NULL, 49, 7, 0, 7, E'Which subjects do you think you want to study in college?');
INSERT into forms_section_question (id, copied_from_id, weighted_val, is_required, is_visible, is_immutable, dependent_on_question_id, dependent_on_noanswer_question_id, if_answered_goto_question, answer_matches_goto_question, section_id, ordinal, sub_ordinal, question_type, question_text) VALUES (987, NULL, 0, TRUE, TRUE, TRUE, NULL, NULL, NULL, NULL, 49, 8, 0, 7, E'Even if you don''t want to major in them, what other academic subjects are you interested in? (Majors are you official, or primary area of study in college).');
INSERT into forms_section_question (id, copied_from_id, weighted_val, is_required, is_visible, is_immutable, dependent_on_question_id, dependent_on_noanswer_question_id, if_answered_goto_question, answer_matches_goto_question, section_id, ordinal, sub_ordinal, question_type, question_text) VALUES (988, NULL, 0, TRUE, TRUE, TRUE, NULL, NULL, NULL, NULL, 49, 9, 0, 7, E'Which of the following experiences would you like your mentor to have experienced in high school? (Check all that apply)');
INSERT into forms_section_question (id, copied_from_id, weighted_val, is_required, is_visible, is_immutable, dependent_on_question_id, dependent_on_noanswer_question_id, if_answered_goto_question, answer_matches_goto_question, section_id, ordinal, sub_ordinal, question_type, question_text) VALUES (989, NULL, 0, TRUE, TRUE, TRUE, NULL, NULL, NULL, NULL, 49, 10, 0, 7, E'In which of the following academic subjects would you want your mentor to be able to help you? (Check all that apply)');
INSERT into forms_section_question (id, copied_from_id, weighted_val, is_required, is_visible, is_immutable, dependent_on_question_id, dependent_on_noanswer_question_id, if_answered_goto_question, answer_matches_goto_question, section_id, ordinal, sub_ordinal, question_type, question_text) VALUES (990, NULL, 0, FALSE, TRUE, TRUE, NULL, NULL, NULL, NULL, 49, 11, 0, 15, E'Personal Interests');
INSERT into forms_section_question (id, copied_from_id, weighted_val, is_required, is_visible, is_immutable, dependent_on_question_id, dependent_on_noanswer_question_id, if_answered_goto_question, answer_matches_goto_question, section_id, ordinal, sub_ordinal, question_type, question_text) VALUES (991, NULL, 0, TRUE, TRUE, TRUE, NULL, NULL, NULL, NULL, 49, 12, 0, 7, E'Which of the following personality traits would you like your mentor to have?');
INSERT into forms_section_question (id, copied_from_id, weighted_val, is_required, is_visible, is_immutable, dependent_on_question_id, dependent_on_noanswer_question_id, if_answered_goto_question, answer_matches_goto_question, section_id, ordinal, sub_ordinal, question_type, question_text) VALUES (992, NULL, 0, TRUE, TRUE, TRUE, NULL, NULL, NULL, NULL, 49, 13, 0, 7, E'Which of the following life experiences would you like your mentor to have had?');
INSERT into forms_section_question (id, copied_from_id, weighted_val, is_required, is_visible, is_immutable, dependent_on_question_id, dependent_on_noanswer_question_id, if_answered_goto_question, answer_matches_goto_question, section_id, ordinal, sub_ordinal, question_type, question_text) VALUES (993, NULL, 0, TRUE, TRUE, TRUE, NULL, NULL, NULL, NULL, 49, 14, 0, 7, E'Are there any personal issues you would like to work on with your mentor?');
INSERT into forms_section_question (id, copied_from_id, weighted_val, is_required, is_visible, is_immutable, dependent_on_question_id, dependent_on_noanswer_question_id, if_answered_goto_question, answer_matches_goto_question, section_id, ordinal, sub_ordinal, question_type, question_text) VALUES (994, NULL, 0, TRUE, TRUE, TRUE, NULL, NULL, NULL, NULL, 49, 15, 0, 7, E'What are your favorite things to do in your free time?');
INSERT into forms_section_question (id, copied_from_id, weighted_val, is_required, is_visible, is_immutable, dependent_on_question_id, dependent_on_noanswer_question_id, if_answered_goto_question, answer_matches_goto_question, section_id, ordinal, sub_ordinal, question_type, question_text) VALUES (995, NULL, 0, TRUE, TRUE, TRUE, NULL, NULL, NULL, NULL, 49, 16, 0, 2, E'Please tell us a little bit about yourself that we couldn''t learn from the previous questions. What else do you think we should know in order to find you the best possible match? Tell us what makes you different from everyone else!');

INSERT INTO forms_section_answer (id, copied_from_id, ordinal, question_id, is_immutable, answer_text, answer_char, answer_bool, answer_int, answer_datetime, is_from_query) VALUES (3207, NULL, 1, 946, TRUE, 'Yes', NULL, NULL, NULL, NULL, FALSE);
INSERT INTO forms_section_answer (id, copied_from_id, ordinal, question_id, is_immutable, answer_text, answer_char, answer_bool, answer_int, answer_datetime, is_from_query) VALUES (3208, NULL, 2, 946, TRUE, 'No', NULL, NULL, NULL, NULL, FALSE);
INSERT INTO forms_section_answer (id, copied_from_id, ordinal, question_id, is_immutable, answer_text, answer_char, answer_bool, answer_int, answer_datetime, is_from_query) VALUES (3209, NULL, 1, 948, TRUE, 'Yes', NULL, NULL, NULL, NULL, FALSE);
INSERT INTO forms_section_answer (id, copied_from_id, ordinal, question_id, is_immutable, answer_text, answer_char, answer_bool, answer_int, answer_datetime, is_from_query) VALUES (3210, NULL, 2, 948, TRUE, 'No', NULL, NULL, NULL, NULL, FALSE);
INSERT INTO forms_section_answer (id, copied_from_id, ordinal, question_id, is_immutable, answer_text, answer_char, answer_bool, answer_int, answer_datetime, is_from_query) VALUES (3211, NULL, 1, 954, TRUE, 'Yes', NULL, NULL, NULL, NULL, FALSE);
INSERT INTO forms_section_answer (id, copied_from_id, ordinal, question_id, is_immutable, answer_text, answer_char, answer_bool, answer_int, answer_datetime, is_from_query) VALUES (3212, NULL, 2, 954, TRUE, 'No', NULL, NULL, NULL, NULL, FALSE);
INSERT INTO forms_section_answer (id, copied_from_id, ordinal, question_id, is_immutable, answer_text, answer_char, answer_bool, answer_int, answer_datetime, is_from_query) VALUES (3213, NULL, 1, 958, TRUE, 'Male', NULL, NULL, NULL, NULL, FALSE);
INSERT INTO forms_section_answer (id, copied_from_id, ordinal, question_id, is_immutable, answer_text, answer_char, answer_bool, answer_int, answer_datetime, is_from_query) VALUES (3214, NULL, 2, 958, TRUE, 'Female', NULL, NULL, NULL, NULL, FALSE);
INSERT INTO forms_section_answer (id, copied_from_id, ordinal, question_id, is_immutable, answer_text, answer_char, answer_bool, answer_int, answer_datetime, is_from_query) VALUES (3215, NULL, 1, 959, TRUE, 'Asian/Pacific Islander', NULL, NULL, NULL, NULL, FALSE);
INSERT INTO forms_section_answer (id, copied_from_id, ordinal, question_id, is_immutable, answer_text, answer_char, answer_bool, answer_int, answer_datetime, is_from_query) VALUES (3216, NULL, 2, 959, TRUE, 'Black/African American', NULL, NULL, NULL, NULL, FALSE);
INSERT INTO forms_section_answer (id, copied_from_id, ordinal, question_id, is_immutable, answer_text, answer_char, answer_bool, answer_int, answer_datetime, is_from_query) VALUES (3217, NULL, 3, 959, TRUE, 'Hispanic (may be of any race)', NULL, NULL, NULL, NULL, FALSE);
INSERT INTO forms_section_answer (id, copied_from_id, ordinal, question_id, is_immutable, answer_text, answer_char, answer_bool, answer_int, answer_datetime, is_from_query) VALUES (3218, NULL, 4, 959, TRUE, 'Native American (Aleutian Islander)', NULL, NULL, NULL, NULL, FALSE);
INSERT INTO forms_section_answer (id, copied_from_id, ordinal, question_id, is_immutable, answer_text, answer_char, answer_bool, answer_int, answer_datetime, is_from_query) VALUES (3219, NULL, 5, 959, TRUE, 'White (Non-Hispanic)', NULL, NULL, NULL, NULL, FALSE);
INSERT INTO forms_section_answer (id, copied_from_id, ordinal, question_id, is_immutable, answer_text, answer_char, answer_bool, answer_int, answer_datetime, is_from_query) VALUES (3220, NULL, 6, 959, TRUE, 'I identify with a race not listed here', NULL, NULL, NULL, NULL, FALSE);
INSERT INTO forms_section_answer (id, copied_from_id, ordinal, question_id, is_immutable, answer_text, answer_char, answer_bool, answer_int, answer_datetime, is_from_query) VALUES (3221, NULL, 7, 959, TRUE, 'I would prefer not to indicate my race', NULL, NULL, NULL, NULL, FALSE);
INSERT INTO forms_section_answer (id, copied_from_id, ordinal, question_id, is_immutable, answer_text, answer_char, answer_bool, answer_int, answer_datetime, is_from_query) VALUES (3222, NULL, 1, 960, TRUE, 'Yes', NULL, NULL, NULL, NULL, FALSE);
INSERT INTO forms_section_answer (id, copied_from_id, ordinal, question_id, is_immutable, answer_text, answer_char, answer_bool, answer_int, answer_datetime, is_from_query) VALUES (3223, NULL, 2, 960, TRUE, 'No', NULL, NULL, NULL, NULL, FALSE);
INSERT INTO forms_section_answer (id, copied_from_id, ordinal, question_id, is_immutable, answer_text, answer_char, answer_bool, answer_int, answer_datetime, is_from_query) VALUES (3224, NULL, 1, 962, TRUE, NULL, NULL, NULL, NULL, NULL, TRUE);
INSERT INTO forms_section_answer (id, copied_from_id, ordinal, question_id, is_immutable, answer_text, answer_char, answer_bool, answer_int, answer_datetime, is_from_query) VALUES (3225, NULL, 1, 963, TRUE, 'Yes', NULL, NULL, NULL, NULL, FALSE);
INSERT INTO forms_section_answer (id, copied_from_id, ordinal, question_id, is_immutable, answer_text, answer_char, answer_bool, answer_int, answer_datetime, is_from_query) VALUES (3226, NULL, 2, 963, TRUE, 'No', NULL, NULL, NULL, NULL, FALSE);
INSERT INTO forms_section_answer (id, copied_from_id, ordinal, question_id, is_immutable, answer_text, answer_char, answer_bool, answer_int, answer_datetime, is_from_query) VALUES (3227, NULL, 1, 965, TRUE, 'Yes', NULL, NULL, NULL, NULL, FALSE);
INSERT INTO forms_section_answer (id, copied_from_id, ordinal, question_id, is_immutable, answer_text, answer_char, answer_bool, answer_int, answer_datetime, is_from_query) VALUES (3228, NULL, 2, 965, TRUE, 'No', NULL, NULL, NULL, NULL, FALSE);
INSERT INTO forms_section_answer (id, copied_from_id, ordinal, question_id, is_immutable, answer_text, answer_char, answer_bool, answer_int, answer_datetime, is_from_query) VALUES (3229, NULL, 1, 966, TRUE, 'Heterosexual (straight)', NULL, NULL, NULL, NULL, FALSE);
INSERT INTO forms_section_answer (id, copied_from_id, ordinal, question_id, is_immutable, answer_text, answer_char, answer_bool, answer_int, answer_datetime, is_from_query) VALUES (3230, NULL, 2, 966, TRUE, 'Homosexual (gay or lesbian)', NULL, NULL, NULL, NULL, FALSE);
INSERT INTO forms_section_answer (id, copied_from_id, ordinal, question_id, is_immutable, answer_text, answer_char, answer_bool, answer_int, answer_datetime, is_from_query) VALUES (3231, NULL, 3, 966, TRUE, 'Bisexual', NULL, NULL, NULL, NULL, FALSE);
INSERT INTO forms_section_answer (id, copied_from_id, ordinal, question_id, is_immutable, answer_text, answer_char, answer_bool, answer_int, answer_datetime, is_from_query) VALUES (3232, NULL, 4, 966, TRUE, 'Other', NULL, NULL, NULL, NULL, FALSE);
INSERT INTO forms_section_answer (id, copied_from_id, ordinal, question_id, is_immutable, answer_text, answer_char, answer_bool, answer_int, answer_datetime, is_from_query) VALUES (3233, NULL, 1, 967, TRUE, 'Prefer not to answer', NULL, NULL, NULL, NULL, FALSE);
INSERT INTO forms_section_answer (id, copied_from_id, ordinal, question_id, is_immutable, answer_text, answer_char, answer_bool, answer_int, answer_datetime, is_from_query) VALUES (3234, NULL, 2, 967, TRUE, 'Christian', NULL, NULL, NULL, NULL, FALSE);
INSERT INTO forms_section_answer (id, copied_from_id, ordinal, question_id, is_immutable, answer_text, answer_char, answer_bool, answer_int, answer_datetime, is_from_query) VALUES (3235, NULL, 3, 967, TRUE, 'Jewish', NULL, NULL, NULL, NULL, FALSE);
INSERT INTO forms_section_answer (id, copied_from_id, ordinal, question_id, is_immutable, answer_text, answer_char, answer_bool, answer_int, answer_datetime, is_from_query) VALUES (3236, NULL, 4, 967, TRUE, 'Muslim', NULL, NULL, NULL, NULL, FALSE);
INSERT INTO forms_section_answer (id, copied_from_id, ordinal, question_id, is_immutable, answer_text, answer_char, answer_bool, answer_int, answer_datetime, is_from_query) VALUES (3237, NULL, 5, 967, TRUE, 'Hindu', NULL, NULL, NULL, NULL, FALSE);
INSERT INTO forms_section_answer (id, copied_from_id, ordinal, question_id, is_immutable, answer_text, answer_char, answer_bool, answer_int, answer_datetime, is_from_query) VALUES (3238, NULL, 6, 967, TRUE, 'Buddhist', NULL, NULL, NULL, NULL, FALSE);
INSERT INTO forms_section_answer (id, copied_from_id, ordinal, question_id, is_immutable, answer_text, answer_char, answer_bool, answer_int, answer_datetime, is_from_query) VALUES (3239, NULL, 7, 967, TRUE, 'Spiritual/Agnostic', NULL, NULL, NULL, NULL, FALSE);
INSERT INTO forms_section_answer (id, copied_from_id, ordinal, question_id, is_immutable, answer_text, answer_char, answer_bool, answer_int, answer_datetime, is_from_query) VALUES (3240, NULL, 8, 967, TRUE, 'Atheist', NULL, NULL, NULL, NULL, FALSE);
INSERT INTO forms_section_answer (id, copied_from_id, ordinal, question_id, is_immutable, answer_text, answer_char, answer_bool, answer_int, answer_datetime, is_from_query) VALUES (3241, NULL, 9, 967, TRUE, 'Other', NULL, NULL, NULL, NULL, FALSE);
INSERT INTO forms_section_answer (id, copied_from_id, ordinal, question_id, is_immutable, answer_text, answer_char, answer_bool, answer_int, answer_datetime, is_from_query) VALUES (3242, NULL, 1, 968, TRUE, 'Yes', NULL, NULL, NULL, NULL, FALSE);
INSERT INTO forms_section_answer (id, copied_from_id, ordinal, question_id, is_immutable, answer_text, answer_char, answer_bool, answer_int, answer_datetime, is_from_query) VALUES (3243, NULL, 2, 968, TRUE, 'No', NULL, NULL, NULL, NULL, FALSE);
INSERT INTO forms_section_answer (id, copied_from_id, ordinal, question_id, is_immutable, answer_text, answer_char, answer_bool, answer_int, answer_datetime, is_from_query) VALUES (3244, NULL, 1, 969, TRUE, 'Mother', NULL, NULL, NULL, NULL, FALSE);
INSERT INTO forms_section_answer (id, copied_from_id, ordinal, question_id, is_immutable, answer_text, answer_char, answer_bool, answer_int, answer_datetime, is_from_query) VALUES (3245, NULL, 2, 969, TRUE, 'Step-Mother', NULL, NULL, NULL, NULL, FALSE);
INSERT INTO forms_section_answer (id, copied_from_id, ordinal, question_id, is_immutable, answer_text, answer_char, answer_bool, answer_int, answer_datetime, is_from_query) VALUES (3246, NULL, 3, 969, TRUE, 'Father', NULL, NULL, NULL, NULL, FALSE);
INSERT INTO forms_section_answer (id, copied_from_id, ordinal, question_id, is_immutable, answer_text, answer_char, answer_bool, answer_int, answer_datetime, is_from_query) VALUES (3247, NULL, 4, 969, TRUE, 'Step-Father', NULL, NULL, NULL, NULL, FALSE);
INSERT INTO forms_section_answer (id, copied_from_id, ordinal, question_id, is_immutable, answer_text, answer_char, answer_bool, answer_int, answer_datetime, is_from_query) VALUES (3248, NULL, 5, 969, TRUE, 'Sister(s)', NULL, NULL, NULL, NULL, FALSE);
INSERT INTO forms_section_answer (id, copied_from_id, ordinal, question_id, is_immutable, answer_text, answer_char, answer_bool, answer_int, answer_datetime, is_from_query) VALUES (3249, NULL, 6, 969, TRUE, 'Brother(s)', NULL, NULL, NULL, NULL, FALSE);
INSERT INTO forms_section_answer (id, copied_from_id, ordinal, question_id, is_immutable, answer_text, answer_char, answer_bool, answer_int, answer_datetime, is_from_query) VALUES (3250, NULL, 7, 969, TRUE, 'Aunt', NULL, NULL, NULL, NULL, FALSE);
INSERT INTO forms_section_answer (id, copied_from_id, ordinal, question_id, is_immutable, answer_text, answer_char, answer_bool, answer_int, answer_datetime, is_from_query) VALUES (3251, NULL, 8, 969, TRUE, 'Uncle', NULL, NULL, NULL, NULL, FALSE);
INSERT INTO forms_section_answer (id, copied_from_id, ordinal, question_id, is_immutable, answer_text, answer_char, answer_bool, answer_int, answer_datetime, is_from_query) VALUES (3252, NULL, 9, 969, TRUE, 'Grandmother', NULL, NULL, NULL, NULL, FALSE);
INSERT INTO forms_section_answer (id, copied_from_id, ordinal, question_id, is_immutable, answer_text, answer_char, answer_bool, answer_int, answer_datetime, is_from_query) VALUES (3253, NULL, 10, 969, TRUE, 'Grandfather', NULL, NULL, NULL, NULL, FALSE);
INSERT INTO forms_section_answer (id, copied_from_id, ordinal, question_id, is_immutable, answer_text, answer_char, answer_bool, answer_int, answer_datetime, is_from_query) VALUES (3254, NULL, 11, 969, TRUE, 'Other guardian', NULL, NULL, NULL, NULL, FALSE);
INSERT INTO forms_section_answer (id, copied_from_id, ordinal, question_id, is_immutable, answer_text, answer_char, answer_bool, answer_int, answer_datetime, is_from_query) VALUES (3255, NULL, 12, 969, TRUE, 'Foster family', NULL, NULL, NULL, NULL, FALSE);
INSERT INTO forms_section_answer (id, copied_from_id, ordinal, question_id, is_immutable, answer_text, answer_char, answer_bool, answer_int, answer_datetime, is_from_query) VALUES (3256, NULL, 13, 969, TRUE, 'Adopted family', NULL, NULL, NULL, NULL, FALSE);
INSERT INTO forms_section_answer (id, copied_from_id, ordinal, question_id, is_immutable, answer_text, answer_char, answer_bool, answer_int, answer_datetime, is_from_query) VALUES (3257, NULL, 1, 970, TRUE, 'Yes', NULL, NULL, NULL, NULL, FALSE);
INSERT INTO forms_section_answer (id, copied_from_id, ordinal, question_id, is_immutable, answer_text, answer_char, answer_bool, answer_int, answer_datetime, is_from_query) VALUES (3258, NULL, 2, 970, TRUE, 'No', NULL, NULL, NULL, NULL, FALSE);
INSERT INTO forms_section_answer (id, copied_from_id, ordinal, question_id, is_immutable, answer_text, answer_char, answer_bool, answer_int, answer_datetime, is_from_query) VALUES (3259, NULL, 1, 971, TRUE, 'Did not finish high school', NULL, NULL, NULL, NULL, FALSE);
INSERT INTO forms_section_answer (id, copied_from_id, ordinal, question_id, is_immutable, answer_text, answer_char, answer_bool, answer_int, answer_datetime, is_from_query) VALUES (3260, NULL, 2, 971, TRUE, 'Finished high school', NULL, NULL, NULL, NULL, FALSE);
INSERT INTO forms_section_answer (id, copied_from_id, ordinal, question_id, is_immutable, answer_text, answer_char, answer_bool, answer_int, answer_datetime, is_from_query) VALUES (3261, NULL, 3, 971, TRUE, 'High school diploma', NULL, NULL, NULL, NULL, FALSE);
INSERT INTO forms_section_answer (id, copied_from_id, ordinal, question_id, is_immutable, answer_text, answer_char, answer_bool, answer_int, answer_datetime, is_from_query) VALUES (3262, NULL, 4, 971, TRUE, 'Went to college but did not graduate', NULL, NULL, NULL, NULL, FALSE);
INSERT INTO forms_section_answer (id, copied_from_id, ordinal, question_id, is_immutable, answer_text, answer_char, answer_bool, answer_int, answer_datetime, is_from_query) VALUES (3263, NULL, 5, 971, TRUE, 'Graduated from college', NULL, NULL, NULL, NULL, FALSE);
INSERT INTO forms_section_answer (id, copied_from_id, ordinal, question_id, is_immutable, answer_text, answer_char, answer_bool, answer_int, answer_datetime, is_from_query) VALUES (3264, NULL, 6, 971, TRUE, 'I don''t know', NULL, NULL, NULL, NULL, FALSE);
INSERT INTO forms_section_answer (id, copied_from_id, ordinal, question_id, is_immutable, answer_text, answer_char, answer_bool, answer_int, answer_datetime, is_from_query) VALUES (3265, NULL, 1, 972, TRUE, 'Did not finish high school', NULL, NULL, NULL, NULL, FALSE);
INSERT INTO forms_section_answer (id, copied_from_id, ordinal, question_id, is_immutable, answer_text, answer_char, answer_bool, answer_int, answer_datetime, is_from_query) VALUES (3266, NULL, 2, 972, TRUE, 'Finished high school', NULL, NULL, NULL, NULL, FALSE);
INSERT INTO forms_section_answer (id, copied_from_id, ordinal, question_id, is_immutable, answer_text, answer_char, answer_bool, answer_int, answer_datetime, is_from_query) VALUES (3267, NULL, 3, 972, TRUE, 'High school diploma', NULL, NULL, NULL, NULL, FALSE);
INSERT INTO forms_section_answer (id, copied_from_id, ordinal, question_id, is_immutable, answer_text, answer_char, answer_bool, answer_int, answer_datetime, is_from_query) VALUES (3268, NULL, 4, 972, TRUE, 'Went to college but did not graduate', NULL, NULL, NULL, NULL, FALSE);
INSERT INTO forms_section_answer (id, copied_from_id, ordinal, question_id, is_immutable, answer_text, answer_char, answer_bool, answer_int, answer_datetime, is_from_query) VALUES (3269, NULL, 5, 972, TRUE, 'Graduated from college', NULL, NULL, NULL, NULL, FALSE);
INSERT INTO forms_section_answer (id, copied_from_id, ordinal, question_id, is_immutable, answer_text, answer_char, answer_bool, answer_int, answer_datetime, is_from_query) VALUES (3270, NULL, 6, 972, TRUE, 'I don''t know', NULL, NULL, NULL, NULL, FALSE);
INSERT INTO forms_section_answer (id, copied_from_id, ordinal, question_id, is_immutable, answer_text, answer_char, answer_bool, answer_int, answer_datetime, is_from_query) VALUES (3271, NULL, 1, 973, TRUE, 'Yes', NULL, NULL, NULL, NULL, FALSE);
INSERT INTO forms_section_answer (id, copied_from_id, ordinal, question_id, is_immutable, answer_text, answer_char, answer_bool, answer_int, answer_datetime, is_from_query) VALUES (3272, NULL, 2, 973, TRUE, 'No', NULL, NULL, NULL, NULL, FALSE);
INSERT INTO forms_section_answer (id, copied_from_id, ordinal, question_id, is_immutable, answer_text, answer_char, answer_bool, answer_int, answer_datetime, is_from_query) VALUES (3273, NULL, 3, 973, TRUE, 'I don''t know', NULL, NULL, NULL, NULL, FALSE);
INSERT INTO forms_section_answer (id, copied_from_id, ordinal, question_id, is_immutable, answer_text, answer_char, answer_bool, answer_int, answer_datetime, is_from_query) VALUES (3274, NULL, 1, 974, TRUE, 'Mother', NULL, NULL, NULL, NULL, FALSE);
INSERT INTO forms_section_answer (id, copied_from_id, ordinal, question_id, is_immutable, answer_text, answer_char, answer_bool, answer_int, answer_datetime, is_from_query) VALUES (3275, NULL, 2, 974, TRUE, 'Step-Mother', NULL, NULL, NULL, NULL, FALSE);
INSERT INTO forms_section_answer (id, copied_from_id, ordinal, question_id, is_immutable, answer_text, answer_char, answer_bool, answer_int, answer_datetime, is_from_query) VALUES (3276, NULL, 3, 974, TRUE, 'Father', NULL, NULL, NULL, NULL, FALSE);
INSERT INTO forms_section_answer (id, copied_from_id, ordinal, question_id, is_immutable, answer_text, answer_char, answer_bool, answer_int, answer_datetime, is_from_query) VALUES (3277, NULL, 4, 974, TRUE, 'Step-Father', NULL, NULL, NULL, NULL, FALSE);
INSERT INTO forms_section_answer (id, copied_from_id, ordinal, question_id, is_immutable, answer_text, answer_char, answer_bool, answer_int, answer_datetime, is_from_query) VALUES (3278, NULL, 5, 974, TRUE, 'Sister(s)', NULL, NULL, NULL, NULL, FALSE);
INSERT INTO forms_section_answer (id, copied_from_id, ordinal, question_id, is_immutable, answer_text, answer_char, answer_bool, answer_int, answer_datetime, is_from_query) VALUES (3279, NULL, 6, 974, TRUE, 'Brother(s)', NULL, NULL, NULL, NULL, FALSE);
INSERT INTO forms_section_answer (id, copied_from_id, ordinal, question_id, is_immutable, answer_text, answer_char, answer_bool, answer_int, answer_datetime, is_from_query) VALUES (3280, NULL, 7, 974, TRUE, 'Aunt', NULL, NULL, NULL, NULL, FALSE);
INSERT INTO forms_section_answer (id, copied_from_id, ordinal, question_id, is_immutable, answer_text, answer_char, answer_bool, answer_int, answer_datetime, is_from_query) VALUES (3281, NULL, 8, 974, TRUE, 'Uncle', NULL, NULL, NULL, NULL, FALSE);
INSERT INTO forms_section_answer (id, copied_from_id, ordinal, question_id, is_immutable, answer_text, answer_char, answer_bool, answer_int, answer_datetime, is_from_query) VALUES (3282, NULL, 9, 974, TRUE, 'Grandmother', NULL, NULL, NULL, NULL, FALSE);
INSERT INTO forms_section_answer (id, copied_from_id, ordinal, question_id, is_immutable, answer_text, answer_char, answer_bool, answer_int, answer_datetime, is_from_query) VALUES (3283, NULL, 10, 974, TRUE, 'Grandfather', NULL, NULL, NULL, NULL, FALSE);
INSERT INTO forms_section_answer (id, copied_from_id, ordinal, question_id, is_immutable, answer_text, answer_char, answer_bool, answer_int, answer_datetime, is_from_query) VALUES (3284, NULL, 11, 974, TRUE, 'Other family member', NULL, NULL, NULL, NULL, FALSE);
INSERT INTO forms_section_answer (id, copied_from_id, ordinal, question_id, is_immutable, answer_text, answer_char, answer_bool, answer_int, answer_datetime, is_from_query) VALUES (3285, NULL, 1, 975, TRUE, 'Incarcerated', NULL, NULL, NULL, NULL, FALSE);
INSERT INTO forms_section_answer (id, copied_from_id, ordinal, question_id, is_immutable, answer_text, answer_char, answer_bool, answer_int, answer_datetime, is_from_query) VALUES (3286, NULL, 2, 975, TRUE, 'On parole', NULL, NULL, NULL, NULL, FALSE);
INSERT INTO forms_section_answer (id, copied_from_id, ordinal, question_id, is_immutable, answer_text, answer_char, answer_bool, answer_int, answer_datetime, is_from_query) VALUES (3287, NULL, 3, 975, TRUE, 'On probation', NULL, NULL, NULL, NULL, FALSE);
INSERT INTO forms_section_answer (id, copied_from_id, ordinal, question_id, is_immutable, answer_text, answer_char, answer_bool, answer_int, answer_datetime, is_from_query) VALUES (3288, NULL, 4, 975, TRUE, 'None of the above', NULL, NULL, NULL, NULL, FALSE);
INSERT INTO forms_section_answer (id, copied_from_id, ordinal, question_id, is_immutable, answer_text, answer_char, answer_bool, answer_int, answer_datetime, is_from_query) VALUES (3289, NULL, 1, 976, TRUE, 'Mother', NULL, NULL, NULL, NULL, FALSE);
INSERT INTO forms_section_answer (id, copied_from_id, ordinal, question_id, is_immutable, answer_text, answer_char, answer_bool, answer_int, answer_datetime, is_from_query) VALUES (3290, NULL, 2, 976, TRUE, 'Step-Mother', NULL, NULL, NULL, NULL, FALSE);
INSERT INTO forms_section_answer (id, copied_from_id, ordinal, question_id, is_immutable, answer_text, answer_char, answer_bool, answer_int, answer_datetime, is_from_query) VALUES (3291, NULL, 3, 976, TRUE, 'Father', NULL, NULL, NULL, NULL, FALSE);
INSERT INTO forms_section_answer (id, copied_from_id, ordinal, question_id, is_immutable, answer_text, answer_char, answer_bool, answer_int, answer_datetime, is_from_query) VALUES (3292, NULL, 4, 976, TRUE, 'Step-Father', NULL, NULL, NULL, NULL, FALSE);
INSERT INTO forms_section_answer (id, copied_from_id, ordinal, question_id, is_immutable, answer_text, answer_char, answer_bool, answer_int, answer_datetime, is_from_query) VALUES (3293, NULL, 5, 976, TRUE, 'Sister(s)', NULL, NULL, NULL, NULL, FALSE);
INSERT INTO forms_section_answer (id, copied_from_id, ordinal, question_id, is_immutable, answer_text, answer_char, answer_bool, answer_int, answer_datetime, is_from_query) VALUES (3294, NULL, 6, 976, TRUE, 'Brother(s)', NULL, NULL, NULL, NULL, FALSE);
INSERT INTO forms_section_answer (id, copied_from_id, ordinal, question_id, is_immutable, answer_text, answer_char, answer_bool, answer_int, answer_datetime, is_from_query) VALUES (3295, NULL, 7, 976, TRUE, 'Aunt', NULL, NULL, NULL, NULL, FALSE);
INSERT INTO forms_section_answer (id, copied_from_id, ordinal, question_id, is_immutable, answer_text, answer_char, answer_bool, answer_int, answer_datetime, is_from_query) VALUES (3296, NULL, 8, 976, TRUE, 'Uncle', NULL, NULL, NULL, NULL, FALSE);
INSERT INTO forms_section_answer (id, copied_from_id, ordinal, question_id, is_immutable, answer_text, answer_char, answer_bool, answer_int, answer_datetime, is_from_query) VALUES (3297, NULL, 9, 976, TRUE, 'Grandmother', NULL, NULL, NULL, NULL, FALSE);
INSERT INTO forms_section_answer (id, copied_from_id, ordinal, question_id, is_immutable, answer_text, answer_char, answer_bool, answer_int, answer_datetime, is_from_query) VALUES (3298, NULL, 10, 976, TRUE, 'Grandfather', NULL, NULL, NULL, NULL, FALSE);
INSERT INTO forms_section_answer (id, copied_from_id, ordinal, question_id, is_immutable, answer_text, answer_char, answer_bool, answer_int, answer_datetime, is_from_query) VALUES (3299, NULL, 11, 976, TRUE, 'Other family member', NULL, NULL, NULL, NULL, FALSE);
INSERT INTO forms_section_answer (id, copied_from_id, ordinal, question_id, is_immutable, answer_text, answer_char, answer_bool, answer_int, answer_datetime, is_from_query) VALUES (3300, NULL, 1, 977, TRUE, 'Yes', NULL, NULL, NULL, NULL, FALSE);
INSERT INTO forms_section_answer (id, copied_from_id, ordinal, question_id, is_immutable, answer_text, answer_char, answer_bool, answer_int, answer_datetime, is_from_query) VALUES (3301, NULL, 2, 977, TRUE, 'No', NULL, NULL, NULL, NULL, FALSE);
INSERT INTO forms_section_answer (id, copied_from_id, ordinal, question_id, is_immutable, answer_text, answer_char, answer_bool, answer_int, answer_datetime, is_from_query) VALUES (3302, NULL, 1, 978, TRUE, 'Yes', NULL, NULL, NULL, NULL, FALSE);
INSERT INTO forms_section_answer (id, copied_from_id, ordinal, question_id, is_immutable, answer_text, answer_char, answer_bool, answer_int, answer_datetime, is_from_query) VALUES (3303, NULL, 2, 978, TRUE, 'No', NULL, NULL, NULL, NULL, FALSE);
INSERT INTO forms_section_answer (id, copied_from_id, ordinal, question_id, is_immutable, answer_text, answer_char, answer_bool, answer_int, answer_datetime, is_from_query) VALUES (3304, NULL, 1, 979, TRUE, 'Some high school', NULL, NULL, NULL, NULL, FALSE);
INSERT INTO forms_section_answer (id, copied_from_id, ordinal, question_id, is_immutable, answer_text, answer_char, answer_bool, answer_int, answer_datetime, is_from_query) VALUES (3305, NULL, 2, 979, TRUE, 'High school graduate', NULL, NULL, NULL, NULL, FALSE);
INSERT INTO forms_section_answer (id, copied_from_id, ordinal, question_id, is_immutable, answer_text, answer_char, answer_bool, answer_int, answer_datetime, is_from_query) VALUES (3306, NULL, 3, 979, TRUE, 'Earn a Vocation/Technical school certificate (i.e. culinary school, beauty/barber school)', NULL, NULL, NULL, NULL, FALSE);
INSERT INTO forms_section_answer (id, copied_from_id, ordinal, question_id, is_immutable, answer_text, answer_char, answer_bool, answer_int, answer_datetime, is_from_query) VALUES (3307, NULL, 4, 979, TRUE, 'Earn an Associate''s degree (graduation from a 2 year college)', NULL, NULL, NULL, NULL, FALSE);
INSERT INTO forms_section_answer (id, copied_from_id, ordinal, question_id, is_immutable, answer_text, answer_char, answer_bool, answer_int, answer_datetime, is_from_query) VALUES (3308, NULL, 5, 979, TRUE, 'Earn a Bachelor''s degree (graduation from a 4 year college)', NULL, NULL, NULL, NULL, FALSE);
INSERT INTO forms_section_answer (id, copied_from_id, ordinal, question_id, is_immutable, answer_text, answer_char, answer_bool, answer_int, answer_datetime, is_from_query) VALUES (3309, NULL, 6, 979, TRUE, 'Earn a Graduate or professional degree (RN, MSW, MA/MS, MD, JD, PhD)', NULL, NULL, NULL, NULL, FALSE);
INSERT INTO forms_section_answer (id, copied_from_id, ordinal, question_id, is_immutable, answer_text, answer_char, answer_bool, answer_int, answer_datetime, is_from_query) VALUES (3310, NULL, 1, 984, TRUE, 'Any - No Preference', NULL, NULL, NULL, NULL, FALSE);
INSERT INTO forms_section_answer (id, copied_from_id, ordinal, question_id, is_immutable, answer_text, answer_char, answer_bool, answer_int, answer_datetime, is_from_query) VALUES (3311, NULL, 2, 984, TRUE, 'Writing a resume and cover letter', NULL, NULL, NULL, NULL, FALSE);
INSERT INTO forms_section_answer (id, copied_from_id, ordinal, question_id, is_immutable, answer_text, answer_char, answer_bool, answer_int, answer_datetime, is_from_query) VALUES (3312, NULL, 3, 984, TRUE, 'Getting a job while you are in high school', NULL, NULL, NULL, NULL, FALSE);
INSERT INTO forms_section_answer (id, copied_from_id, ordinal, question_id, is_immutable, answer_text, answer_char, answer_bool, answer_int, answer_datetime, is_from_query) VALUES (3313, NULL, 4, 984, TRUE, 'Getting an internship while you are in high school', NULL, NULL, NULL, NULL, FALSE);
INSERT INTO forms_section_answer (id, copied_from_id, ordinal, question_id, is_immutable, answer_text, answer_char, answer_bool, answer_int, answer_datetime, is_from_query) VALUES (3314, NULL, 5, 984, TRUE, 'Learning how to prepare for your career', NULL, NULL, NULL, NULL, FALSE);
INSERT INTO forms_section_answer (id, copied_from_id, ordinal, question_id, is_immutable, answer_text, answer_char, answer_bool, answer_int, answer_datetime, is_from_query) VALUES (3315, NULL, 1, 986, TRUE, 'Accounting', NULL, NULL, NULL, NULL, FALSE);
INSERT INTO forms_section_answer (id, copied_from_id, ordinal, question_id, is_immutable, answer_text, answer_char, answer_bool, answer_int, answer_datetime, is_from_query) VALUES (3316, NULL, 2, 986, TRUE, 'American Studies', NULL, NULL, NULL, NULL, FALSE);
INSERT INTO forms_section_answer (id, copied_from_id, ordinal, question_id, is_immutable, answer_text, answer_char, answer_bool, answer_int, answer_datetime, is_from_query) VALUES (3317, NULL, 3, 986, TRUE, 'Anthropology', NULL, NULL, NULL, NULL, FALSE);
INSERT INTO forms_section_answer (id, copied_from_id, ordinal, question_id, is_immutable, answer_text, answer_char, answer_bool, answer_int, answer_datetime, is_from_query) VALUES (3318, NULL, 4, 986, TRUE, 'Architecture', NULL, NULL, NULL, NULL, FALSE);
INSERT INTO forms_section_answer (id, copied_from_id, ordinal, question_id, is_immutable, answer_text, answer_char, answer_bool, answer_int, answer_datetime, is_from_query) VALUES (3319, NULL, 5, 986, TRUE, 'Art History', NULL, NULL, NULL, NULL, FALSE);
INSERT INTO forms_section_answer (id, copied_from_id, ordinal, question_id, is_immutable, answer_text, answer_char, answer_bool, answer_int, answer_datetime, is_from_query) VALUES (3320, NULL, 6, 986, TRUE, 'Art Studio', NULL, NULL, NULL, NULL, FALSE);
INSERT INTO forms_section_answer (id, copied_from_id, ordinal, question_id, is_immutable, answer_text, answer_char, answer_bool, answer_int, answer_datetime, is_from_query) VALUES (3321, NULL, 7, 986, TRUE, 'Biochemistry', NULL, NULL, NULL, NULL, FALSE);
INSERT INTO forms_section_answer (id, copied_from_id, ordinal, question_id, is_immutable, answer_text, answer_char, answer_bool, answer_int, answer_datetime, is_from_query) VALUES (3322, NULL, 8, 986, TRUE, 'Biology', NULL, NULL, NULL, NULL, FALSE);
INSERT INTO forms_section_answer (id, copied_from_id, ordinal, question_id, is_immutable, answer_text, answer_char, answer_bool, answer_int, answer_datetime, is_from_query) VALUES (3323, NULL, 9, 986, TRUE, 'Biophysics', NULL, NULL, NULL, NULL, FALSE);
INSERT INTO forms_section_answer (id, copied_from_id, ordinal, question_id, is_immutable, answer_text, answer_char, answer_bool, answer_int, answer_datetime, is_from_query) VALUES (3324, NULL, 10, 986, TRUE, 'Business Administration', NULL, NULL, NULL, NULL, FALSE);
INSERT INTO forms_section_answer (id, copied_from_id, ordinal, question_id, is_immutable, answer_text, answer_char, answer_bool, answer_int, answer_datetime, is_from_query) VALUES (3325, NULL, 11, 986, TRUE, 'Chemistry', NULL, NULL, NULL, NULL, FALSE);
INSERT INTO forms_section_answer (id, copied_from_id, ordinal, question_id, is_immutable, answer_text, answer_char, answer_bool, answer_int, answer_datetime, is_from_query) VALUES (3326, NULL, 12, 986, TRUE, 'Classics (Greek / Latin)', NULL, NULL, NULL, NULL, FALSE);
INSERT INTO forms_section_answer (id, copied_from_id, ordinal, question_id, is_immutable, answer_text, answer_char, answer_bool, answer_int, answer_datetime, is_from_query) VALUES (3327, NULL, 13, 986, TRUE, 'Communication', NULL, NULL, NULL, NULL, FALSE);
INSERT INTO forms_section_answer (id, copied_from_id, ordinal, question_id, is_immutable, answer_text, answer_char, answer_bool, answer_int, answer_datetime, is_from_query) VALUES (3328, NULL, 14, 986, TRUE, 'Computer Science', NULL, NULL, NULL, NULL, FALSE);
INSERT INTO forms_section_answer (id, copied_from_id, ordinal, question_id, is_immutable, answer_text, answer_char, answer_bool, answer_int, answer_datetime, is_from_query) VALUES (3329, NULL, 15, 986, TRUE, 'Criminal Justice', NULL, NULL, NULL, NULL, FALSE);
INSERT INTO forms_section_answer (id, copied_from_id, ordinal, question_id, is_immutable, answer_text, answer_char, answer_bool, answer_int, answer_datetime, is_from_query) VALUES (3330, NULL, 16, 986, TRUE, 'Economics', NULL, NULL, NULL, NULL, FALSE);
INSERT INTO forms_section_answer (id, copied_from_id, ordinal, question_id, is_immutable, answer_text, answer_char, answer_bool, answer_int, answer_datetime, is_from_query) VALUES (3331, NULL, 17, 986, TRUE, 'Education (Teaching)', NULL, NULL, NULL, NULL, FALSE);
INSERT INTO forms_section_answer (id, copied_from_id, ordinal, question_id, is_immutable, answer_text, answer_char, answer_bool, answer_int, answer_datetime, is_from_query) VALUES (3332, NULL, 18, 986, TRUE, 'English', NULL, NULL, NULL, NULL, FALSE);
INSERT INTO forms_section_answer (id, copied_from_id, ordinal, question_id, is_immutable, answer_text, answer_char, answer_bool, answer_int, answer_datetime, is_from_query) VALUES (3333, NULL, 19, 986, TRUE, 'Engineering', NULL, NULL, NULL, NULL, FALSE);
INSERT INTO forms_section_answer (id, copied_from_id, ordinal, question_id, is_immutable, answer_text, answer_char, answer_bool, answer_int, answer_datetime, is_from_query) VALUES (3334, NULL, 20, 986, TRUE, 'Foreign Language, Literatures, and Linguistics', NULL, NULL, NULL, NULL, FALSE);
INSERT INTO forms_section_answer (id, copied_from_id, ordinal, question_id, is_immutable, answer_text, answer_char, answer_bool, answer_int, answer_datetime, is_from_query) VALUES (3335, NULL, 21, 986, TRUE, 'Geography', NULL, NULL, NULL, NULL, FALSE);
INSERT INTO forms_section_answer (id, copied_from_id, ordinal, question_id, is_immutable, answer_text, answer_char, answer_bool, answer_int, answer_datetime, is_from_query) VALUES (3336, NULL, 22, 986, TRUE, 'History', NULL, NULL, NULL, NULL, FALSE);
INSERT INTO forms_section_answer (id, copied_from_id, ordinal, question_id, is_immutable, answer_text, answer_char, answer_bool, answer_int, answer_datetime, is_from_query) VALUES (3337, NULL, 23, 986, TRUE, 'International Relations', NULL, NULL, NULL, NULL, FALSE);
INSERT INTO forms_section_answer (id, copied_from_id, ordinal, question_id, is_immutable, answer_text, answer_char, answer_bool, answer_int, answer_datetime, is_from_query) VALUES (3338, NULL, 24, 986, TRUE, 'Journalism', NULL, NULL, NULL, NULL, FALSE);
INSERT INTO forms_section_answer (id, copied_from_id, ordinal, question_id, is_immutable, answer_text, answer_char, answer_bool, answer_int, answer_datetime, is_from_query) VALUES (3339, NULL, 25, 986, TRUE, 'Library Sciences', NULL, NULL, NULL, NULL, FALSE);
INSERT INTO forms_section_answer (id, copied_from_id, ordinal, question_id, is_immutable, answer_text, answer_char, answer_bool, answer_int, answer_datetime, is_from_query) VALUES (3340, NULL, 26, 986, TRUE, 'Mathematics', NULL, NULL, NULL, NULL, FALSE);
INSERT INTO forms_section_answer (id, copied_from_id, ordinal, question_id, is_immutable, answer_text, answer_char, answer_bool, answer_int, answer_datetime, is_from_query) VALUES (3341, NULL, 27, 986, TRUE, 'Philosophy', NULL, NULL, NULL, NULL, FALSE);
INSERT INTO forms_section_answer (id, copied_from_id, ordinal, question_id, is_immutable, answer_text, answer_char, answer_bool, answer_int, answer_datetime, is_from_query) VALUES (3342, NULL, 28, 986, TRUE, 'Physics & Astronomy', NULL, NULL, NULL, NULL, FALSE);
INSERT INTO forms_section_answer (id, copied_from_id, ordinal, question_id, is_immutable, answer_text, answer_char, answer_bool, answer_int, answer_datetime, is_from_query) VALUES (3343, NULL, 29, 986, TRUE, 'Political Science', NULL, NULL, NULL, NULL, FALSE);
INSERT INTO forms_section_answer (id, copied_from_id, ordinal, question_id, is_immutable, answer_text, answer_char, answer_bool, answer_int, answer_datetime, is_from_query) VALUES (3344, NULL, 30, 986, TRUE, 'Psychology', NULL, NULL, NULL, NULL, FALSE);
INSERT INTO forms_section_answer (id, copied_from_id, ordinal, question_id, is_immutable, answer_text, answer_char, answer_bool, answer_int, answer_datetime, is_from_query) VALUES (3345, NULL, 31, 986, TRUE, 'Religion / Theology', NULL, NULL, NULL, NULL, FALSE);
INSERT INTO forms_section_answer (id, copied_from_id, ordinal, question_id, is_immutable, answer_text, answer_char, answer_bool, answer_int, answer_datetime, is_from_query) VALUES (3346, NULL, 32, 986, TRUE, 'Sociology', NULL, NULL, NULL, NULL, FALSE);
INSERT INTO forms_section_answer (id, copied_from_id, ordinal, question_id, is_immutable, answer_text, answer_char, answer_bool, answer_int, answer_datetime, is_from_query) VALUES (3347, NULL, 33, 986, TRUE, 'Women''s and Gender Studies', NULL, NULL, NULL, NULL, FALSE);
INSERT INTO forms_section_answer (id, copied_from_id, ordinal, question_id, is_immutable, answer_text, answer_char, answer_bool, answer_int, answer_datetime, is_from_query) VALUES (3348, NULL, 1, 987, TRUE, 'Accounting', NULL, NULL, NULL, NULL, FALSE);
INSERT INTO forms_section_answer (id, copied_from_id, ordinal, question_id, is_immutable, answer_text, answer_char, answer_bool, answer_int, answer_datetime, is_from_query) VALUES (3349, NULL, 2, 987, TRUE, 'American Studies', NULL, NULL, NULL, NULL, FALSE);
INSERT INTO forms_section_answer (id, copied_from_id, ordinal, question_id, is_immutable, answer_text, answer_char, answer_bool, answer_int, answer_datetime, is_from_query) VALUES (3350, NULL, 3, 987, TRUE, 'Anthropology', NULL, NULL, NULL, NULL, FALSE);
INSERT INTO forms_section_answer (id, copied_from_id, ordinal, question_id, is_immutable, answer_text, answer_char, answer_bool, answer_int, answer_datetime, is_from_query) VALUES (3351, NULL, 4, 987, TRUE, 'Architecture', NULL, NULL, NULL, NULL, FALSE);
INSERT INTO forms_section_answer (id, copied_from_id, ordinal, question_id, is_immutable, answer_text, answer_char, answer_bool, answer_int, answer_datetime, is_from_query) VALUES (3352, NULL, 5, 987, TRUE, 'Art History', NULL, NULL, NULL, NULL, FALSE);
INSERT INTO forms_section_answer (id, copied_from_id, ordinal, question_id, is_immutable, answer_text, answer_char, answer_bool, answer_int, answer_datetime, is_from_query) VALUES (3353, NULL, 6, 987, TRUE, 'Art Studio', NULL, NULL, NULL, NULL, FALSE);
INSERT INTO forms_section_answer (id, copied_from_id, ordinal, question_id, is_immutable, answer_text, answer_char, answer_bool, answer_int, answer_datetime, is_from_query) VALUES (3354, NULL, 7, 987, TRUE, 'Biochemistry', NULL, NULL, NULL, NULL, FALSE);
INSERT INTO forms_section_answer (id, copied_from_id, ordinal, question_id, is_immutable, answer_text, answer_char, answer_bool, answer_int, answer_datetime, is_from_query) VALUES (3355, NULL, 8, 987, TRUE, 'Biology', NULL, NULL, NULL, NULL, FALSE);
INSERT INTO forms_section_answer (id, copied_from_id, ordinal, question_id, is_immutable, answer_text, answer_char, answer_bool, answer_int, answer_datetime, is_from_query) VALUES (3356, NULL, 9, 987, TRUE, 'Biophysics', NULL, NULL, NULL, NULL, FALSE);
INSERT INTO forms_section_answer (id, copied_from_id, ordinal, question_id, is_immutable, answer_text, answer_char, answer_bool, answer_int, answer_datetime, is_from_query) VALUES (3357, NULL, 10, 987, TRUE, 'Business Administration', NULL, NULL, NULL, NULL, FALSE);
INSERT INTO forms_section_answer (id, copied_from_id, ordinal, question_id, is_immutable, answer_text, answer_char, answer_bool, answer_int, answer_datetime, is_from_query) VALUES (3358, NULL, 11, 987, TRUE, 'Chemistry', NULL, NULL, NULL, NULL, FALSE);
INSERT INTO forms_section_answer (id, copied_from_id, ordinal, question_id, is_immutable, answer_text, answer_char, answer_bool, answer_int, answer_datetime, is_from_query) VALUES (3359, NULL, 12, 987, TRUE, 'Classics (Greek / Latin)', NULL, NULL, NULL, NULL, FALSE);
INSERT INTO forms_section_answer (id, copied_from_id, ordinal, question_id, is_immutable, answer_text, answer_char, answer_bool, answer_int, answer_datetime, is_from_query) VALUES (3360, NULL, 13, 987, TRUE, 'Communication', NULL, NULL, NULL, NULL, FALSE);
INSERT INTO forms_section_answer (id, copied_from_id, ordinal, question_id, is_immutable, answer_text, answer_char, answer_bool, answer_int, answer_datetime, is_from_query) VALUES (3361, NULL, 14, 987, TRUE, 'Computer Science', NULL, NULL, NULL, NULL, FALSE);
INSERT INTO forms_section_answer (id, copied_from_id, ordinal, question_id, is_immutable, answer_text, answer_char, answer_bool, answer_int, answer_datetime, is_from_query) VALUES (3362, NULL, 15, 987, TRUE, 'Criminal Justice', NULL, NULL, NULL, NULL, FALSE);
INSERT INTO forms_section_answer (id, copied_from_id, ordinal, question_id, is_immutable, answer_text, answer_char, answer_bool, answer_int, answer_datetime, is_from_query) VALUES (3363, NULL, 16, 987, TRUE, 'Economics', NULL, NULL, NULL, NULL, FALSE);
INSERT INTO forms_section_answer (id, copied_from_id, ordinal, question_id, is_immutable, answer_text, answer_char, answer_bool, answer_int, answer_datetime, is_from_query) VALUES (3364, NULL, 17, 987, TRUE, 'Education (Teaching)', NULL, NULL, NULL, NULL, FALSE);
INSERT INTO forms_section_answer (id, copied_from_id, ordinal, question_id, is_immutable, answer_text, answer_char, answer_bool, answer_int, answer_datetime, is_from_query) VALUES (3365, NULL, 18, 987, TRUE, 'English', NULL, NULL, NULL, NULL, FALSE);
INSERT INTO forms_section_answer (id, copied_from_id, ordinal, question_id, is_immutable, answer_text, answer_char, answer_bool, answer_int, answer_datetime, is_from_query) VALUES (3366, NULL, 19, 987, TRUE, 'Engineering', NULL, NULL, NULL, NULL, FALSE);
INSERT INTO forms_section_answer (id, copied_from_id, ordinal, question_id, is_immutable, answer_text, answer_char, answer_bool, answer_int, answer_datetime, is_from_query) VALUES (3367, NULL, 20, 987, TRUE, 'Foreign Language, Literatures, and Linguistics', NULL, NULL, NULL, NULL, FALSE);
INSERT INTO forms_section_answer (id, copied_from_id, ordinal, question_id, is_immutable, answer_text, answer_char, answer_bool, answer_int, answer_datetime, is_from_query) VALUES (3368, NULL, 21, 987, TRUE, 'Geography', NULL, NULL, NULL, NULL, FALSE);
INSERT INTO forms_section_answer (id, copied_from_id, ordinal, question_id, is_immutable, answer_text, answer_char, answer_bool, answer_int, answer_datetime, is_from_query) VALUES (3369, NULL, 22, 987, TRUE, 'History', NULL, NULL, NULL, NULL, FALSE);
INSERT INTO forms_section_answer (id, copied_from_id, ordinal, question_id, is_immutable, answer_text, answer_char, answer_bool, answer_int, answer_datetime, is_from_query) VALUES (3370, NULL, 23, 987, TRUE, 'International Relations', NULL, NULL, NULL, NULL, FALSE);
INSERT INTO forms_section_answer (id, copied_from_id, ordinal, question_id, is_immutable, answer_text, answer_char, answer_bool, answer_int, answer_datetime, is_from_query) VALUES (3371, NULL, 24, 987, TRUE, 'Journalism', NULL, NULL, NULL, NULL, FALSE);
INSERT INTO forms_section_answer (id, copied_from_id, ordinal, question_id, is_immutable, answer_text, answer_char, answer_bool, answer_int, answer_datetime, is_from_query) VALUES (3372, NULL, 25, 987, TRUE, 'Library Sciences', NULL, NULL, NULL, NULL, FALSE);
INSERT INTO forms_section_answer (id, copied_from_id, ordinal, question_id, is_immutable, answer_text, answer_char, answer_bool, answer_int, answer_datetime, is_from_query) VALUES (3373, NULL, 26, 987, TRUE, 'Mathematics', NULL, NULL, NULL, NULL, FALSE);
INSERT INTO forms_section_answer (id, copied_from_id, ordinal, question_id, is_immutable, answer_text, answer_char, answer_bool, answer_int, answer_datetime, is_from_query) VALUES (3374, NULL, 27, 987, TRUE, 'Philosophy', NULL, NULL, NULL, NULL, FALSE);
INSERT INTO forms_section_answer (id, copied_from_id, ordinal, question_id, is_immutable, answer_text, answer_char, answer_bool, answer_int, answer_datetime, is_from_query) VALUES (3375, NULL, 28, 987, TRUE, 'Physics & Astronomy', NULL, NULL, NULL, NULL, FALSE);
INSERT INTO forms_section_answer (id, copied_from_id, ordinal, question_id, is_immutable, answer_text, answer_char, answer_bool, answer_int, answer_datetime, is_from_query) VALUES (3376, NULL, 29, 987, TRUE, 'Political Science', NULL, NULL, NULL, NULL, FALSE);
INSERT INTO forms_section_answer (id, copied_from_id, ordinal, question_id, is_immutable, answer_text, answer_char, answer_bool, answer_int, answer_datetime, is_from_query) VALUES (3377, NULL, 30, 987, TRUE, 'Psychology', NULL, NULL, NULL, NULL, FALSE);
INSERT INTO forms_section_answer (id, copied_from_id, ordinal, question_id, is_immutable, answer_text, answer_char, answer_bool, answer_int, answer_datetime, is_from_query) VALUES (3378, NULL, 31, 987, TRUE, 'Religion / Theology', NULL, NULL, NULL, NULL, FALSE);
INSERT INTO forms_section_answer (id, copied_from_id, ordinal, question_id, is_immutable, answer_text, answer_char, answer_bool, answer_int, answer_datetime, is_from_query) VALUES (3379, NULL, 32, 987, TRUE, 'Sociology', NULL, NULL, NULL, NULL, FALSE);
INSERT INTO forms_section_answer (id, copied_from_id, ordinal, question_id, is_immutable, answer_text, answer_char, answer_bool, answer_int, answer_datetime, is_from_query) VALUES (3380, NULL, 33, 987, TRUE, 'Women''s and Gender Studies', NULL, NULL, NULL, NULL, FALSE);
INSERT INTO forms_section_answer (id, copied_from_id, ordinal, question_id, is_immutable, answer_text, answer_char, answer_bool, answer_int, answer_datetime, is_from_query) VALUES (3381, NULL, 1, 988, TRUE, 'Went to high school in Dallas, Tarrant or Harris County', NULL, NULL, NULL, NULL, FALSE);
INSERT INTO forms_section_answer (id, copied_from_id, ordinal, question_id, is_immutable, answer_text, answer_char, answer_bool, answer_int, answer_datetime, is_from_query) VALUES (3382, NULL, 2, 988, TRUE, 'Had to change schools at some point and had to become the "new kid" all over again.', NULL, NULL, NULL, NULL, FALSE);
INSERT INTO forms_section_answer (id, copied_from_id, ordinal, question_id, is_immutable, answer_text, answer_char, answer_bool, answer_int, answer_datetime, is_from_query) VALUES (3383, NULL, 3, 988, TRUE, 'Grew up in another country', NULL, NULL, NULL, NULL, FALSE);
INSERT INTO forms_section_answer (id, copied_from_id, ordinal, question_id, is_immutable, answer_text, answer_char, answer_bool, answer_int, answer_datetime, is_from_query) VALUES (3384, NULL, 4, 988, TRUE, 'Was not a native English speaker', NULL, NULL, NULL, NULL, FALSE);
INSERT INTO forms_section_answer (id, copied_from_id, ordinal, question_id, is_immutable, answer_text, answer_char, answer_bool, answer_int, answer_datetime, is_from_query) VALUES (3385, NULL, 5, 988, TRUE, 'Worked a job while in high school', NULL, NULL, NULL, NULL, FALSE);
INSERT INTO forms_section_answer (id, copied_from_id, ordinal, question_id, is_immutable, answer_text, answer_char, answer_bool, answer_int, answer_datetime, is_from_query) VALUES (3386, NULL, 6, 988, TRUE, 'Helped to financially support family while in high school', NULL, NULL, NULL, NULL, FALSE);
INSERT INTO forms_section_answer (id, copied_from_id, ordinal, question_id, is_immutable, answer_text, answer_char, answer_bool, answer_int, answer_datetime, is_from_query) VALUES (3387, NULL, 7, 988, TRUE, 'Did not know what I wanted to do after high school', NULL, NULL, NULL, NULL, FALSE);
INSERT INTO forms_section_answer (id, copied_from_id, ordinal, question_id, is_immutable, answer_text, answer_char, answer_bool, answer_int, answer_datetime, is_from_query) VALUES (3388, NULL, 8, 988, TRUE, 'Had to take care of a sibling or family member while growing up', NULL, NULL, NULL, NULL, FALSE);
INSERT INTO forms_section_answer (id, copied_from_id, ordinal, question_id, is_immutable, answer_text, answer_char, answer_bool, answer_int, answer_datetime, is_from_query) VALUES (3389, NULL, 9, 988, TRUE, 'Grew up in a single-parent household', NULL, NULL, NULL, NULL, FALSE);
INSERT INTO forms_section_answer (id, copied_from_id, ordinal, question_id, is_immutable, answer_text, answer_char, answer_bool, answer_int, answer_datetime, is_from_query) VALUES (3390, NULL, 10, 988, TRUE, 'Was a high performing student', NULL, NULL, NULL, NULL, FALSE);
INSERT INTO forms_section_answer (id, copied_from_id, ordinal, question_id, is_immutable, answer_text, answer_char, answer_bool, answer_int, answer_datetime, is_from_query) VALUES (3391, NULL, 11, 988, TRUE, 'Was a low performing student', NULL, NULL, NULL, NULL, FALSE);
INSERT INTO forms_section_answer (id, copied_from_id, ordinal, question_id, is_immutable, answer_text, answer_char, answer_bool, answer_int, answer_datetime, is_from_query) VALUES (3392, NULL, 12, 988, TRUE, 'Got in trouble a lot during school', NULL, NULL, NULL, NULL, FALSE);
INSERT INTO forms_section_answer (id, copied_from_id, ordinal, question_id, is_immutable, answer_text, answer_char, answer_bool, answer_int, answer_datetime, is_from_query) VALUES (3393, NULL, 13, 988, TRUE, 'Was one of the more outgoing students in his/her school.', NULL, NULL, NULL, NULL, FALSE);
INSERT INTO forms_section_answer (id, copied_from_id, ordinal, question_id, is_immutable, answer_text, answer_char, answer_bool, answer_int, answer_datetime, is_from_query) VALUES (3394, NULL, 14, 988, TRUE, 'Was one of the more shy students in his/her school', NULL, NULL, NULL, NULL, FALSE);
INSERT INTO forms_section_answer (id, copied_from_id, ordinal, question_id, is_immutable, answer_text, answer_char, answer_bool, answer_int, answer_datetime, is_from_query) VALUES (3395, NULL, 15, 988, TRUE, 'Was bullied or had other social struggles', NULL, NULL, NULL, NULL, FALSE);
INSERT INTO forms_section_answer (id, copied_from_id, ordinal, question_id, is_immutable, answer_text, answer_char, answer_bool, answer_int, answer_datetime, is_from_query) VALUES (3396, NULL, 16, 988, TRUE, 'Had friends or family struggle with substance absuse/personally struggled with substance abuse or pressure to use', NULL, NULL, NULL, NULL, FALSE);
INSERT INTO forms_section_answer (id, copied_from_id, ordinal, question_id, is_immutable, answer_text, answer_char, answer_bool, answer_int, answer_datetime, is_from_query) VALUES (3397, NULL, 17, 988, TRUE, 'Identified as LGBTQ and/or had friends or family who identified as LGBTQ', NULL, NULL, NULL, NULL, FALSE);
INSERT INTO forms_section_answer (id, copied_from_id, ordinal, question_id, is_immutable, answer_text, answer_char, answer_bool, answer_int, answer_datetime, is_from_query) VALUES (3398, NULL, 18, 988, TRUE, 'Participated in sports', NULL, NULL, NULL, NULL, FALSE);
INSERT INTO forms_section_answer (id, copied_from_id, ordinal, question_id, is_immutable, answer_text, answer_char, answer_bool, answer_int, answer_datetime, is_from_query) VALUES (3399, NULL, 19, 988, TRUE, 'Participated in the arts (music, dance, theater)', NULL, NULL, NULL, NULL, FALSE);
INSERT INTO forms_section_answer (id, copied_from_id, ordinal, question_id, is_immutable, answer_text, answer_char, answer_bool, answer_int, answer_datetime, is_from_query) VALUES (3400, NULL, 20, 988, TRUE, 'Participated in Student Government', NULL, NULL, NULL, NULL, FALSE);
INSERT INTO forms_section_answer (id, copied_from_id, ordinal, question_id, is_immutable, answer_text, answer_char, answer_bool, answer_int, answer_datetime, is_from_query) VALUES (3401, NULL, 1, 989, TRUE, 'Any - No Preference', NULL, NULL, NULL, NULL, FALSE);
INSERT INTO forms_section_answer (id, copied_from_id, ordinal, question_id, is_immutable, answer_text, answer_char, answer_bool, answer_int, answer_datetime, is_from_query) VALUES (3402, NULL, 2, 989, TRUE, 'English', NULL, NULL, NULL, NULL, FALSE);
INSERT INTO forms_section_answer (id, copied_from_id, ordinal, question_id, is_immutable, answer_text, answer_char, answer_bool, answer_int, answer_datetime, is_from_query) VALUES (3403, NULL, 3, 989, TRUE, 'Math', NULL, NULL, NULL, NULL, FALSE);
INSERT INTO forms_section_answer (id, copied_from_id, ordinal, question_id, is_immutable, answer_text, answer_char, answer_bool, answer_int, answer_datetime, is_from_query) VALUES (3404, NULL, 4, 989, TRUE, 'Science', NULL, NULL, NULL, NULL, FALSE);
INSERT INTO forms_section_answer (id, copied_from_id, ordinal, question_id, is_immutable, answer_text, answer_char, answer_bool, answer_int, answer_datetime, is_from_query) VALUES (3405, NULL, 5, 989, TRUE, 'History', NULL, NULL, NULL, NULL, FALSE);
INSERT INTO forms_section_answer (id, copied_from_id, ordinal, question_id, is_immutable, answer_text, answer_char, answer_bool, answer_int, answer_datetime, is_from_query) VALUES (3406, NULL, 6, 989, TRUE, 'Computer Science', NULL, NULL, NULL, NULL, FALSE);
INSERT INTO forms_section_answer (id, copied_from_id, ordinal, question_id, is_immutable, answer_text, answer_char, answer_bool, answer_int, answer_datetime, is_from_query) VALUES (3407, NULL, 7, 989, TRUE, 'Art and/or Music', NULL, NULL, NULL, NULL, FALSE);
INSERT INTO forms_section_answer (id, copied_from_id, ordinal, question_id, is_immutable, answer_text, answer_char, answer_bool, answer_int, answer_datetime, is_from_query) VALUES (3408, NULL, 8, 989, TRUE, 'Learning how to speak English', NULL, NULL, NULL, NULL, FALSE);
INSERT INTO forms_section_answer (id, copied_from_id, ordinal, question_id, is_immutable, answer_text, answer_char, answer_bool, answer_int, answer_datetime, is_from_query) VALUES (3409, NULL, 1, 991, TRUE, 'Well Organized', NULL, NULL, NULL, NULL, FALSE);
INSERT INTO forms_section_answer (id, copied_from_id, ordinal, question_id, is_immutable, answer_text, answer_char, answer_bool, answer_int, answer_datetime, is_from_query) VALUES (3410, NULL, 2, 991, TRUE, 'Independent', NULL, NULL, NULL, NULL, FALSE);
INSERT INTO forms_section_answer (id, copied_from_id, ordinal, question_id, is_immutable, answer_text, answer_char, answer_bool, answer_int, answer_datetime, is_from_query) VALUES (3411, NULL, 3, 991, TRUE, 'Funny', NULL, NULL, NULL, NULL, FALSE);
INSERT INTO forms_section_answer (id, copied_from_id, ordinal, question_id, is_immutable, answer_text, answer_char, answer_bool, answer_int, answer_datetime, is_from_query) VALUES (3412, NULL, 4, 991, TRUE, 'Patient', NULL, NULL, NULL, NULL, FALSE);
INSERT INTO forms_section_answer (id, copied_from_id, ordinal, question_id, is_immutable, answer_text, answer_char, answer_bool, answer_int, answer_datetime, is_from_query) VALUES (3413, NULL, 5, 991, TRUE, 'Outgoing', NULL, NULL, NULL, NULL, FALSE);
INSERT INTO forms_section_answer (id, copied_from_id, ordinal, question_id, is_immutable, answer_text, answer_char, answer_bool, answer_int, answer_datetime, is_from_query) VALUES (3414, NULL, 6, 991, TRUE, 'Creative', NULL, NULL, NULL, NULL, FALSE);
INSERT INTO forms_section_answer (id, copied_from_id, ordinal, question_id, is_immutable, answer_text, answer_char, answer_bool, answer_int, answer_datetime, is_from_query) VALUES (3415, NULL, 7, 991, TRUE, 'Quiet', NULL, NULL, NULL, NULL, FALSE);
INSERT INTO forms_section_answer (id, copied_from_id, ordinal, question_id, is_immutable, answer_text, answer_char, answer_bool, answer_int, answer_datetime, is_from_query) VALUES (3416, NULL, 8, 991, TRUE, 'Serious', NULL, NULL, NULL, NULL, FALSE);
INSERT INTO forms_section_answer (id, copied_from_id, ordinal, question_id, is_immutable, answer_text, answer_char, answer_bool, answer_int, answer_datetime, is_from_query) VALUES (3417, NULL, 9, 991, TRUE, 'Perfectionist', NULL, NULL, NULL, NULL, FALSE);
INSERT INTO forms_section_answer (id, copied_from_id, ordinal, question_id, is_immutable, answer_text, answer_char, answer_bool, answer_int, answer_datetime, is_from_query) VALUES (3418, NULL, 10, 991, TRUE, 'Ambitious', NULL, NULL, NULL, NULL, FALSE);
INSERT INTO forms_section_answer (id, copied_from_id, ordinal, question_id, is_immutable, answer_text, answer_char, answer_bool, answer_int, answer_datetime, is_from_query) VALUES (3419, NULL, 11, 991, TRUE, 'Emotional', NULL, NULL, NULL, NULL, FALSE);
INSERT INTO forms_section_answer (id, copied_from_id, ordinal, question_id, is_immutable, answer_text, answer_char, answer_bool, answer_int, answer_datetime, is_from_query) VALUES (3420, NULL, 12, 991, TRUE, 'Competitive', NULL, NULL, NULL, NULL, FALSE);
INSERT INTO forms_section_answer (id, copied_from_id, ordinal, question_id, is_immutable, answer_text, answer_char, answer_bool, answer_int, answer_datetime, is_from_query) VALUES (3421, NULL, 13, 991, TRUE, 'Talkative', NULL, NULL, NULL, NULL, FALSE);
INSERT INTO forms_section_answer (id, copied_from_id, ordinal, question_id, is_immutable, answer_text, answer_char, answer_bool, answer_int, answer_datetime, is_from_query) VALUES (3422, NULL, 14, 991, TRUE, 'Open-minded', NULL, NULL, NULL, NULL, FALSE);
INSERT INTO forms_section_answer (id, copied_from_id, ordinal, question_id, is_immutable, answer_text, answer_char, answer_bool, answer_int, answer_datetime, is_from_query) VALUES (3423, NULL, 15, 991, TRUE, 'Spiritual', NULL, NULL, NULL, NULL, FALSE);
INSERT INTO forms_section_answer (id, copied_from_id, ordinal, question_id, is_immutable, answer_text, answer_char, answer_bool, answer_int, answer_datetime, is_from_query) VALUES (3424, NULL, 1, 992, TRUE, 'Parents got divorced / separated', NULL, NULL, NULL, NULL, FALSE);
INSERT INTO forms_section_answer (id, copied_from_id, ordinal, question_id, is_immutable, answer_text, answer_char, answer_bool, answer_int, answer_datetime, is_from_query) VALUES (3425, NULL, 2, 992, TRUE, 'Had difficulty getting along with family', NULL, NULL, NULL, NULL, FALSE);
INSERT INTO forms_section_answer (id, copied_from_id, ordinal, question_id, is_immutable, answer_text, answer_char, answer_bool, answer_int, answer_datetime, is_from_query) VALUES (3426, NULL, 3, 992, TRUE, 'Has children', NULL, NULL, NULL, NULL, FALSE);
INSERT INTO forms_section_answer (id, copied_from_id, ordinal, question_id, is_immutable, answer_text, answer_char, answer_bool, answer_int, answer_datetime, is_from_query) VALUES (3427, NULL, 4, 992, TRUE, 'Someone close has passed away', NULL, NULL, NULL, NULL, FALSE);
INSERT INTO forms_section_answer (id, copied_from_id, ordinal, question_id, is_immutable, answer_text, answer_char, answer_bool, answer_int, answer_datetime, is_from_query) VALUES (3428, NULL, 5, 992, TRUE, 'Traveled internationally', NULL, NULL, NULL, NULL, FALSE);
INSERT INTO forms_section_answer (id, copied_from_id, ordinal, question_id, is_immutable, answer_text, answer_char, answer_bool, answer_int, answer_datetime, is_from_query) VALUES (3429, NULL, 6, 992, TRUE, 'Speak language other than English', NULL, NULL, NULL, NULL, FALSE);
INSERT INTO forms_section_answer (id, copied_from_id, ordinal, question_id, is_immutable, answer_text, answer_char, answer_bool, answer_int, answer_datetime, is_from_query) VALUES (3430, NULL, 7, 992, TRUE, 'Began my college career in community college', NULL, NULL, NULL, NULL, FALSE);
INSERT INTO forms_section_answer (id, copied_from_id, ordinal, question_id, is_immutable, answer_text, answer_char, answer_bool, answer_int, answer_datetime, is_from_query) VALUES (3431, NULL, 8, 992, TRUE, 'Went to college close to home', NULL, NULL, NULL, NULL, FALSE);
INSERT INTO forms_section_answer (id, copied_from_id, ordinal, question_id, is_immutable, answer_text, answer_char, answer_bool, answer_int, answer_datetime, is_from_query) VALUES (3432, NULL, 9, 992, TRUE, 'Went to college far away from home', NULL, NULL, NULL, NULL, FALSE);
INSERT INTO forms_section_answer (id, copied_from_id, ordinal, question_id, is_immutable, answer_text, answer_char, answer_bool, answer_int, answer_datetime, is_from_query) VALUES (3433, NULL, 10, 992, TRUE, 'Did not know what I wanted to study in college at first', NULL, NULL, NULL, NULL, FALSE);
INSERT INTO forms_section_answer (id, copied_from_id, ordinal, question_id, is_immutable, answer_text, answer_char, answer_bool, answer_int, answer_datetime, is_from_query) VALUES (3434, NULL, 1, 993, TRUE, 'Dealing with academic challenges', NULL, NULL, NULL, NULL, FALSE);
INSERT INTO forms_section_answer (id, copied_from_id, ordinal, question_id, is_immutable, answer_text, answer_char, answer_bool, answer_int, answer_datetime, is_from_query) VALUES (3435, NULL, 2, 993, TRUE, 'Dealing with social challenges', NULL, NULL, NULL, NULL, FALSE);
INSERT INTO forms_section_answer (id, copied_from_id, ordinal, question_id, is_immutable, answer_text, answer_char, answer_bool, answer_int, answer_datetime, is_from_query) VALUES (3436, NULL, 3, 993, TRUE, 'Dealing with personal/emotional challenges', NULL, NULL, NULL, NULL, FALSE);
INSERT INTO forms_section_answer (id, copied_from_id, ordinal, question_id, is_immutable, answer_text, answer_char, answer_bool, answer_int, answer_datetime, is_from_query) VALUES (3437, NULL, 4, 993, TRUE, 'Dealing with friendship challenges', NULL, NULL, NULL, NULL, FALSE);
INSERT INTO forms_section_answer (id, copied_from_id, ordinal, question_id, is_immutable, answer_text, answer_char, answer_bool, answer_int, answer_datetime, is_from_query) VALUES (3438, NULL, 5, 993, TRUE, 'Dealing with family challenges', NULL, NULL, NULL, NULL, FALSE);
INSERT INTO forms_section_answer (id, copied_from_id, ordinal, question_id, is_immutable, answer_text, answer_char, answer_bool, answer_int, answer_datetime, is_from_query) VALUES (3439, NULL, 6, 993, TRUE, 'Dealing with health challenges', NULL, NULL, NULL, NULL, FALSE);
INSERT INTO forms_section_answer (id, copied_from_id, ordinal, question_id, is_immutable, answer_text, answer_char, answer_bool, answer_int, answer_datetime, is_from_query) VALUES (3440, NULL, 1, 994, TRUE, 'Go to the movies', NULL, NULL, NULL, NULL, FALSE);
INSERT INTO forms_section_answer (id, copied_from_id, ordinal, question_id, is_immutable, answer_text, answer_char, answer_bool, answer_int, answer_datetime, is_from_query) VALUES (3441, NULL, 2, 994, TRUE, 'Watch TV', NULL, NULL, NULL, NULL, FALSE);
INSERT INTO forms_section_answer (id, copied_from_id, ordinal, question_id, is_immutable, answer_text, answer_char, answer_bool, answer_int, answer_datetime, is_from_query) VALUES (3442, NULL, 3, 994, TRUE, 'Visit art/history museums', NULL, NULL, NULL, NULL, FALSE);
INSERT INTO forms_section_answer (id, copied_from_id, ordinal, question_id, is_immutable, answer_text, answer_char, answer_bool, answer_int, answer_datetime, is_from_query) VALUES (3443, NULL, 4, 994, TRUE, 'See live music', NULL, NULL, NULL, NULL, FALSE);
INSERT INTO forms_section_answer (id, copied_from_id, ordinal, question_id, is_immutable, answer_text, answer_char, answer_bool, answer_int, answer_datetime, is_from_query) VALUES (3444, NULL, 5, 994, TRUE, 'Perform in a band', NULL, NULL, NULL, NULL, FALSE);
INSERT INTO forms_section_answer (id, copied_from_id, ordinal, question_id, is_immutable, answer_text, answer_char, answer_bool, answer_int, answer_datetime, is_from_query) VALUES (3445, NULL, 6, 994, TRUE, 'Spend time outdoors like the beach, park, mountains, etc.', NULL, NULL, NULL, NULL, FALSE);
INSERT INTO forms_section_answer (id, copied_from_id, ordinal, question_id, is_immutable, answer_text, answer_char, answer_bool, answer_int, answer_datetime, is_from_query) VALUES (3446, NULL, 7, 994, TRUE, 'Watch sports', NULL, NULL, NULL, NULL, FALSE);
INSERT INTO forms_section_answer (id, copied_from_id, ordinal, question_id, is_immutable, answer_text, answer_char, answer_bool, answer_int, answer_datetime, is_from_query) VALUES (3447, NULL, 8, 994, TRUE, 'Play sports', NULL, NULL, NULL, NULL, FALSE);
INSERT INTO forms_section_answer (id, copied_from_id, ordinal, question_id, is_immutable, answer_text, answer_char, answer_bool, answer_int, answer_datetime, is_from_query) VALUES (3448, NULL, 9, 994, TRUE, 'Take classes like dance, art, music, yoga, etc.', NULL, NULL, NULL, NULL, FALSE);
INSERT INTO forms_section_answer (id, copied_from_id, ordinal, question_id, is_immutable, answer_text, answer_char, answer_bool, answer_int, answer_datetime, is_from_query) VALUES (3449, NULL, 10, 994, TRUE, 'Go out to eat', NULL, NULL, NULL, NULL, FALSE);
INSERT INTO forms_section_answer (id, copied_from_id, ordinal, question_id, is_immutable, answer_text, answer_char, answer_bool, answer_int, answer_datetime, is_from_query) VALUES (3450, NULL, 11, 994, TRUE, 'Go dancing', NULL, NULL, NULL, NULL, FALSE);
INSERT INTO forms_section_answer (id, copied_from_id, ordinal, question_id, is_immutable, answer_text, answer_char, answer_bool, answer_int, answer_datetime, is_from_query) VALUES (3451, NULL, 12, 994, TRUE, 'Have dinner with family and friends', NULL, NULL, NULL, NULL, FALSE);
INSERT INTO forms_section_answer (id, copied_from_id, ordinal, question_id, is_immutable, answer_text, answer_char, answer_bool, answer_int, answer_datetime, is_from_query) VALUES (3452, NULL, 13, 994, TRUE, 'Go shopping', NULL, NULL, NULL, NULL, FALSE);
INSERT INTO forms_section_answer (id, copied_from_id, ordinal, question_id, is_immutable, answer_text, answer_char, answer_bool, answer_int, answer_datetime, is_from_query) VALUES (3453, NULL, 14, 994, TRUE, 'Explore new places', NULL, NULL, NULL, NULL, FALSE);
INSERT INTO forms_section_answer (id, copied_from_id, ordinal, question_id, is_immutable, answer_text, answer_char, answer_bool, answer_int, answer_datetime, is_from_query) VALUES (3454, NULL, 15, 994, TRUE, 'Volunteer or do community service', NULL, NULL, NULL, NULL, FALSE);
INSERT INTO forms_section_answer (id, copied_from_id, ordinal, question_id, is_immutable, answer_text, answer_char, answer_bool, answer_int, answer_datetime, is_from_query) VALUES (3455, NULL, 16, 994, TRUE, 'Participate in religious activities', NULL, NULL, NULL, NULL, FALSE);
INSERT INTO forms_section_answer (id, copied_from_id, ordinal, question_id, is_immutable, answer_text, answer_char, answer_bool, answer_int, answer_datetime, is_from_query) VALUES (3456, NULL, 17, 994, TRUE, 'Go to the gym', NULL, NULL, NULL, NULL, FALSE);
INSERT INTO forms_section_answer (id, copied_from_id, ordinal, question_id, is_immutable, answer_text, answer_char, answer_bool, answer_int, answer_datetime, is_from_query) VALUES (3457, NULL, 18, 994, TRUE, 'Read books, articles, blogs, etc.', NULL, NULL, NULL, NULL, FALSE);
INSERT INTO forms_section_answer (id, copied_from_id, ordinal, question_id, is_immutable, answer_text, answer_char, answer_bool, answer_int, answer_datetime, is_from_query) VALUES (3458, NULL, 19, 994, TRUE, 'Play video games', NULL, NULL, NULL, NULL, FALSE);
INSERT INTO forms_section_answer (id, copied_from_id, ordinal, question_id, is_immutable, answer_text, answer_char, answer_bool, answer_int, answer_datetime, is_from_query) VALUES (3459, NULL, 20, 994, TRUE, 'Write in a journal, write poetry, blog, etc.', NULL, NULL, NULL, NULL, FALSE);
INSERT INTO forms_section_answer (id, copied_from_id, ordinal, question_id, is_immutable, answer_text, answer_char, answer_bool, answer_int, answer_datetime, is_from_query) VALUES (3460, NULL, 21, 994, TRUE, 'Take pictures', NULL, NULL, NULL, NULL, FALSE);

INSERT into forms_answer_dependency (id, question_id, and_or, dependent_on_answer_id_for_question_id, dependent_on_answer_value_for_question_id) VALUES (103, 964, 'OR', 3225, NULL);
INSERT into forms_answer_dependency (id, question_id, and_or, dependent_on_answer_id_for_question_id, dependent_on_answer_value_for_question_id) VALUES (104, 974, 'OR', 3271, NULL);
INSERT into forms_answer_dependency (id, question_id, and_or, dependent_on_answer_id_for_question_id, dependent_on_answer_value_for_question_id) VALUES (105, 976, 'OR', 3285, NULL);
INSERT into forms_answer_dependency (id, question_id, and_or, dependent_on_answer_id_for_question_id, dependent_on_answer_value_for_question_id) VALUES (106, 976, 'OR', 3286, NULL);
INSERT into forms_answer_dependency (id, question_id, and_or, dependent_on_answer_id_for_question_id, dependent_on_answer_value_for_question_id) VALUES (107, 976, 'OR', 3287, NULL);