INSERT into forms_form (id, copied_from_id, description) VALUES (28, NULL, 'Mentee Application');

INSERT into forms_form_member_site (id, member_site_id, form_id) VALUES (42, 194, 28);

INSERT into forms_form_role_can_modify (id, form_id, role_id_can_modify) VALUES (55, 28, 6);
INSERT into forms_form_role_can_modify (id, form_id, role_id_can_modify) VALUES (56, 28, 1);

INSERT into forms_form_role_can_answer (id, form_id, role_id_can_answer) VALUES (82, 28, 6);
INSERT into forms_form_role_can_answer (id, form_id, role_id_can_answer) VALUES (83, 28, 1);
INSERT into forms_form_role_can_answer (id, form_id, role_id_can_answer) VALUES (84, 28, 5);

INSERT into forms_section (id, copied_from_id, description, form_id) VALUES (96, NULL, 'Contact Information', 28);
INSERT into forms_section (id, copied_from_id, description, form_id) VALUES (97, NULL, 'Evaluation', 28);
INSERT into forms_section (id, copied_from_id, description, form_id) VALUES (98, NULL, 'Matching', 28);

INSERT into forms_section_question (id, copied_from_id, weighted_val, is_required, is_visible, is_immutable, dependent_on_question_id, dependent_on_noanswer_question_id, if_answered_goto_question, answer_matches_goto_question, section_id, ordinal, sub_ordinal, question_type, question_text) VALUES (1860, NULL, 0, FALSE, TRUE, TRUE, NULL, NULL, NULL, NULL, 96, 1, 0, 15, E'Contact Information');
INSERT into forms_section_question (id, copied_from_id, weighted_val, is_required, is_visible, is_immutable, dependent_on_question_id, dependent_on_noanswer_question_id, if_answered_goto_question, answer_matches_goto_question, section_id, ordinal, sub_ordinal, question_type, question_text) VALUES (1861, NULL, 0, TRUE, TRUE, TRUE, NULL, NULL, NULL, NULL, 96, 2, 0, 2, E'First Name');
INSERT into forms_section_question (id, copied_from_id, weighted_val, is_required, is_visible, is_immutable, dependent_on_question_id, dependent_on_noanswer_question_id, if_answered_goto_question, answer_matches_goto_question, section_id, ordinal, sub_ordinal, question_type, question_text) VALUES (1862, NULL, 0, TRUE, TRUE, TRUE, NULL, NULL, NULL, NULL, 96, 3, 0, 2, E'Last Name');
INSERT into forms_section_question (id, copied_from_id, weighted_val, is_required, is_visible, is_immutable, dependent_on_question_id, dependent_on_noanswer_question_id, if_answered_goto_question, answer_matches_goto_question, section_id, ordinal, sub_ordinal, question_type, question_text) VALUES (1863, NULL, 0, TRUE, TRUE, TRUE, NULL, NULL, NULL, NULL, 96, 4, 1, 3, E'Primary Phone Number');
INSERT into forms_section_question (id, copied_from_id, weighted_val, is_required, is_visible, is_immutable, dependent_on_question_id, dependent_on_noanswer_question_id, if_answered_goto_question, answer_matches_goto_question, section_id, ordinal, sub_ordinal, question_type, question_text) VALUES (1864, NULL, 0, TRUE, TRUE, TRUE, NULL, NULL, NULL, NULL, 96, 4, 2, 5, E'Is this a cell phone?');
INSERT into forms_section_question (id, copied_from_id, weighted_val, is_required, is_visible, is_immutable, dependent_on_question_id, dependent_on_noanswer_question_id, if_answered_goto_question, answer_matches_goto_question, section_id, ordinal, sub_ordinal, question_type, question_text) VALUES (1865, NULL, 0, FALSE, TRUE, TRUE, NULL, NULL, NULL, NULL, 96, 5, 1, 3, E'Secondary Phone Number');
INSERT into forms_section_question (id, copied_from_id, weighted_val, is_required, is_visible, is_immutable, dependent_on_question_id, dependent_on_noanswer_question_id, if_answered_goto_question, answer_matches_goto_question, section_id, ordinal, sub_ordinal, question_type, question_text) VALUES (1866, NULL, 0, FALSE, TRUE, TRUE, NULL, NULL, NULL, NULL, 96, 5, 2, 5, E'Is this a cell phone?');
INSERT into forms_section_question (id, copied_from_id, weighted_val, is_required, is_visible, is_immutable, dependent_on_question_id, dependent_on_noanswer_question_id, if_answered_goto_question, answer_matches_goto_question, section_id, ordinal, sub_ordinal, question_type, question_text) VALUES (1867, NULL, 0, TRUE, TRUE, TRUE, NULL, NULL, NULL, NULL, 96, 6, 0, 4, E'Home Address');
INSERT into forms_section_question (id, copied_from_id, weighted_val, is_required, is_visible, is_immutable, dependent_on_question_id, dependent_on_noanswer_question_id, if_answered_goto_question, answer_matches_goto_question, section_id, ordinal, sub_ordinal, question_type, question_text) VALUES (1868, NULL, 0, FALSE, TRUE, TRUE, NULL, NULL, NULL, NULL, 96, 7, 0, 15, E'Contact Information for your Parent or Guardian');
INSERT into forms_section_question (id, copied_from_id, weighted_val, is_required, is_visible, is_immutable, dependent_on_question_id, dependent_on_noanswer_question_id, if_answered_goto_question, answer_matches_goto_question, section_id, ordinal, sub_ordinal, question_type, question_text) VALUES (1869, NULL, 0, TRUE, TRUE, TRUE, NULL, NULL, NULL, NULL, 96, 8, 0, 2, E'Parent/Guardian First Name');
INSERT into forms_section_question (id, copied_from_id, weighted_val, is_required, is_visible, is_immutable, dependent_on_question_id, dependent_on_noanswer_question_id, if_answered_goto_question, answer_matches_goto_question, section_id, ordinal, sub_ordinal, question_type, question_text) VALUES (1870, NULL, 0, TRUE, TRUE, TRUE, NULL, NULL, NULL, NULL, 96, 9, 0, 2, E'Parent/Guardian Last Name');
INSERT into forms_section_question (id, copied_from_id, weighted_val, is_required, is_visible, is_immutable, dependent_on_question_id, dependent_on_noanswer_question_id, if_answered_goto_question, answer_matches_goto_question, section_id, ordinal, sub_ordinal, question_type, question_text) VALUES (1871, NULL, 0, TRUE, TRUE, TRUE, NULL, NULL, NULL, NULL, 96, 10, 1, 3, E'Parent/Guardian Primary Phone');
INSERT into forms_section_question (id, copied_from_id, weighted_val, is_required, is_visible, is_immutable, dependent_on_question_id, dependent_on_noanswer_question_id, if_answered_goto_question, answer_matches_goto_question, section_id, ordinal, sub_ordinal, question_type, question_text) VALUES (1872, NULL, 0, TRUE, TRUE, TRUE, NULL, NULL, NULL, NULL, 96, 10, 2, 5, E'Is this a cell phone?');
INSERT into forms_section_question (id, copied_from_id, weighted_val, is_required, is_visible, is_immutable, dependent_on_question_id, dependent_on_noanswer_question_id, if_answered_goto_question, answer_matches_goto_question, section_id, ordinal, sub_ordinal, question_type, question_text) VALUES (1873, NULL, 0, TRUE, TRUE, TRUE, NULL, NULL, NULL, NULL, 96, 11, 0, 4, E'Parent/Guardian''s Address');
INSERT into forms_section_question (id, copied_from_id, weighted_val, is_required, is_visible, is_immutable, dependent_on_question_id, dependent_on_noanswer_question_id, if_answered_goto_question, answer_matches_goto_question, section_id, ordinal, sub_ordinal, question_type, question_text) VALUES (1874, NULL, 0, FALSE, TRUE, TRUE, NULL, NULL, NULL, NULL, 96, 12, 0, 15, E'Demographic Information');
INSERT into forms_section_question (id, copied_from_id, weighted_val, is_required, is_visible, is_immutable, dependent_on_question_id, dependent_on_noanswer_question_id, if_answered_goto_question, answer_matches_goto_question, section_id, ordinal, sub_ordinal, question_type, question_text) VALUES (1875, NULL, 0, TRUE, TRUE, TRUE, NULL, NULL, NULL, NULL, 96, 13, 0, 14, E'What is your birthday?');
INSERT into forms_section_question (id, copied_from_id, weighted_val, is_required, is_visible, is_immutable, dependent_on_question_id, dependent_on_noanswer_question_id, if_answered_goto_question, answer_matches_goto_question, section_id, ordinal, sub_ordinal, question_type, question_text) VALUES (1876, NULL, 0, TRUE, TRUE, TRUE, NULL, NULL, NULL, NULL, 96, 14, 0, 5, E'With which gender do you most closely identify?');
INSERT into forms_section_question (id, copied_from_id, weighted_val, is_required, is_visible, is_immutable, dependent_on_question_id, dependent_on_noanswer_question_id, if_answered_goto_question, answer_matches_goto_question, section_id, ordinal, sub_ordinal, question_type, question_text) VALUES (1877, NULL, 0, TRUE, TRUE, TRUE, NULL, NULL, NULL, NULL, 96, 15, 0, 7, E'With which race or races do you identify? Check all that apply');
INSERT into forms_section_question (id, copied_from_id, weighted_val, is_required, is_visible, is_immutable, dependent_on_question_id, dependent_on_noanswer_question_id, if_answered_goto_question, answer_matches_goto_question, section_id, ordinal, sub_ordinal, question_type, question_text) VALUES (1878, NULL, 0, FALSE, TRUE, TRUE, NULL, NULL, NULL, NULL, 96, 16, 0, 15, E'School Information');
INSERT into forms_section_question (id, copied_from_id, weighted_val, is_required, is_visible, is_immutable, dependent_on_question_id, dependent_on_noanswer_question_id, if_answered_goto_question, answer_matches_goto_question, section_id, ordinal, sub_ordinal, question_type, question_text) VALUES (1879, NULL, 0, TRUE, TRUE, TRUE, NULL, NULL, NULL, NULL, 96, 17, 0, 13, E'Please select your school and class');
INSERT into forms_section_question (id, copied_from_id, weighted_val, is_required, is_visible, is_immutable, dependent_on_question_id, dependent_on_noanswer_question_id, if_answered_goto_question, answer_matches_goto_question, section_id, ordinal, sub_ordinal, question_type, question_text) VALUES (1880, NULL, 0, TRUE, TRUE, TRUE, NULL, NULL, NULL, NULL, 97, 1, 0, 5, E'Before Capital Partners for Education, had you ever been matched with a mentor through another program?');
INSERT into forms_section_question (id, copied_from_id, weighted_val, is_required, is_visible, is_immutable, dependent_on_question_id, dependent_on_noanswer_question_id, if_answered_goto_question, answer_matches_goto_question, section_id, ordinal, sub_ordinal, question_type, question_text) VALUES (1881, NULL, 0, TRUE, TRUE, TRUE, 1880, NULL, NULL, NULL, 97, 2, 0, 2, E'What was the name of the mentoring program?');
INSERT into forms_section_question (id, copied_from_id, weighted_val, is_required, is_visible, is_immutable, dependent_on_question_id, dependent_on_noanswer_question_id, if_answered_goto_question, answer_matches_goto_question, section_id, ordinal, sub_ordinal, question_type, question_text) VALUES (1882, NULL, 0, TRUE, TRUE, TRUE, NULL, NULL, NULL, NULL, 97, 3, 0, 5, E'Do you qualify for Free or Reduced lunch at your school?');
INSERT into forms_section_question (id, copied_from_id, weighted_val, is_required, is_visible, is_immutable, dependent_on_question_id, dependent_on_noanswer_question_id, if_answered_goto_question, answer_matches_goto_question, section_id, ordinal, sub_ordinal, question_type, question_text) VALUES (1883, NULL, 0, TRUE, TRUE, TRUE, NULL, NULL, NULL, NULL, 97, 4, 0, 6, E'What was the highest level of education that your mother received?');
INSERT into forms_section_question (id, copied_from_id, weighted_val, is_required, is_visible, is_immutable, dependent_on_question_id, dependent_on_noanswer_question_id, if_answered_goto_question, answer_matches_goto_question, section_id, ordinal, sub_ordinal, question_type, question_text) VALUES (1884, NULL, 0, TRUE, TRUE, TRUE, NULL, NULL, NULL, NULL, 97, 5, 0, 6, E'What was the highest level of education that your father received?');
INSERT into forms_section_question (id, copied_from_id, weighted_val, is_required, is_visible, is_immutable, dependent_on_question_id, dependent_on_noanswer_question_id, if_answered_goto_question, answer_matches_goto_question, section_id, ordinal, sub_ordinal, question_type, question_text) VALUES (1885, NULL, 0, TRUE, TRUE, TRUE, NULL, NULL, NULL, NULL, 97, 6, 0, 1, E'List all the schools that you have submitted an application to (or will submit applications to) for enrollment for the upcoming school year. Include all private, charter, and public schools that require an application to be considered for enrollment');
INSERT into forms_section_question (id, copied_from_id, weighted_val, is_required, is_visible, is_immutable, dependent_on_question_id, dependent_on_noanswer_question_id, if_answered_goto_question, answer_matches_goto_question, section_id, ordinal, sub_ordinal, question_type, question_text) VALUES (1886, NULL, 0, TRUE, TRUE, TRUE, NULL, NULL, NULL, NULL, 97, 7, 0, 2, E'What is your NEIGHBORHOOD public high school? (this does not include charter, private, or magnet schools). ');
INSERT into forms_section_question (id, copied_from_id, weighted_val, is_required, is_visible, is_immutable, dependent_on_question_id, dependent_on_noanswer_question_id, if_answered_goto_question, answer_matches_goto_question, section_id, ordinal, sub_ordinal, question_type, question_text) VALUES (1887, NULL, 0, TRUE, TRUE, TRUE, NULL, NULL, NULL, NULL, 97, 8, 0, 6, E'What type of experience do you think participating in Capital Partners for Education (CPE) is going to be for you?');
INSERT into forms_section_question (id, copied_from_id, weighted_val, is_required, is_visible, is_immutable, dependent_on_question_id, dependent_on_noanswer_question_id, if_answered_goto_question, answer_matches_goto_question, section_id, ordinal, sub_ordinal, question_type, question_text) VALUES (1888, NULL, 0, TRUE, TRUE, TRUE, NULL, NULL, NULL, NULL, 97, 9, 0, 6, E'What language is spoken at home? (Check all that apply)');
INSERT into forms_section_question (id, copied_from_id, weighted_val, is_required, is_visible, is_immutable, dependent_on_question_id, dependent_on_noanswer_question_id, if_answered_goto_question, answer_matches_goto_question, section_id, ordinal, sub_ordinal, question_type, question_text) VALUES (1889, NULL, 0, TRUE, TRUE, TRUE, 1888, NULL, NULL, NULL, 97, 10, 0, 2, E'What language is spoken?');
INSERT into forms_section_question (id, copied_from_id, weighted_val, is_required, is_visible, is_immutable, dependent_on_question_id, dependent_on_noanswer_question_id, if_answered_goto_question, answer_matches_goto_question, section_id, ordinal, sub_ordinal, question_type, question_text) VALUES (1890, NULL, 0, TRUE, TRUE, TRUE, NULL, NULL, NULL, NULL, 97, 11, 0, 6, E'Who do you currently live with? (Please check all that apply)');
INSERT into forms_section_question (id, copied_from_id, weighted_val, is_required, is_visible, is_immutable, dependent_on_question_id, dependent_on_noanswer_question_id, if_answered_goto_question, answer_matches_goto_question, section_id, ordinal, sub_ordinal, question_type, question_text) VALUES (1891, NULL, 0, TRUE, TRUE, TRUE, 1890, NULL, NULL, NULL, 97, 12, 0, 2, E'Please tell us who you live with.');
INSERT into forms_section_question (id, copied_from_id, weighted_val, is_required, is_visible, is_immutable, dependent_on_question_id, dependent_on_noanswer_question_id, if_answered_goto_question, answer_matches_goto_question, section_id, ordinal, sub_ordinal, question_type, question_text) VALUES (1892, NULL, 0, TRUE, TRUE, TRUE, NULL, NULL, NULL, NULL, 97, 13, 0, 5, E'Do you have siblings (brothers or sisters?)');
INSERT into forms_section_question (id, copied_from_id, weighted_val, is_required, is_visible, is_immutable, dependent_on_question_id, dependent_on_noanswer_question_id, if_answered_goto_question, answer_matches_goto_question, section_id, ordinal, sub_ordinal, question_type, question_text) VALUES (1893, NULL, 0, TRUE, TRUE, TRUE, 1892, NULL, NULL, NULL, 97, 14, 0, 6, E'How many do you have?');
INSERT into forms_section_question (id, copied_from_id, weighted_val, is_required, is_visible, is_immutable, dependent_on_question_id, dependent_on_noanswer_question_id, if_answered_goto_question, answer_matches_goto_question, section_id, ordinal, sub_ordinal, question_type, question_text) VALUES (1894, NULL, 0, TRUE, TRUE, TRUE, 1892, NULL, NULL, NULL, 97, 15, 0, 7, E'What are their ages?');
INSERT into forms_section_question (id, copied_from_id, weighted_val, is_required, is_visible, is_immutable, dependent_on_question_id, dependent_on_noanswer_question_id, if_answered_goto_question, answer_matches_goto_question, section_id, ordinal, sub_ordinal, question_type, question_text) VALUES (1895, NULL, 0, TRUE, TRUE, TRUE, NULL, NULL, NULL, NULL, 97, 16, 0, 1, E'List any academic honors, awards, or scholarships you have received in the last two years.');
INSERT into forms_section_question (id, copied_from_id, weighted_val, is_required, is_visible, is_immutable, dependent_on_question_id, dependent_on_noanswer_question_id, if_answered_goto_question, answer_matches_goto_question, section_id, ordinal, sub_ordinal, question_type, question_text) VALUES (1896, NULL, 0, TRUE, TRUE, TRUE, NULL, NULL, NULL, NULL, 97, 17, 0, 6, E'How often does someone help you with your schoolwork? (Family members, friends, tutors, school employees, etc.)');
INSERT into forms_section_question (id, copied_from_id, weighted_val, is_required, is_visible, is_immutable, dependent_on_question_id, dependent_on_noanswer_question_id, if_answered_goto_question, answer_matches_goto_question, section_id, ordinal, sub_ordinal, question_type, question_text) VALUES (1897, NULL, 0, TRUE, TRUE, TRUE, NULL, NULL, NULL, NULL, 97, 18, 0, 7, E'Who helps you plan for college? (Check all that apply)');
INSERT into forms_section_question (id, copied_from_id, weighted_val, is_required, is_visible, is_immutable, dependent_on_question_id, dependent_on_noanswer_question_id, if_answered_goto_question, answer_matches_goto_question, section_id, ordinal, sub_ordinal, question_type, question_text) VALUES (1898, NULL, 0, TRUE, TRUE, TRUE, NULL, NULL, NULL, NULL, 97, 19, 0, 7, E'In which music and arts program do you currently participate? Include programs both in school and outside of school.');
INSERT into forms_section_question (id, copied_from_id, weighted_val, is_required, is_visible, is_immutable, dependent_on_question_id, dependent_on_noanswer_question_id, if_answered_goto_question, answer_matches_goto_question, section_id, ordinal, sub_ordinal, question_type, question_text) VALUES (1899, NULL, 0, TRUE, TRUE, TRUE, NULL, NULL, NULL, NULL, 97, 20, 0, 7, E'In which music and arts programs do you plan to participate in next year? Include programs both in school and outside of school.');
INSERT into forms_section_question (id, copied_from_id, weighted_val, is_required, is_visible, is_immutable, dependent_on_question_id, dependent_on_noanswer_question_id, if_answered_goto_question, answer_matches_goto_question, section_id, ordinal, sub_ordinal, question_type, question_text) VALUES (1900, NULL, 0, TRUE, TRUE, TRUE, NULL, NULL, NULL, NULL, 97, 21, 0, 7, E'In which athletic/sports programs do you currently participate? Include all organized athletic/sports programs both in school and outside of school.');
INSERT into forms_section_question (id, copied_from_id, weighted_val, is_required, is_visible, is_immutable, dependent_on_question_id, dependent_on_noanswer_question_id, if_answered_goto_question, answer_matches_goto_question, section_id, ordinal, sub_ordinal, question_type, question_text) VALUES (1901, NULL, 0, TRUE, TRUE, TRUE, NULL, NULL, NULL, NULL, 97, 22, 0, 7, E'In which athletic/sports programs do you plan to participate next year? Include all organized athletic/sports programs both in school and out of school.');
INSERT into forms_section_question (id, copied_from_id, weighted_val, is_required, is_visible, is_immutable, dependent_on_question_id, dependent_on_noanswer_question_id, if_answered_goto_question, answer_matches_goto_question, section_id, ordinal, sub_ordinal, question_type, question_text) VALUES (1902, NULL, 0, TRUE, TRUE, TRUE, NULL, NULL, NULL, NULL, 97, 23, 0, 5, E'Have you ever participated in an academic or extracurricular program outside of what was required for school? (Example: Higher Achievement Program, Tutoring, Summer Enrichment Camp, Writing Club, Church, etc.)');
INSERT into forms_section_question (id, copied_from_id, weighted_val, is_required, is_visible, is_immutable, dependent_on_question_id, dependent_on_noanswer_question_id, if_answered_goto_question, answer_matches_goto_question, section_id, ordinal, sub_ordinal, question_type, question_text) VALUES (1903, NULL, 0, TRUE, TRUE, TRUE, 1902, NULL, NULL, NULL, 97, 24, 0, 1, E'Please list the programs in which you have been involved and the years you were involved. (Example: Higher Achievement Program, 2011-2013, For Love of Children’s Tutoring Program, 2011-12).');
INSERT into forms_section_question (id, copied_from_id, weighted_val, is_required, is_visible, is_immutable, dependent_on_question_id, dependent_on_noanswer_question_id, if_answered_goto_question, answer_matches_goto_question, section_id, ordinal, sub_ordinal, question_type, question_text) VALUES (1904, NULL, 0, TRUE, TRUE, TRUE, NULL, NULL, NULL, NULL, 97, 25, 0, 1, E'What are your top 3 talents, hobbies and/or interests?');
INSERT into forms_section_question (id, copied_from_id, weighted_val, is_required, is_visible, is_immutable, dependent_on_question_id, dependent_on_noanswer_question_id, if_answered_goto_question, answer_matches_goto_question, section_id, ordinal, sub_ordinal, question_type, question_text) VALUES (1905, NULL, 0, TRUE, TRUE, TRUE, NULL, NULL, NULL, NULL, 97, 26, 0, 6, E'On a scale of 1 to 10, how much do you know about the career options available to you? Assume that 1 means you do not know anything about the career options available to you, and 10 means you know everything there is to know about the career options available to you.');
INSERT into forms_section_question (id, copied_from_id, weighted_val, is_required, is_visible, is_immutable, dependent_on_question_id, dependent_on_noanswer_question_id, if_answered_goto_question, answer_matches_goto_question, section_id, ordinal, sub_ordinal, question_type, question_text) VALUES (1906, NULL, 0, TRUE, TRUE, TRUE, NULL, NULL, NULL, NULL, 97, 27, 0, 6, E'On a scale of 1 to 10 , rate your leadership skills. Assume 1 means you have no leadership skills at all, and 10 means the strongest leadership skills possible. ');
INSERT into forms_section_question (id, copied_from_id, weighted_val, is_required, is_visible, is_immutable, dependent_on_question_id, dependent_on_noanswer_question_id, if_answered_goto_question, answer_matches_goto_question, section_id, ordinal, sub_ordinal, question_type, question_text) VALUES (1907, NULL, 0, TRUE, TRUE, TRUE, NULL, NULL, NULL, NULL, 97, 28, 0, 6, E'On a scale of 1 to 10, how responsible are you? Assume 1 means you are not responsible at all, and 10 means you have the highest level of responsibility possible.');
INSERT into forms_section_question (id, copied_from_id, weighted_val, is_required, is_visible, is_immutable, dependent_on_question_id, dependent_on_noanswer_question_id, if_answered_goto_question, answer_matches_goto_question, section_id, ordinal, sub_ordinal, question_type, question_text) VALUES (1908, NULL, 0, TRUE, TRUE, TRUE, NULL, NULL, NULL, NULL, 97, 29, 0, 7, E'About how many Saturdays per month would you estimate that you are free (and when your parent/guardian would allow you to travel) between 10am and 2pm? For example: Days where you do not have sports games, music/arts program, a job, babysitting responsibilities, etc.');
INSERT into forms_section_question (id, copied_from_id, weighted_val, is_required, is_visible, is_immutable, dependent_on_question_id, dependent_on_noanswer_question_id, if_answered_goto_question, answer_matches_goto_question, section_id, ordinal, sub_ordinal, question_type, question_text) VALUES (1909, NULL, 0, TRUE, TRUE, TRUE, NULL, NULL, NULL, NULL, 97, 30, 0, 5, E'Do you have a computer at home with internet access that you can use?');
INSERT into forms_section_question (id, copied_from_id, weighted_val, is_required, is_visible, is_immutable, dependent_on_question_id, dependent_on_noanswer_question_id, if_answered_goto_question, answer_matches_goto_question, section_id, ordinal, sub_ordinal, question_type, question_text) VALUES (1910, NULL, 0, TRUE, TRUE, TRUE, NULL, NULL, NULL, NULL, 97, 31, 0, 1, E'Complete the sentence: “My happiest time…”');
INSERT into forms_section_question (id, copied_from_id, weighted_val, is_required, is_visible, is_immutable, dependent_on_question_id, dependent_on_noanswer_question_id, if_answered_goto_question, answer_matches_goto_question, section_id, ordinal, sub_ordinal, question_type, question_text) VALUES (1911, NULL, 0, TRUE, TRUE, TRUE, NULL, NULL, NULL, NULL, 97, 32, 0, 1, E'Complete the sentence: “My proudest moment…”');
INSERT into forms_section_question (id, copied_from_id, weighted_val, is_required, is_visible, is_immutable, dependent_on_question_id, dependent_on_noanswer_question_id, if_answered_goto_question, answer_matches_goto_question, section_id, ordinal, sub_ordinal, question_type, question_text) VALUES (1912, NULL, 0, TRUE, TRUE, TRUE, NULL, NULL, NULL, NULL, 97, 33, 0, 1, E'Complete the sentence: “I would like to be better at…”');
INSERT into forms_section_question (id, copied_from_id, weighted_val, is_required, is_visible, is_immutable, dependent_on_question_id, dependent_on_noanswer_question_id, if_answered_goto_question, answer_matches_goto_question, section_id, ordinal, sub_ordinal, question_type, question_text) VALUES (1913, NULL, 0, TRUE, TRUE, TRUE, NULL, NULL, NULL, NULL, 97, 34, 0, 1, E'Complete the sentence: “One would describe me as…”');
INSERT into forms_section_question (id, copied_from_id, weighted_val, is_required, is_visible, is_immutable, dependent_on_question_id, dependent_on_noanswer_question_id, if_answered_goto_question, answer_matches_goto_question, section_id, ordinal, sub_ordinal, question_type, question_text) VALUES (1914, NULL, 0, TRUE, TRUE, TRUE, NULL, NULL, NULL, NULL, 97, 35, 0, 1, E'Complete the sentence: “I am best when…”');
INSERT into forms_section_question (id, copied_from_id, weighted_val, is_required, is_visible, is_immutable, dependent_on_question_id, dependent_on_noanswer_question_id, if_answered_goto_question, answer_matches_goto_question, section_id, ordinal, sub_ordinal, question_type, question_text) VALUES (1915, NULL, 0, TRUE, TRUE, TRUE, NULL, NULL, NULL, NULL, 97, 36, 0, 1, E'Complete the sentence: “I am concerned about…”');
INSERT into forms_section_question (id, copied_from_id, weighted_val, is_required, is_visible, is_immutable, dependent_on_question_id, dependent_on_noanswer_question_id, if_answered_goto_question, answer_matches_goto_question, section_id, ordinal, sub_ordinal, question_type, question_text) VALUES (1916, NULL, 0, TRUE, TRUE, TRUE, NULL, NULL, NULL, NULL, 97, 37, 0, 1, E'Complete the sentence: “My most challenging experience was…”');
INSERT into forms_section_question (id, copied_from_id, weighted_val, is_required, is_visible, is_immutable, dependent_on_question_id, dependent_on_noanswer_question_id, if_answered_goto_question, answer_matches_goto_question, section_id, ordinal, sub_ordinal, question_type, question_text) VALUES (1917, NULL, 0, TRUE, TRUE, TRUE, NULL, NULL, NULL, NULL, 97, 38, 0, 1, E'Write a brief autobiography. Include information about your family history, the community in which you live, and any major events in your life. Why have these things made you who you are? Minimum 5 sentences.');
INSERT into forms_section_question (id, copied_from_id, weighted_val, is_required, is_visible, is_immutable, dependent_on_question_id, dependent_on_noanswer_question_id, if_answered_goto_question, answer_matches_goto_question, section_id, ordinal, sub_ordinal, question_type, question_text) VALUES (1918, NULL, 0, TRUE, TRUE, TRUE, NULL, NULL, NULL, NULL, 97, 39, 0, 1, E'Why would you like to attend college? How do you feel this will help you to reach your life goals? Who helps to motivate you and how do they do this? Minimum of 5 sentences.');
INSERT into forms_section_question (id, copied_from_id, weighted_val, is_required, is_visible, is_immutable, dependent_on_question_id, dependent_on_noanswer_question_id, if_answered_goto_question, answer_matches_goto_question, section_id, ordinal, sub_ordinal, question_type, question_text) VALUES (1919, NULL, 0, TRUE, TRUE, TRUE, NULL, NULL, NULL, NULL, 97, 40, 0, 1, E'If you become a CPE student, you will be matched with an adult mentor who will be a friend, advisor, and resource to support you on your path to college and adulthood. How do you feel about having a mentor? How will a mentor make your life different? What are two things you would like to learn from your mentor? What are two things you would like to teach your mentor? Minimum of 5 sentences.');
INSERT into forms_section_question (id, copied_from_id, weighted_val, is_required, is_visible, is_immutable, dependent_on_question_id, dependent_on_noanswer_question_id, if_answered_goto_question, answer_matches_goto_question, section_id, ordinal, sub_ordinal, question_type, question_text) VALUES (1920, NULL, 0, FALSE, TRUE, TRUE, NULL, NULL, NULL, NULL, 98, 1, 0, 16, E'This page is all about what you want your mentor to be like and what you want your mentor to have experienced while they were growing up, going to college, and working in their career. Please think hard about what kind of mentor will be best for you. The more questions you answer on this page, the stronger your match will be!');
INSERT into forms_section_question (id, copied_from_id, weighted_val, is_required, is_visible, is_immutable, dependent_on_question_id, dependent_on_noanswer_question_id, if_answered_goto_question, answer_matches_goto_question, section_id, ordinal, sub_ordinal, question_type, question_text) VALUES (1921, NULL, 0, FALSE, TRUE, TRUE, NULL, NULL, NULL, NULL, 98, 2, 0, 15, E'Career Interests');
INSERT into forms_section_question (id, copied_from_id, weighted_val, is_required, is_visible, is_immutable, dependent_on_question_id, dependent_on_noanswer_question_id, if_answered_goto_question, answer_matches_goto_question, section_id, ordinal, sub_ordinal, question_type, question_text) VALUES (1922, NULL, 0, TRUE, TRUE, TRUE, NULL, NULL, NULL, NULL, 98, 3, 0, 17, E'Which one of the following careers and jobs are you most interested in?');
INSERT into forms_section_question (id, copied_from_id, weighted_val, is_required, is_visible, is_immutable, dependent_on_question_id, dependent_on_noanswer_question_id, if_answered_goto_question, answer_matches_goto_question, section_id, ordinal, sub_ordinal, question_type, question_text) VALUES (1923, NULL, 0, TRUE, TRUE, TRUE, NULL, NULL, NULL, NULL, 98, 4, 0, 17, E'What other careers and jobs are you interested in?');
INSERT into forms_section_question (id, copied_from_id, weighted_val, is_required, is_visible, is_immutable, dependent_on_question_id, dependent_on_noanswer_question_id, if_answered_goto_question, answer_matches_goto_question, section_id, ordinal, sub_ordinal, question_type, question_text) VALUES (1924, NULL, 0, TRUE, TRUE, TRUE, NULL, NULL, NULL, NULL, 98, 5, 0, 7, E'When you are matched with your mentor you may work on some of the following projects. Which are you most interested in working on with your mentor?');
INSERT into forms_section_question (id, copied_from_id, weighted_val, is_required, is_visible, is_immutable, dependent_on_question_id, dependent_on_noanswer_question_id, if_answered_goto_question, answer_matches_goto_question, section_id, ordinal, sub_ordinal, question_type, question_text) VALUES (1925, NULL, 0, FALSE, TRUE, TRUE, NULL, NULL, NULL, NULL, 98, 6, 0, 15, E'Academic Interests');
INSERT into forms_section_question (id, copied_from_id, weighted_val, is_required, is_visible, is_immutable, dependent_on_question_id, dependent_on_noanswer_question_id, if_answered_goto_question, answer_matches_goto_question, section_id, ordinal, sub_ordinal, question_type, question_text) VALUES (1926, NULL, 0, TRUE, TRUE, TRUE, NULL, NULL, NULL, NULL, 98, 7, 0, 7, E'Which subjects do you think you want to study in college?');
INSERT into forms_section_question (id, copied_from_id, weighted_val, is_required, is_visible, is_immutable, dependent_on_question_id, dependent_on_noanswer_question_id, if_answered_goto_question, answer_matches_goto_question, section_id, ordinal, sub_ordinal, question_type, question_text) VALUES (1927, NULL, 0, TRUE, TRUE, TRUE, NULL, NULL, NULL, NULL, 98, 8, 0, 7, E'Even if you don''t want to major in them, what other academic subjects are you interested in? (Majors are you official, or primary area of study in college).');
INSERT into forms_section_question (id, copied_from_id, weighted_val, is_required, is_visible, is_immutable, dependent_on_question_id, dependent_on_noanswer_question_id, if_answered_goto_question, answer_matches_goto_question, section_id, ordinal, sub_ordinal, question_type, question_text) VALUES (1928, NULL, 0, TRUE, TRUE, TRUE, NULL, NULL, NULL, NULL, 98, 9, 0, 7, E'Which of the following experiences would you like your mentor to have experienced in high school? (Check all that apply)');
INSERT into forms_section_question (id, copied_from_id, weighted_val, is_required, is_visible, is_immutable, dependent_on_question_id, dependent_on_noanswer_question_id, if_answered_goto_question, answer_matches_goto_question, section_id, ordinal, sub_ordinal, question_type, question_text) VALUES (1929, NULL, 0, TRUE, TRUE, TRUE, NULL, NULL, NULL, NULL, 98, 10, 0, 7, E'In which of the following academic subjects would you want your mentor to be able to help you? (Check all that apply)');
INSERT into forms_section_question (id, copied_from_id, weighted_val, is_required, is_visible, is_immutable, dependent_on_question_id, dependent_on_noanswer_question_id, if_answered_goto_question, answer_matches_goto_question, section_id, ordinal, sub_ordinal, question_type, question_text) VALUES (1930, NULL, 0, FALSE, TRUE, TRUE, NULL, NULL, NULL, NULL, 98, 11, 0, 15, E'Personal Interests');
INSERT into forms_section_question (id, copied_from_id, weighted_val, is_required, is_visible, is_immutable, dependent_on_question_id, dependent_on_noanswer_question_id, if_answered_goto_question, answer_matches_goto_question, section_id, ordinal, sub_ordinal, question_type, question_text) VALUES (1931, NULL, 0, TRUE, TRUE, TRUE, NULL, NULL, NULL, NULL, 98, 12, 0, 7, E'Which of the following personality traits would you like your mentor to have?');
INSERT into forms_section_question (id, copied_from_id, weighted_val, is_required, is_visible, is_immutable, dependent_on_question_id, dependent_on_noanswer_question_id, if_answered_goto_question, answer_matches_goto_question, section_id, ordinal, sub_ordinal, question_type, question_text) VALUES (1932, NULL, 0, TRUE, TRUE, TRUE, NULL, NULL, NULL, NULL, 98, 13, 0, 7, E'Which of the following life experiences would you like your mentor to have had?');
INSERT into forms_section_question (id, copied_from_id, weighted_val, is_required, is_visible, is_immutable, dependent_on_question_id, dependent_on_noanswer_question_id, if_answered_goto_question, answer_matches_goto_question, section_id, ordinal, sub_ordinal, question_type, question_text) VALUES (1933, NULL, 0, TRUE, TRUE, TRUE, NULL, NULL, NULL, NULL, 98, 14, 0, 7, E'Are there any personal issues you would like to work on with your mentor?');
INSERT into forms_section_question (id, copied_from_id, weighted_val, is_required, is_visible, is_immutable, dependent_on_question_id, dependent_on_noanswer_question_id, if_answered_goto_question, answer_matches_goto_question, section_id, ordinal, sub_ordinal, question_type, question_text) VALUES (1934, NULL, 0, TRUE, TRUE, TRUE, NULL, NULL, NULL, NULL, 98, 15, 0, 7, E'What are your favorite things to do in your free time?');
INSERT into forms_section_question (id, copied_from_id, weighted_val, is_required, is_visible, is_immutable, dependent_on_question_id, dependent_on_noanswer_question_id, if_answered_goto_question, answer_matches_goto_question, section_id, ordinal, sub_ordinal, question_type, question_text) VALUES (1935, NULL, 0, TRUE, TRUE, TRUE, NULL, NULL, NULL, NULL, 98, 16, 0, 2, E'Please tell us a little bit about yourself that we couldn''t learn from the previous questions. What else do you think we should know in order to find you the best possible match? Tell us what makes you different from everyone else!');

INSERT INTO forms_section_answer (id, copied_from_id, ordinal, question_id, is_immutable, answer_text, answer_char, answer_bool, answer_int, answer_datetime, is_from_query) VALUES (6393, NULL, 1, 1864, TRUE, 'Yes', NULL, NULL, NULL, NULL, FALSE);
INSERT INTO forms_section_answer (id, copied_from_id, ordinal, question_id, is_immutable, answer_text, answer_char, answer_bool, answer_int, answer_datetime, is_from_query) VALUES (6394, NULL, 2, 1864, TRUE, 'No', NULL, NULL, NULL, NULL, FALSE);
INSERT INTO forms_section_answer (id, copied_from_id, ordinal, question_id, is_immutable, answer_text, answer_char, answer_bool, answer_int, answer_datetime, is_from_query) VALUES (6395, NULL, 1, 1866, TRUE, 'Yes', NULL, NULL, NULL, NULL, FALSE);
INSERT INTO forms_section_answer (id, copied_from_id, ordinal, question_id, is_immutable, answer_text, answer_char, answer_bool, answer_int, answer_datetime, is_from_query) VALUES (6396, NULL, 2, 1866, TRUE, 'No', NULL, NULL, NULL, NULL, FALSE);
INSERT INTO forms_section_answer (id, copied_from_id, ordinal, question_id, is_immutable, answer_text, answer_char, answer_bool, answer_int, answer_datetime, is_from_query) VALUES (6397, NULL, 1, 1872, TRUE, 'Yes', NULL, NULL, NULL, NULL, FALSE);
INSERT INTO forms_section_answer (id, copied_from_id, ordinal, question_id, is_immutable, answer_text, answer_char, answer_bool, answer_int, answer_datetime, is_from_query) VALUES (6398, NULL, 2, 1872, TRUE, 'No', NULL, NULL, NULL, NULL, FALSE);
INSERT INTO forms_section_answer (id, copied_from_id, ordinal, question_id, is_immutable, answer_text, answer_char, answer_bool, answer_int, answer_datetime, is_from_query) VALUES (6399, NULL, 1, 1876, TRUE, 'Male', NULL, NULL, NULL, NULL, FALSE);
INSERT INTO forms_section_answer (id, copied_from_id, ordinal, question_id, is_immutable, answer_text, answer_char, answer_bool, answer_int, answer_datetime, is_from_query) VALUES (6400, NULL, 2, 1876, TRUE, 'Female', NULL, NULL, NULL, NULL, FALSE);
INSERT INTO forms_section_answer (id, copied_from_id, ordinal, question_id, is_immutable, answer_text, answer_char, answer_bool, answer_int, answer_datetime, is_from_query) VALUES (6401, NULL, 1, 1877, TRUE, 'Asian/Pacific Islander', NULL, NULL, NULL, NULL, FALSE);
INSERT INTO forms_section_answer (id, copied_from_id, ordinal, question_id, is_immutable, answer_text, answer_char, answer_bool, answer_int, answer_datetime, is_from_query) VALUES (6402, NULL, 2, 1877, TRUE, 'Black/African American', NULL, NULL, NULL, NULL, FALSE);
INSERT INTO forms_section_answer (id, copied_from_id, ordinal, question_id, is_immutable, answer_text, answer_char, answer_bool, answer_int, answer_datetime, is_from_query) VALUES (6403, NULL, 3, 1877, TRUE, 'Hispanic (may be of any race)', NULL, NULL, NULL, NULL, FALSE);
INSERT INTO forms_section_answer (id, copied_from_id, ordinal, question_id, is_immutable, answer_text, answer_char, answer_bool, answer_int, answer_datetime, is_from_query) VALUES (6404, NULL, 4, 1877, TRUE, 'Native American (Aleutian Islander)', NULL, NULL, NULL, NULL, FALSE);
INSERT INTO forms_section_answer (id, copied_from_id, ordinal, question_id, is_immutable, answer_text, answer_char, answer_bool, answer_int, answer_datetime, is_from_query) VALUES (6405, NULL, 5, 1877, TRUE, 'White (Non-Hispanic)', NULL, NULL, NULL, NULL, FALSE);
INSERT INTO forms_section_answer (id, copied_from_id, ordinal, question_id, is_immutable, answer_text, answer_char, answer_bool, answer_int, answer_datetime, is_from_query) VALUES (6406, NULL, 6, 1877, TRUE, 'I identify with a race not listed here', NULL, NULL, NULL, NULL, FALSE);
INSERT INTO forms_section_answer (id, copied_from_id, ordinal, question_id, is_immutable, answer_text, answer_char, answer_bool, answer_int, answer_datetime, is_from_query) VALUES (6407, NULL, 7, 1877, TRUE, 'I would prefer not to indicate my race', NULL, NULL, NULL, NULL, FALSE);
INSERT INTO forms_section_answer (id, copied_from_id, ordinal, question_id, is_immutable, answer_text, answer_char, answer_bool, answer_int, answer_datetime, is_from_query) VALUES (6408, NULL, 1, 1880, TRUE, 'Yes', NULL, NULL, NULL, NULL, FALSE);
INSERT INTO forms_section_answer (id, copied_from_id, ordinal, question_id, is_immutable, answer_text, answer_char, answer_bool, answer_int, answer_datetime, is_from_query) VALUES (6409, NULL, 2, 1880, TRUE, 'No', NULL, NULL, NULL, NULL, FALSE);
INSERT INTO forms_section_answer (id, copied_from_id, ordinal, question_id, is_immutable, answer_text, answer_char, answer_bool, answer_int, answer_datetime, is_from_query) VALUES (6410, NULL, 1, 1882, TRUE, 'Yes', NULL, NULL, NULL, NULL, FALSE);
INSERT INTO forms_section_answer (id, copied_from_id, ordinal, question_id, is_immutable, answer_text, answer_char, answer_bool, answer_int, answer_datetime, is_from_query) VALUES (6411, NULL, 2, 1882, TRUE, 'No', NULL, NULL, NULL, NULL, FALSE);
INSERT INTO forms_section_answer (id, copied_from_id, ordinal, question_id, is_immutable, answer_text, answer_char, answer_bool, answer_int, answer_datetime, is_from_query) VALUES (6412, NULL, 1, 1883, TRUE, 'Did not finish high school', NULL, NULL, NULL, NULL, FALSE);
INSERT INTO forms_section_answer (id, copied_from_id, ordinal, question_id, is_immutable, answer_text, answer_char, answer_bool, answer_int, answer_datetime, is_from_query) VALUES (6413, NULL, 2, 1883, TRUE, 'Finished high school', NULL, NULL, NULL, NULL, FALSE);
INSERT INTO forms_section_answer (id, copied_from_id, ordinal, question_id, is_immutable, answer_text, answer_char, answer_bool, answer_int, answer_datetime, is_from_query) VALUES (6414, NULL, 3, 1883, TRUE, 'High school diploma', NULL, NULL, NULL, NULL, FALSE);
INSERT INTO forms_section_answer (id, copied_from_id, ordinal, question_id, is_immutable, answer_text, answer_char, answer_bool, answer_int, answer_datetime, is_from_query) VALUES (6415, NULL, 4, 1883, TRUE, 'Went to college but did not graduate', NULL, NULL, NULL, NULL, FALSE);
INSERT INTO forms_section_answer (id, copied_from_id, ordinal, question_id, is_immutable, answer_text, answer_char, answer_bool, answer_int, answer_datetime, is_from_query) VALUES (6416, NULL, 5, 1883, TRUE, 'Graduated from college', NULL, NULL, NULL, NULL, FALSE);
INSERT INTO forms_section_answer (id, copied_from_id, ordinal, question_id, is_immutable, answer_text, answer_char, answer_bool, answer_int, answer_datetime, is_from_query) VALUES (6417, NULL, 6, 1883, TRUE, 'I don''t know', NULL, NULL, NULL, NULL, FALSE);
INSERT INTO forms_section_answer (id, copied_from_id, ordinal, question_id, is_immutable, answer_text, answer_char, answer_bool, answer_int, answer_datetime, is_from_query) VALUES (6418, NULL, 1, 1884, TRUE, 'Did not finish high school', NULL, NULL, NULL, NULL, FALSE);
INSERT INTO forms_section_answer (id, copied_from_id, ordinal, question_id, is_immutable, answer_text, answer_char, answer_bool, answer_int, answer_datetime, is_from_query) VALUES (6419, NULL, 2, 1884, TRUE, 'Finished high school', NULL, NULL, NULL, NULL, FALSE);
INSERT INTO forms_section_answer (id, copied_from_id, ordinal, question_id, is_immutable, answer_text, answer_char, answer_bool, answer_int, answer_datetime, is_from_query) VALUES (6420, NULL, 3, 1884, TRUE, 'High school diploma', NULL, NULL, NULL, NULL, FALSE);
INSERT INTO forms_section_answer (id, copied_from_id, ordinal, question_id, is_immutable, answer_text, answer_char, answer_bool, answer_int, answer_datetime, is_from_query) VALUES (6421, NULL, 4, 1884, TRUE, 'Went to college but did not graduate', NULL, NULL, NULL, NULL, FALSE);
INSERT INTO forms_section_answer (id, copied_from_id, ordinal, question_id, is_immutable, answer_text, answer_char, answer_bool, answer_int, answer_datetime, is_from_query) VALUES (6422, NULL, 5, 1884, TRUE, 'Graduated from college', NULL, NULL, NULL, NULL, FALSE);
INSERT INTO forms_section_answer (id, copied_from_id, ordinal, question_id, is_immutable, answer_text, answer_char, answer_bool, answer_int, answer_datetime, is_from_query) VALUES (6423, NULL, 6, 1884, TRUE, 'I don''t know', NULL, NULL, NULL, NULL, FALSE);
INSERT INTO forms_section_answer (id, copied_from_id, ordinal, question_id, is_immutable, answer_text, answer_char, answer_bool, answer_int, answer_datetime, is_from_query) VALUES (6424, NULL, 7, 1887, TRUE, 'I think it will be a positive experience', NULL, NULL, NULL, NULL, FALSE);
INSERT INTO forms_section_answer (id, copied_from_id, ordinal, question_id, is_immutable, answer_text, answer_char, answer_bool, answer_int, answer_datetime, is_from_query) VALUES (6425, NULL, 8, 1887, TRUE, 'I do not think it will be a positive experience', NULL, NULL, NULL, NULL, FALSE);
INSERT INTO forms_section_answer (id, copied_from_id, ordinal, question_id, is_immutable, answer_text, answer_char, answer_bool, answer_int, answer_datetime, is_from_query) VALUES (6426, NULL, 1, 1888, TRUE, 'English', NULL, NULL, NULL, NULL, FALSE);
INSERT INTO forms_section_answer (id, copied_from_id, ordinal, question_id, is_immutable, answer_text, answer_char, answer_bool, answer_int, answer_datetime, is_from_query) VALUES (6427, NULL, 2, 1888, TRUE, 'Spanish', NULL, NULL, NULL, NULL, FALSE);
INSERT INTO forms_section_answer (id, copied_from_id, ordinal, question_id, is_immutable, answer_text, answer_char, answer_bool, answer_int, answer_datetime, is_from_query) VALUES (6428, NULL, 3, 1888, TRUE, 'French', NULL, NULL, NULL, NULL, FALSE);
INSERT INTO forms_section_answer (id, copied_from_id, ordinal, question_id, is_immutable, answer_text, answer_char, answer_bool, answer_int, answer_datetime, is_from_query) VALUES (6429, NULL, 4, 1888, TRUE, 'Other', NULL, NULL, NULL, NULL, FALSE);
INSERT INTO forms_section_answer (id, copied_from_id, ordinal, question_id, is_immutable, answer_text, answer_char, answer_bool, answer_int, answer_datetime, is_from_query) VALUES (6430, NULL, 1, 1890, TRUE, 'Mother', NULL, NULL, NULL, NULL, FALSE);
INSERT INTO forms_section_answer (id, copied_from_id, ordinal, question_id, is_immutable, answer_text, answer_char, answer_bool, answer_int, answer_datetime, is_from_query) VALUES (6431, NULL, 2, 1890, TRUE, 'Father', NULL, NULL, NULL, NULL, FALSE);
INSERT INTO forms_section_answer (id, copied_from_id, ordinal, question_id, is_immutable, answer_text, answer_char, answer_bool, answer_int, answer_datetime, is_from_query) VALUES (6432, NULL, 3, 1890, TRUE, 'Stepmother', NULL, NULL, NULL, NULL, FALSE);
INSERT INTO forms_section_answer (id, copied_from_id, ordinal, question_id, is_immutable, answer_text, answer_char, answer_bool, answer_int, answer_datetime, is_from_query) VALUES (6433, NULL, 4, 1890, TRUE, 'Stepfather', NULL, NULL, NULL, NULL, FALSE);
INSERT INTO forms_section_answer (id, copied_from_id, ordinal, question_id, is_immutable, answer_text, answer_char, answer_bool, answer_int, answer_datetime, is_from_query) VALUES (6434, NULL, 5, 1890, TRUE, 'Legal Guardian', NULL, NULL, NULL, NULL, FALSE);
INSERT INTO forms_section_answer (id, copied_from_id, ordinal, question_id, is_immutable, answer_text, answer_char, answer_bool, answer_int, answer_datetime, is_from_query) VALUES (6435, NULL, 6, 1890, TRUE, 'Other', NULL, NULL, NULL, NULL, FALSE);
INSERT INTO forms_section_answer (id, copied_from_id, ordinal, question_id, is_immutable, answer_text, answer_char, answer_bool, answer_int, answer_datetime, is_from_query) VALUES (6436, NULL, 1, 1892, TRUE, 'Yes', NULL, NULL, NULL, NULL, FALSE);
INSERT INTO forms_section_answer (id, copied_from_id, ordinal, question_id, is_immutable, answer_text, answer_char, answer_bool, answer_int, answer_datetime, is_from_query) VALUES (6437, NULL, 2, 1892, TRUE, 'No', NULL, NULL, NULL, NULL, FALSE);
INSERT INTO forms_section_answer (id, copied_from_id, ordinal, question_id, is_immutable, answer_text, answer_char, answer_bool, answer_int, answer_datetime, is_from_query) VALUES (6438, NULL, 1, 1893, TRUE, '1', NULL, NULL, NULL, NULL, FALSE);
INSERT INTO forms_section_answer (id, copied_from_id, ordinal, question_id, is_immutable, answer_text, answer_char, answer_bool, answer_int, answer_datetime, is_from_query) VALUES (6439, NULL, 2, 1893, TRUE, '2', NULL, NULL, NULL, NULL, FALSE);
INSERT INTO forms_section_answer (id, copied_from_id, ordinal, question_id, is_immutable, answer_text, answer_char, answer_bool, answer_int, answer_datetime, is_from_query) VALUES (6440, NULL, 3, 1893, TRUE, '3', NULL, NULL, NULL, NULL, FALSE);
INSERT INTO forms_section_answer (id, copied_from_id, ordinal, question_id, is_immutable, answer_text, answer_char, answer_bool, answer_int, answer_datetime, is_from_query) VALUES (6441, NULL, 4, 1893, TRUE, '4', NULL, NULL, NULL, NULL, FALSE);
INSERT INTO forms_section_answer (id, copied_from_id, ordinal, question_id, is_immutable, answer_text, answer_char, answer_bool, answer_int, answer_datetime, is_from_query) VALUES (6442, NULL, 5, 1893, TRUE, '5', NULL, NULL, NULL, NULL, FALSE);
INSERT INTO forms_section_answer (id, copied_from_id, ordinal, question_id, is_immutable, answer_text, answer_char, answer_bool, answer_int, answer_datetime, is_from_query) VALUES (6443, NULL, 6, 1893, TRUE, '6', NULL, NULL, NULL, NULL, FALSE);
INSERT INTO forms_section_answer (id, copied_from_id, ordinal, question_id, is_immutable, answer_text, answer_char, answer_bool, answer_int, answer_datetime, is_from_query) VALUES (6444, NULL, 7, 1893, TRUE, '7', NULL, NULL, NULL, NULL, FALSE);
INSERT INTO forms_section_answer (id, copied_from_id, ordinal, question_id, is_immutable, answer_text, answer_char, answer_bool, answer_int, answer_datetime, is_from_query) VALUES (6445, NULL, 8, 1893, TRUE, '8', NULL, NULL, NULL, NULL, FALSE);
INSERT INTO forms_section_answer (id, copied_from_id, ordinal, question_id, is_immutable, answer_text, answer_char, answer_bool, answer_int, answer_datetime, is_from_query) VALUES (6446, NULL, 9, 1893, TRUE, '9', NULL, NULL, NULL, NULL, FALSE);
INSERT INTO forms_section_answer (id, copied_from_id, ordinal, question_id, is_immutable, answer_text, answer_char, answer_bool, answer_int, answer_datetime, is_from_query) VALUES (6447, NULL, 10, 1893, TRUE, '10', NULL, NULL, NULL, NULL, FALSE);
INSERT INTO forms_section_answer (id, copied_from_id, ordinal, question_id, is_immutable, answer_text, answer_char, answer_bool, answer_int, answer_datetime, is_from_query) VALUES (6448, NULL, 11, 1893, TRUE, 'More than 10', NULL, NULL, NULL, NULL, FALSE);
INSERT INTO forms_section_answer (id, copied_from_id, ordinal, question_id, is_immutable, answer_text, answer_char, answer_bool, answer_int, answer_datetime, is_from_query) VALUES (6449, NULL, 1, 1894, TRUE, '1', NULL, NULL, NULL, NULL, FALSE);
INSERT INTO forms_section_answer (id, copied_from_id, ordinal, question_id, is_immutable, answer_text, answer_char, answer_bool, answer_int, answer_datetime, is_from_query) VALUES (6450, NULL, 2, 1894, TRUE, '2', NULL, NULL, NULL, NULL, FALSE);
INSERT INTO forms_section_answer (id, copied_from_id, ordinal, question_id, is_immutable, answer_text, answer_char, answer_bool, answer_int, answer_datetime, is_from_query) VALUES (6451, NULL, 3, 1894, TRUE, '3', NULL, NULL, NULL, NULL, FALSE);
INSERT INTO forms_section_answer (id, copied_from_id, ordinal, question_id, is_immutable, answer_text, answer_char, answer_bool, answer_int, answer_datetime, is_from_query) VALUES (6452, NULL, 4, 1894, TRUE, '4', NULL, NULL, NULL, NULL, FALSE);
INSERT INTO forms_section_answer (id, copied_from_id, ordinal, question_id, is_immutable, answer_text, answer_char, answer_bool, answer_int, answer_datetime, is_from_query) VALUES (6453, NULL, 5, 1894, TRUE, '5', NULL, NULL, NULL, NULL, FALSE);
INSERT INTO forms_section_answer (id, copied_from_id, ordinal, question_id, is_immutable, answer_text, answer_char, answer_bool, answer_int, answer_datetime, is_from_query) VALUES (6454, NULL, 6, 1894, TRUE, '6', NULL, NULL, NULL, NULL, FALSE);
INSERT INTO forms_section_answer (id, copied_from_id, ordinal, question_id, is_immutable, answer_text, answer_char, answer_bool, answer_int, answer_datetime, is_from_query) VALUES (6455, NULL, 7, 1894, TRUE, '7', NULL, NULL, NULL, NULL, FALSE);
INSERT INTO forms_section_answer (id, copied_from_id, ordinal, question_id, is_immutable, answer_text, answer_char, answer_bool, answer_int, answer_datetime, is_from_query) VALUES (6456, NULL, 8, 1894, TRUE, '8', NULL, NULL, NULL, NULL, FALSE);
INSERT INTO forms_section_answer (id, copied_from_id, ordinal, question_id, is_immutable, answer_text, answer_char, answer_bool, answer_int, answer_datetime, is_from_query) VALUES (6457, NULL, 9, 1894, TRUE, '9', NULL, NULL, NULL, NULL, FALSE);
INSERT INTO forms_section_answer (id, copied_from_id, ordinal, question_id, is_immutable, answer_text, answer_char, answer_bool, answer_int, answer_datetime, is_from_query) VALUES (6458, NULL, 10, 1894, TRUE, '10', NULL, NULL, NULL, NULL, FALSE);
INSERT INTO forms_section_answer (id, copied_from_id, ordinal, question_id, is_immutable, answer_text, answer_char, answer_bool, answer_int, answer_datetime, is_from_query) VALUES (6459, NULL, 11, 1894, TRUE, '11', NULL, NULL, NULL, NULL, FALSE);
INSERT INTO forms_section_answer (id, copied_from_id, ordinal, question_id, is_immutable, answer_text, answer_char, answer_bool, answer_int, answer_datetime, is_from_query) VALUES (6460, NULL, 12, 1894, TRUE, '12', NULL, NULL, NULL, NULL, FALSE);
INSERT INTO forms_section_answer (id, copied_from_id, ordinal, question_id, is_immutable, answer_text, answer_char, answer_bool, answer_int, answer_datetime, is_from_query) VALUES (6461, NULL, 13, 1894, TRUE, '13', NULL, NULL, NULL, NULL, FALSE);
INSERT INTO forms_section_answer (id, copied_from_id, ordinal, question_id, is_immutable, answer_text, answer_char, answer_bool, answer_int, answer_datetime, is_from_query) VALUES (6462, NULL, 14, 1894, TRUE, '14', NULL, NULL, NULL, NULL, FALSE);
INSERT INTO forms_section_answer (id, copied_from_id, ordinal, question_id, is_immutable, answer_text, answer_char, answer_bool, answer_int, answer_datetime, is_from_query) VALUES (6463, NULL, 15, 1894, TRUE, '15', NULL, NULL, NULL, NULL, FALSE);
INSERT INTO forms_section_answer (id, copied_from_id, ordinal, question_id, is_immutable, answer_text, answer_char, answer_bool, answer_int, answer_datetime, is_from_query) VALUES (6464, NULL, 16, 1894, TRUE, '16', NULL, NULL, NULL, NULL, FALSE);
INSERT INTO forms_section_answer (id, copied_from_id, ordinal, question_id, is_immutable, answer_text, answer_char, answer_bool, answer_int, answer_datetime, is_from_query) VALUES (6465, NULL, 17, 1894, TRUE, '17', NULL, NULL, NULL, NULL, FALSE);
INSERT INTO forms_section_answer (id, copied_from_id, ordinal, question_id, is_immutable, answer_text, answer_char, answer_bool, answer_int, answer_datetime, is_from_query) VALUES (6466, NULL, 18, 1894, TRUE, '18', NULL, NULL, NULL, NULL, FALSE);
INSERT INTO forms_section_answer (id, copied_from_id, ordinal, question_id, is_immutable, answer_text, answer_char, answer_bool, answer_int, answer_datetime, is_from_query) VALUES (6467, NULL, 19, 1894, TRUE, '19', NULL, NULL, NULL, NULL, FALSE);
INSERT INTO forms_section_answer (id, copied_from_id, ordinal, question_id, is_immutable, answer_text, answer_char, answer_bool, answer_int, answer_datetime, is_from_query) VALUES (6468, NULL, 20, 1894, TRUE, '20', NULL, NULL, NULL, NULL, FALSE);
INSERT INTO forms_section_answer (id, copied_from_id, ordinal, question_id, is_immutable, answer_text, answer_char, answer_bool, answer_int, answer_datetime, is_from_query) VALUES (6469, NULL, 21, 1894, TRUE, '21', NULL, NULL, NULL, NULL, FALSE);
INSERT INTO forms_section_answer (id, copied_from_id, ordinal, question_id, is_immutable, answer_text, answer_char, answer_bool, answer_int, answer_datetime, is_from_query) VALUES (6470, NULL, 22, 1894, TRUE, '22', NULL, NULL, NULL, NULL, FALSE);
INSERT INTO forms_section_answer (id, copied_from_id, ordinal, question_id, is_immutable, answer_text, answer_char, answer_bool, answer_int, answer_datetime, is_from_query) VALUES (6471, NULL, 23, 1894, TRUE, '23', NULL, NULL, NULL, NULL, FALSE);
INSERT INTO forms_section_answer (id, copied_from_id, ordinal, question_id, is_immutable, answer_text, answer_char, answer_bool, answer_int, answer_datetime, is_from_query) VALUES (6472, NULL, 24, 1894, TRUE, '24', NULL, NULL, NULL, NULL, FALSE);
INSERT INTO forms_section_answer (id, copied_from_id, ordinal, question_id, is_immutable, answer_text, answer_char, answer_bool, answer_int, answer_datetime, is_from_query) VALUES (6473, NULL, 25, 1894, TRUE, '25', NULL, NULL, NULL, NULL, FALSE);
INSERT INTO forms_section_answer (id, copied_from_id, ordinal, question_id, is_immutable, answer_text, answer_char, answer_bool, answer_int, answer_datetime, is_from_query) VALUES (6474, NULL, 26, 1894, TRUE, '26', NULL, NULL, NULL, NULL, FALSE);
INSERT INTO forms_section_answer (id, copied_from_id, ordinal, question_id, is_immutable, answer_text, answer_char, answer_bool, answer_int, answer_datetime, is_from_query) VALUES (6475, NULL, 27, 1894, TRUE, '27', NULL, NULL, NULL, NULL, FALSE);
INSERT INTO forms_section_answer (id, copied_from_id, ordinal, question_id, is_immutable, answer_text, answer_char, answer_bool, answer_int, answer_datetime, is_from_query) VALUES (6476, NULL, 28, 1894, TRUE, '28', NULL, NULL, NULL, NULL, FALSE);
INSERT INTO forms_section_answer (id, copied_from_id, ordinal, question_id, is_immutable, answer_text, answer_char, answer_bool, answer_int, answer_datetime, is_from_query) VALUES (6477, NULL, 29, 1894, TRUE, '29', NULL, NULL, NULL, NULL, FALSE);
INSERT INTO forms_section_answer (id, copied_from_id, ordinal, question_id, is_immutable, answer_text, answer_char, answer_bool, answer_int, answer_datetime, is_from_query) VALUES (6478, NULL, 30, 1894, TRUE, '30 or older', NULL, NULL, NULL, NULL, FALSE);
INSERT INTO forms_section_answer (id, copied_from_id, ordinal, question_id, is_immutable, answer_text, answer_char, answer_bool, answer_int, answer_datetime, is_from_query) VALUES (6479, NULL, 1, 1896, TRUE, 'Never', NULL, NULL, NULL, NULL, FALSE);
INSERT INTO forms_section_answer (id, copied_from_id, ordinal, question_id, is_immutable, answer_text, answer_char, answer_bool, answer_int, answer_datetime, is_from_query) VALUES (6480, NULL, 2, 1896, TRUE, 'A couple of times a year', NULL, NULL, NULL, NULL, FALSE);
INSERT INTO forms_section_answer (id, copied_from_id, ordinal, question_id, is_immutable, answer_text, answer_char, answer_bool, answer_int, answer_datetime, is_from_query) VALUES (6481, NULL, 3, 1896, TRUE, 'Once a month', NULL, NULL, NULL, NULL, FALSE);
INSERT INTO forms_section_answer (id, copied_from_id, ordinal, question_id, is_immutable, answer_text, answer_char, answer_bool, answer_int, answer_datetime, is_from_query) VALUES (6482, NULL, 4, 1896, TRUE, 'Several times a month', NULL, NULL, NULL, NULL, FALSE);
INSERT INTO forms_section_answer (id, copied_from_id, ordinal, question_id, is_immutable, answer_text, answer_char, answer_bool, answer_int, answer_datetime, is_from_query) VALUES (6483, NULL, 5, 1896, TRUE, 'Once a week', NULL, NULL, NULL, NULL, FALSE);
INSERT INTO forms_section_answer (id, copied_from_id, ordinal, question_id, is_immutable, answer_text, answer_char, answer_bool, answer_int, answer_datetime, is_from_query) VALUES (6484, NULL, 6, 1896, TRUE, 'Several times a week', NULL, NULL, NULL, NULL, FALSE);
INSERT INTO forms_section_answer (id, copied_from_id, ordinal, question_id, is_immutable, answer_text, answer_char, answer_bool, answer_int, answer_datetime, is_from_query) VALUES (6485, NULL, 7, 1896, TRUE, 'Daily', NULL, NULL, NULL, NULL, FALSE);
INSERT INTO forms_section_answer (id, copied_from_id, ordinal, question_id, is_immutable, answer_text, answer_char, answer_bool, answer_int, answer_datetime, is_from_query) VALUES (6486, NULL, 1, 1897, TRUE, 'Nobody helps me plan for college', NULL, NULL, NULL, NULL, FALSE);
INSERT INTO forms_section_answer (id, copied_from_id, ordinal, question_id, is_immutable, answer_text, answer_char, answer_bool, answer_int, answer_datetime, is_from_query) VALUES (6487, NULL, 2, 1897, TRUE, 'Family Member', NULL, NULL, NULL, NULL, FALSE);
INSERT INTO forms_section_answer (id, copied_from_id, ordinal, question_id, is_immutable, answer_text, answer_char, answer_bool, answer_int, answer_datetime, is_from_query) VALUES (6488, NULL, 3, 1897, TRUE, 'Friend', NULL, NULL, NULL, NULL, FALSE);
INSERT INTO forms_section_answer (id, copied_from_id, ordinal, question_id, is_immutable, answer_text, answer_char, answer_bool, answer_int, answer_datetime, is_from_query) VALUES (6489, NULL, 4, 1897, TRUE, 'Tutor/Mentor', NULL, NULL, NULL, NULL, FALSE);
INSERT INTO forms_section_answer (id, copied_from_id, ordinal, question_id, is_immutable, answer_text, answer_char, answer_bool, answer_int, answer_datetime, is_from_query) VALUES (6490, NULL, 5, 1897, TRUE, 'School Employee', NULL, NULL, NULL, NULL, FALSE);
INSERT INTO forms_section_answer (id, copied_from_id, ordinal, question_id, is_immutable, answer_text, answer_char, answer_bool, answer_int, answer_datetime, is_from_query) VALUES (6491, NULL, 6, 1897, TRUE, 'Other', NULL, NULL, NULL, NULL, FALSE);
INSERT INTO forms_section_answer (id, copied_from_id, ordinal, question_id, is_immutable, answer_text, answer_char, answer_bool, answer_int, answer_datetime, is_from_query) VALUES (6492, NULL, 1, 1898, TRUE, 'Dance', NULL, NULL, NULL, NULL, FALSE);
INSERT INTO forms_section_answer (id, copied_from_id, ordinal, question_id, is_immutable, answer_text, answer_char, answer_bool, answer_int, answer_datetime, is_from_query) VALUES (6493, NULL, 2, 1898, TRUE, 'Music Performance (Band, Orchestra, and/or Choir)', NULL, NULL, NULL, NULL, FALSE);
INSERT INTO forms_section_answer (id, copied_from_id, ordinal, question_id, is_immutable, answer_text, answer_char, answer_bool, answer_int, answer_datetime, is_from_query) VALUES (6494, NULL, 3, 1898, TRUE, 'Theater', NULL, NULL, NULL, NULL, FALSE);
INSERT INTO forms_section_answer (id, copied_from_id, ordinal, question_id, is_immutable, answer_text, answer_char, answer_bool, answer_int, answer_datetime, is_from_query) VALUES (6495, NULL, 4, 1898, TRUE, 'Visual Arts (drawing, painting, sculpture)', NULL, NULL, NULL, NULL, FALSE);
INSERT INTO forms_section_answer (id, copied_from_id, ordinal, question_id, is_immutable, answer_text, answer_char, answer_bool, answer_int, answer_datetime, is_from_query) VALUES (6496, NULL, 5, 1898, TRUE, 'Other', NULL, NULL, NULL, NULL, FALSE);
INSERT INTO forms_section_answer (id, copied_from_id, ordinal, question_id, is_immutable, answer_text, answer_char, answer_bool, answer_int, answer_datetime, is_from_query) VALUES (6497, NULL, 6, 1898, TRUE, 'None', NULL, NULL, NULL, NULL, FALSE);
INSERT INTO forms_section_answer (id, copied_from_id, ordinal, question_id, is_immutable, answer_text, answer_char, answer_bool, answer_int, answer_datetime, is_from_query) VALUES (6498, NULL, 1, 1899, TRUE, 'Dance', NULL, NULL, NULL, NULL, FALSE);
INSERT INTO forms_section_answer (id, copied_from_id, ordinal, question_id, is_immutable, answer_text, answer_char, answer_bool, answer_int, answer_datetime, is_from_query) VALUES (6499, NULL, 2, 1899, TRUE, 'Music Performance (Band, Orchestra, and/or Choir)', NULL, NULL, NULL, NULL, FALSE);
INSERT INTO forms_section_answer (id, copied_from_id, ordinal, question_id, is_immutable, answer_text, answer_char, answer_bool, answer_int, answer_datetime, is_from_query) VALUES (6500, NULL, 3, 1899, TRUE, 'Theater', NULL, NULL, NULL, NULL, FALSE);
INSERT INTO forms_section_answer (id, copied_from_id, ordinal, question_id, is_immutable, answer_text, answer_char, answer_bool, answer_int, answer_datetime, is_from_query) VALUES (6501, NULL, 4, 1899, TRUE, 'Visual Arts (drawing, painting, sculpture)', NULL, NULL, NULL, NULL, FALSE);
INSERT INTO forms_section_answer (id, copied_from_id, ordinal, question_id, is_immutable, answer_text, answer_char, answer_bool, answer_int, answer_datetime, is_from_query) VALUES (6502, NULL, 5, 1899, TRUE, 'Other', NULL, NULL, NULL, NULL, FALSE);
INSERT INTO forms_section_answer (id, copied_from_id, ordinal, question_id, is_immutable, answer_text, answer_char, answer_bool, answer_int, answer_datetime, is_from_query) VALUES (6503, NULL, 6, 1899, TRUE, 'None', NULL, NULL, NULL, NULL, FALSE);
INSERT INTO forms_section_answer (id, copied_from_id, ordinal, question_id, is_immutable, answer_text, answer_char, answer_bool, answer_int, answer_datetime, is_from_query) VALUES (6504, NULL, 1, 1900, TRUE, 'Baseball/Softball', NULL, NULL, NULL, NULL, FALSE);
INSERT INTO forms_section_answer (id, copied_from_id, ordinal, question_id, is_immutable, answer_text, answer_char, answer_bool, answer_int, answer_datetime, is_from_query) VALUES (6505, NULL, 2, 1900, TRUE, 'Basketball', NULL, NULL, NULL, NULL, FALSE);
INSERT INTO forms_section_answer (id, copied_from_id, ordinal, question_id, is_immutable, answer_text, answer_char, answer_bool, answer_int, answer_datetime, is_from_query) VALUES (6506, NULL, 3, 1900, TRUE, 'Football', NULL, NULL, NULL, NULL, FALSE);
INSERT INTO forms_section_answer (id, copied_from_id, ordinal, question_id, is_immutable, answer_text, answer_char, answer_bool, answer_int, answer_datetime, is_from_query) VALUES (6507, NULL, 4, 1900, TRUE, 'Gymnastics', NULL, NULL, NULL, NULL, FALSE);
INSERT INTO forms_section_answer (id, copied_from_id, ordinal, question_id, is_immutable, answer_text, answer_char, answer_bool, answer_int, answer_datetime, is_from_query) VALUES (6508, NULL, 5, 1900, TRUE, 'Lacrosse', NULL, NULL, NULL, NULL, FALSE);
INSERT INTO forms_section_answer (id, copied_from_id, ordinal, question_id, is_immutable, answer_text, answer_char, answer_bool, answer_int, answer_datetime, is_from_query) VALUES (6509, NULL, 6, 1900, TRUE, 'Soccer', NULL, NULL, NULL, NULL, FALSE);
INSERT INTO forms_section_answer (id, copied_from_id, ordinal, question_id, is_immutable, answer_text, answer_char, answer_bool, answer_int, answer_datetime, is_from_query) VALUES (6510, NULL, 7, 1900, TRUE, 'Swimming', NULL, NULL, NULL, NULL, FALSE);
INSERT INTO forms_section_answer (id, copied_from_id, ordinal, question_id, is_immutable, answer_text, answer_char, answer_bool, answer_int, answer_datetime, is_from_query) VALUES (6511, NULL, 8, 1900, TRUE, 'Track and Field', NULL, NULL, NULL, NULL, FALSE);
INSERT INTO forms_section_answer (id, copied_from_id, ordinal, question_id, is_immutable, answer_text, answer_char, answer_bool, answer_int, answer_datetime, is_from_query) VALUES (6512, NULL, 9, 1900, TRUE, 'Tennis', NULL, NULL, NULL, NULL, FALSE);
INSERT INTO forms_section_answer (id, copied_from_id, ordinal, question_id, is_immutable, answer_text, answer_char, answer_bool, answer_int, answer_datetime, is_from_query) VALUES (6513, NULL, 10, 1900, TRUE, 'Volleyball', NULL, NULL, NULL, NULL, FALSE);
INSERT INTO forms_section_answer (id, copied_from_id, ordinal, question_id, is_immutable, answer_text, answer_char, answer_bool, answer_int, answer_datetime, is_from_query) VALUES (6514, NULL, 11, 1900, TRUE, 'Other', NULL, NULL, NULL, NULL, FALSE);
INSERT INTO forms_section_answer (id, copied_from_id, ordinal, question_id, is_immutable, answer_text, answer_char, answer_bool, answer_int, answer_datetime, is_from_query) VALUES (6515, NULL, 12, 1900, TRUE, 'None', NULL, NULL, NULL, NULL, FALSE);
INSERT INTO forms_section_answer (id, copied_from_id, ordinal, question_id, is_immutable, answer_text, answer_char, answer_bool, answer_int, answer_datetime, is_from_query) VALUES (6516, NULL, 1, 1901, TRUE, 'Baseball/Softball', NULL, NULL, NULL, NULL, FALSE);
INSERT INTO forms_section_answer (id, copied_from_id, ordinal, question_id, is_immutable, answer_text, answer_char, answer_bool, answer_int, answer_datetime, is_from_query) VALUES (6517, NULL, 2, 1901, TRUE, 'Basketball', NULL, NULL, NULL, NULL, FALSE);
INSERT INTO forms_section_answer (id, copied_from_id, ordinal, question_id, is_immutable, answer_text, answer_char, answer_bool, answer_int, answer_datetime, is_from_query) VALUES (6518, NULL, 3, 1901, TRUE, 'Football', NULL, NULL, NULL, NULL, FALSE);
INSERT INTO forms_section_answer (id, copied_from_id, ordinal, question_id, is_immutable, answer_text, answer_char, answer_bool, answer_int, answer_datetime, is_from_query) VALUES (6519, NULL, 4, 1901, TRUE, 'Gymnastics', NULL, NULL, NULL, NULL, FALSE);
INSERT INTO forms_section_answer (id, copied_from_id, ordinal, question_id, is_immutable, answer_text, answer_char, answer_bool, answer_int, answer_datetime, is_from_query) VALUES (6520, NULL, 5, 1901, TRUE, 'Lacrosse', NULL, NULL, NULL, NULL, FALSE);
INSERT INTO forms_section_answer (id, copied_from_id, ordinal, question_id, is_immutable, answer_text, answer_char, answer_bool, answer_int, answer_datetime, is_from_query) VALUES (6521, NULL, 6, 1901, TRUE, 'Soccer', NULL, NULL, NULL, NULL, FALSE);
INSERT INTO forms_section_answer (id, copied_from_id, ordinal, question_id, is_immutable, answer_text, answer_char, answer_bool, answer_int, answer_datetime, is_from_query) VALUES (6522, NULL, 7, 1901, TRUE, 'Swimming', NULL, NULL, NULL, NULL, FALSE);
INSERT INTO forms_section_answer (id, copied_from_id, ordinal, question_id, is_immutable, answer_text, answer_char, answer_bool, answer_int, answer_datetime, is_from_query) VALUES (6523, NULL, 8, 1901, TRUE, 'Track and Field', NULL, NULL, NULL, NULL, FALSE);
INSERT INTO forms_section_answer (id, copied_from_id, ordinal, question_id, is_immutable, answer_text, answer_char, answer_bool, answer_int, answer_datetime, is_from_query) VALUES (6524, NULL, 9, 1901, TRUE, 'Tennis', NULL, NULL, NULL, NULL, FALSE);
INSERT INTO forms_section_answer (id, copied_from_id, ordinal, question_id, is_immutable, answer_text, answer_char, answer_bool, answer_int, answer_datetime, is_from_query) VALUES (6525, NULL, 10, 1901, TRUE, 'Volleyball', NULL, NULL, NULL, NULL, FALSE);
INSERT INTO forms_section_answer (id, copied_from_id, ordinal, question_id, is_immutable, answer_text, answer_char, answer_bool, answer_int, answer_datetime, is_from_query) VALUES (6526, NULL, 11, 1901, TRUE, 'Other', NULL, NULL, NULL, NULL, FALSE);
INSERT INTO forms_section_answer (id, copied_from_id, ordinal, question_id, is_immutable, answer_text, answer_char, answer_bool, answer_int, answer_datetime, is_from_query) VALUES (6527, NULL, 12, 1901, TRUE, 'None', NULL, NULL, NULL, NULL, FALSE);
INSERT INTO forms_section_answer (id, copied_from_id, ordinal, question_id, is_immutable, answer_text, answer_char, answer_bool, answer_int, answer_datetime, is_from_query) VALUES (6528, NULL, 1, 1902, TRUE, 'Yes', NULL, NULL, NULL, NULL, FALSE);
INSERT INTO forms_section_answer (id, copied_from_id, ordinal, question_id, is_immutable, answer_text, answer_char, answer_bool, answer_int, answer_datetime, is_from_query) VALUES (6529, NULL, 2, 1902, TRUE, 'No', NULL, NULL, NULL, NULL, FALSE);
INSERT INTO forms_section_answer (id, copied_from_id, ordinal, question_id, is_immutable, answer_text, answer_char, answer_bool, answer_int, answer_datetime, is_from_query) VALUES (6530, NULL, 1, 1905, TRUE, '1 – I don’t know anything about career options available to me', NULL, NULL, NULL, NULL, FALSE);
INSERT INTO forms_section_answer (id, copied_from_id, ordinal, question_id, is_immutable, answer_text, answer_char, answer_bool, answer_int, answer_datetime, is_from_query) VALUES (6531, NULL, 2, 1905, TRUE, '2', NULL, NULL, NULL, NULL, FALSE);
INSERT INTO forms_section_answer (id, copied_from_id, ordinal, question_id, is_immutable, answer_text, answer_char, answer_bool, answer_int, answer_datetime, is_from_query) VALUES (6532, NULL, 3, 1905, TRUE, '3', NULL, NULL, NULL, NULL, FALSE);
INSERT INTO forms_section_answer (id, copied_from_id, ordinal, question_id, is_immutable, answer_text, answer_char, answer_bool, answer_int, answer_datetime, is_from_query) VALUES (6533, NULL, 4, 1905, TRUE, '4', NULL, NULL, NULL, NULL, FALSE);
INSERT INTO forms_section_answer (id, copied_from_id, ordinal, question_id, is_immutable, answer_text, answer_char, answer_bool, answer_int, answer_datetime, is_from_query) VALUES (6534, NULL, 5, 1905, TRUE, '5', NULL, NULL, NULL, NULL, FALSE);
INSERT INTO forms_section_answer (id, copied_from_id, ordinal, question_id, is_immutable, answer_text, answer_char, answer_bool, answer_int, answer_datetime, is_from_query) VALUES (6535, NULL, 6, 1905, TRUE, '6', NULL, NULL, NULL, NULL, FALSE);
INSERT INTO forms_section_answer (id, copied_from_id, ordinal, question_id, is_immutable, answer_text, answer_char, answer_bool, answer_int, answer_datetime, is_from_query) VALUES (6536, NULL, 7, 1905, TRUE, '7', NULL, NULL, NULL, NULL, FALSE);
INSERT INTO forms_section_answer (id, copied_from_id, ordinal, question_id, is_immutable, answer_text, answer_char, answer_bool, answer_int, answer_datetime, is_from_query) VALUES (6537, NULL, 8, 1905, TRUE, '8', NULL, NULL, NULL, NULL, FALSE);
INSERT INTO forms_section_answer (id, copied_from_id, ordinal, question_id, is_immutable, answer_text, answer_char, answer_bool, answer_int, answer_datetime, is_from_query) VALUES (6538, NULL, 9, 1905, TRUE, '9', NULL, NULL, NULL, NULL, FALSE);
INSERT INTO forms_section_answer (id, copied_from_id, ordinal, question_id, is_immutable, answer_text, answer_char, answer_bool, answer_int, answer_datetime, is_from_query) VALUES (6539, NULL, 10, 1905, TRUE, '10 – I know everything there is to know about the career options available to me', NULL, NULL, NULL, NULL, FALSE);
INSERT INTO forms_section_answer (id, copied_from_id, ordinal, question_id, is_immutable, answer_text, answer_char, answer_bool, answer_int, answer_datetime, is_from_query) VALUES (6540, NULL, 1, 1906, TRUE, '1 – Not good leadership skills at all', NULL, NULL, NULL, NULL, FALSE);
INSERT INTO forms_section_answer (id, copied_from_id, ordinal, question_id, is_immutable, answer_text, answer_char, answer_bool, answer_int, answer_datetime, is_from_query) VALUES (6541, NULL, 2, 1906, TRUE, '2', NULL, NULL, NULL, NULL, FALSE);
INSERT INTO forms_section_answer (id, copied_from_id, ordinal, question_id, is_immutable, answer_text, answer_char, answer_bool, answer_int, answer_datetime, is_from_query) VALUES (6542, NULL, 3, 1906, TRUE, '3', NULL, NULL, NULL, NULL, FALSE);
INSERT INTO forms_section_answer (id, copied_from_id, ordinal, question_id, is_immutable, answer_text, answer_char, answer_bool, answer_int, answer_datetime, is_from_query) VALUES (6543, NULL, 4, 1906, TRUE, '4', NULL, NULL, NULL, NULL, FALSE);
INSERT INTO forms_section_answer (id, copied_from_id, ordinal, question_id, is_immutable, answer_text, answer_char, answer_bool, answer_int, answer_datetime, is_from_query) VALUES (6544, NULL, 5, 1906, TRUE, '5', NULL, NULL, NULL, NULL, FALSE);
INSERT INTO forms_section_answer (id, copied_from_id, ordinal, question_id, is_immutable, answer_text, answer_char, answer_bool, answer_int, answer_datetime, is_from_query) VALUES (6545, NULL, 6, 1906, TRUE, '6', NULL, NULL, NULL, NULL, FALSE);
INSERT INTO forms_section_answer (id, copied_from_id, ordinal, question_id, is_immutable, answer_text, answer_char, answer_bool, answer_int, answer_datetime, is_from_query) VALUES (6546, NULL, 7, 1906, TRUE, '7', NULL, NULL, NULL, NULL, FALSE);
INSERT INTO forms_section_answer (id, copied_from_id, ordinal, question_id, is_immutable, answer_text, answer_char, answer_bool, answer_int, answer_datetime, is_from_query) VALUES (6547, NULL, 8, 1906, TRUE, '8', NULL, NULL, NULL, NULL, FALSE);
INSERT INTO forms_section_answer (id, copied_from_id, ordinal, question_id, is_immutable, answer_text, answer_char, answer_bool, answer_int, answer_datetime, is_from_query) VALUES (6548, NULL, 9, 1906, TRUE, '9', NULL, NULL, NULL, NULL, FALSE);
INSERT INTO forms_section_answer (id, copied_from_id, ordinal, question_id, is_immutable, answer_text, answer_char, answer_bool, answer_int, answer_datetime, is_from_query) VALUES (6549, NULL, 10, 1906, TRUE, '10 – Strongest leadership skills possible', NULL, NULL, NULL, NULL, FALSE);
INSERT INTO forms_section_answer (id, copied_from_id, ordinal, question_id, is_immutable, answer_text, answer_char, answer_bool, answer_int, answer_datetime, is_from_query) VALUES (6550, NULL, 1, 1907, TRUE, '1 – Not responsible at all', NULL, NULL, NULL, NULL, FALSE);
INSERT INTO forms_section_answer (id, copied_from_id, ordinal, question_id, is_immutable, answer_text, answer_char, answer_bool, answer_int, answer_datetime, is_from_query) VALUES (6551, NULL, 2, 1907, TRUE, '2', NULL, NULL, NULL, NULL, FALSE);
INSERT INTO forms_section_answer (id, copied_from_id, ordinal, question_id, is_immutable, answer_text, answer_char, answer_bool, answer_int, answer_datetime, is_from_query) VALUES (6552, NULL, 3, 1907, TRUE, '3', NULL, NULL, NULL, NULL, FALSE);
INSERT INTO forms_section_answer (id, copied_from_id, ordinal, question_id, is_immutable, answer_text, answer_char, answer_bool, answer_int, answer_datetime, is_from_query) VALUES (6553, NULL, 4, 1907, TRUE, '4', NULL, NULL, NULL, NULL, FALSE);
INSERT INTO forms_section_answer (id, copied_from_id, ordinal, question_id, is_immutable, answer_text, answer_char, answer_bool, answer_int, answer_datetime, is_from_query) VALUES (6554, NULL, 5, 1907, TRUE, '5', NULL, NULL, NULL, NULL, FALSE);
INSERT INTO forms_section_answer (id, copied_from_id, ordinal, question_id, is_immutable, answer_text, answer_char, answer_bool, answer_int, answer_datetime, is_from_query) VALUES (6555, NULL, 6, 1907, TRUE, '6', NULL, NULL, NULL, NULL, FALSE);
INSERT INTO forms_section_answer (id, copied_from_id, ordinal, question_id, is_immutable, answer_text, answer_char, answer_bool, answer_int, answer_datetime, is_from_query) VALUES (6556, NULL, 7, 1907, TRUE, '7', NULL, NULL, NULL, NULL, FALSE);
INSERT INTO forms_section_answer (id, copied_from_id, ordinal, question_id, is_immutable, answer_text, answer_char, answer_bool, answer_int, answer_datetime, is_from_query) VALUES (6557, NULL, 8, 1907, TRUE, '8', NULL, NULL, NULL, NULL, FALSE);
INSERT INTO forms_section_answer (id, copied_from_id, ordinal, question_id, is_immutable, answer_text, answer_char, answer_bool, answer_int, answer_datetime, is_from_query) VALUES (6558, NULL, 9, 1907, TRUE, '9', NULL, NULL, NULL, NULL, FALSE);
INSERT INTO forms_section_answer (id, copied_from_id, ordinal, question_id, is_immutable, answer_text, answer_char, answer_bool, answer_int, answer_datetime, is_from_query) VALUES (6559, NULL, 10, 1907, TRUE, '10 – Highest level of responsibility', NULL, NULL, NULL, NULL, FALSE);
INSERT INTO forms_section_answer (id, copied_from_id, ordinal, question_id, is_immutable, answer_text, answer_char, answer_bool, answer_int, answer_datetime, is_from_query) VALUES (6560, NULL, 1, 1908, TRUE, '0', NULL, NULL, NULL, NULL, FALSE);
INSERT INTO forms_section_answer (id, copied_from_id, ordinal, question_id, is_immutable, answer_text, answer_char, answer_bool, answer_int, answer_datetime, is_from_query) VALUES (6561, NULL, 2, 1908, TRUE, '1', NULL, NULL, NULL, NULL, FALSE);
INSERT INTO forms_section_answer (id, copied_from_id, ordinal, question_id, is_immutable, answer_text, answer_char, answer_bool, answer_int, answer_datetime, is_from_query) VALUES (6562, NULL, 3, 1908, TRUE, '2', NULL, NULL, NULL, NULL, FALSE);
INSERT INTO forms_section_answer (id, copied_from_id, ordinal, question_id, is_immutable, answer_text, answer_char, answer_bool, answer_int, answer_datetime, is_from_query) VALUES (6563, NULL, 4, 1908, TRUE, '3', NULL, NULL, NULL, NULL, FALSE);
INSERT INTO forms_section_answer (id, copied_from_id, ordinal, question_id, is_immutable, answer_text, answer_char, answer_bool, answer_int, answer_datetime, is_from_query) VALUES (6564, NULL, 5, 1908, TRUE, '4', NULL, NULL, NULL, NULL, FALSE);
INSERT INTO forms_section_answer (id, copied_from_id, ordinal, question_id, is_immutable, answer_text, answer_char, answer_bool, answer_int, answer_datetime, is_from_query) VALUES (6565, NULL, 6, 1908, TRUE, '5', NULL, NULL, NULL, NULL, FALSE);
INSERT INTO forms_section_answer (id, copied_from_id, ordinal, question_id, is_immutable, answer_text, answer_char, answer_bool, answer_int, answer_datetime, is_from_query) VALUES (6566, NULL, 1, 1909, TRUE, 'Yes', NULL, NULL, NULL, NULL, FALSE);
INSERT INTO forms_section_answer (id, copied_from_id, ordinal, question_id, is_immutable, answer_text, answer_char, answer_bool, answer_int, answer_datetime, is_from_query) VALUES (6567, NULL, 2, 1909, TRUE, 'No', NULL, NULL, NULL, NULL, FALSE);
INSERT INTO forms_section_answer (id, copied_from_id, ordinal, question_id, is_immutable, answer_text, answer_char, answer_bool, answer_int, answer_datetime, is_from_query) VALUES (6568, NULL, 1, 1924, TRUE, 'Any - No Preference', NULL, NULL, NULL, NULL, FALSE);
INSERT INTO forms_section_answer (id, copied_from_id, ordinal, question_id, is_immutable, answer_text, answer_char, answer_bool, answer_int, answer_datetime, is_from_query) VALUES (6569, NULL, 2, 1924, TRUE, 'Writing a resume and cover letter', NULL, NULL, NULL, NULL, FALSE);
INSERT INTO forms_section_answer (id, copied_from_id, ordinal, question_id, is_immutable, answer_text, answer_char, answer_bool, answer_int, answer_datetime, is_from_query) VALUES (6570, NULL, 3, 1924, TRUE, 'Getting a job while you are in high school', NULL, NULL, NULL, NULL, FALSE);
INSERT INTO forms_section_answer (id, copied_from_id, ordinal, question_id, is_immutable, answer_text, answer_char, answer_bool, answer_int, answer_datetime, is_from_query) VALUES (6571, NULL, 4, 1924, TRUE, 'Getting an internship while you are in high school', NULL, NULL, NULL, NULL, FALSE);
INSERT INTO forms_section_answer (id, copied_from_id, ordinal, question_id, is_immutable, answer_text, answer_char, answer_bool, answer_int, answer_datetime, is_from_query) VALUES (6572, NULL, 5, 1924, TRUE, 'Learning how to prepare for your career', NULL, NULL, NULL, NULL, FALSE);
INSERT INTO forms_section_answer (id, copied_from_id, ordinal, question_id, is_immutable, answer_text, answer_char, answer_bool, answer_int, answer_datetime, is_from_query) VALUES (6573, NULL, 1, 1926, TRUE, 'Accounting', NULL, NULL, NULL, NULL, FALSE);
INSERT INTO forms_section_answer (id, copied_from_id, ordinal, question_id, is_immutable, answer_text, answer_char, answer_bool, answer_int, answer_datetime, is_from_query) VALUES (6574, NULL, 2, 1926, TRUE, 'American Studies', NULL, NULL, NULL, NULL, FALSE);
INSERT INTO forms_section_answer (id, copied_from_id, ordinal, question_id, is_immutable, answer_text, answer_char, answer_bool, answer_int, answer_datetime, is_from_query) VALUES (6575, NULL, 3, 1926, TRUE, 'Anthropology', NULL, NULL, NULL, NULL, FALSE);
INSERT INTO forms_section_answer (id, copied_from_id, ordinal, question_id, is_immutable, answer_text, answer_char, answer_bool, answer_int, answer_datetime, is_from_query) VALUES (6576, NULL, 4, 1926, TRUE, 'Architecture', NULL, NULL, NULL, NULL, FALSE);
INSERT INTO forms_section_answer (id, copied_from_id, ordinal, question_id, is_immutable, answer_text, answer_char, answer_bool, answer_int, answer_datetime, is_from_query) VALUES (6577, NULL, 5, 1926, TRUE, 'Art History', NULL, NULL, NULL, NULL, FALSE);
INSERT INTO forms_section_answer (id, copied_from_id, ordinal, question_id, is_immutable, answer_text, answer_char, answer_bool, answer_int, answer_datetime, is_from_query) VALUES (6578, NULL, 6, 1926, TRUE, 'Art Studio', NULL, NULL, NULL, NULL, FALSE);
INSERT INTO forms_section_answer (id, copied_from_id, ordinal, question_id, is_immutable, answer_text, answer_char, answer_bool, answer_int, answer_datetime, is_from_query) VALUES (6579, NULL, 7, 1926, TRUE, 'Biochemistry', NULL, NULL, NULL, NULL, FALSE);
INSERT INTO forms_section_answer (id, copied_from_id, ordinal, question_id, is_immutable, answer_text, answer_char, answer_bool, answer_int, answer_datetime, is_from_query) VALUES (6580, NULL, 8, 1926, TRUE, 'Biology', NULL, NULL, NULL, NULL, FALSE);
INSERT INTO forms_section_answer (id, copied_from_id, ordinal, question_id, is_immutable, answer_text, answer_char, answer_bool, answer_int, answer_datetime, is_from_query) VALUES (6581, NULL, 9, 1926, TRUE, 'Biophysics', NULL, NULL, NULL, NULL, FALSE);
INSERT INTO forms_section_answer (id, copied_from_id, ordinal, question_id, is_immutable, answer_text, answer_char, answer_bool, answer_int, answer_datetime, is_from_query) VALUES (6582, NULL, 10, 1926, TRUE, 'Business Administration', NULL, NULL, NULL, NULL, FALSE);
INSERT INTO forms_section_answer (id, copied_from_id, ordinal, question_id, is_immutable, answer_text, answer_char, answer_bool, answer_int, answer_datetime, is_from_query) VALUES (6583, NULL, 11, 1926, TRUE, 'Chemistry', NULL, NULL, NULL, NULL, FALSE);
INSERT INTO forms_section_answer (id, copied_from_id, ordinal, question_id, is_immutable, answer_text, answer_char, answer_bool, answer_int, answer_datetime, is_from_query) VALUES (6584, NULL, 12, 1926, TRUE, 'Classics (Greek / Latin)', NULL, NULL, NULL, NULL, FALSE);
INSERT INTO forms_section_answer (id, copied_from_id, ordinal, question_id, is_immutable, answer_text, answer_char, answer_bool, answer_int, answer_datetime, is_from_query) VALUES (6585, NULL, 13, 1926, TRUE, 'Communication', NULL, NULL, NULL, NULL, FALSE);
INSERT INTO forms_section_answer (id, copied_from_id, ordinal, question_id, is_immutable, answer_text, answer_char, answer_bool, answer_int, answer_datetime, is_from_query) VALUES (6586, NULL, 14, 1926, TRUE, 'Computer Science', NULL, NULL, NULL, NULL, FALSE);
INSERT INTO forms_section_answer (id, copied_from_id, ordinal, question_id, is_immutable, answer_text, answer_char, answer_bool, answer_int, answer_datetime, is_from_query) VALUES (6587, NULL, 15, 1926, TRUE, 'Criminal Justice', NULL, NULL, NULL, NULL, FALSE);
INSERT INTO forms_section_answer (id, copied_from_id, ordinal, question_id, is_immutable, answer_text, answer_char, answer_bool, answer_int, answer_datetime, is_from_query) VALUES (6588, NULL, 16, 1926, TRUE, 'Economics', NULL, NULL, NULL, NULL, FALSE);
INSERT INTO forms_section_answer (id, copied_from_id, ordinal, question_id, is_immutable, answer_text, answer_char, answer_bool, answer_int, answer_datetime, is_from_query) VALUES (6589, NULL, 17, 1926, TRUE, 'Education (Teaching)', NULL, NULL, NULL, NULL, FALSE);
INSERT INTO forms_section_answer (id, copied_from_id, ordinal, question_id, is_immutable, answer_text, answer_char, answer_bool, answer_int, answer_datetime, is_from_query) VALUES (6590, NULL, 18, 1926, TRUE, 'English', NULL, NULL, NULL, NULL, FALSE);
INSERT INTO forms_section_answer (id, copied_from_id, ordinal, question_id, is_immutable, answer_text, answer_char, answer_bool, answer_int, answer_datetime, is_from_query) VALUES (6591, NULL, 19, 1926, TRUE, 'Engineering', NULL, NULL, NULL, NULL, FALSE);
INSERT INTO forms_section_answer (id, copied_from_id, ordinal, question_id, is_immutable, answer_text, answer_char, answer_bool, answer_int, answer_datetime, is_from_query) VALUES (6592, NULL, 20, 1926, TRUE, 'Foreign Language, Literatures, and Linguistics', NULL, NULL, NULL, NULL, FALSE);
INSERT INTO forms_section_answer (id, copied_from_id, ordinal, question_id, is_immutable, answer_text, answer_char, answer_bool, answer_int, answer_datetime, is_from_query) VALUES (6593, NULL, 21, 1926, TRUE, 'Geography', NULL, NULL, NULL, NULL, FALSE);
INSERT INTO forms_section_answer (id, copied_from_id, ordinal, question_id, is_immutable, answer_text, answer_char, answer_bool, answer_int, answer_datetime, is_from_query) VALUES (6594, NULL, 22, 1926, TRUE, 'History', NULL, NULL, NULL, NULL, FALSE);
INSERT INTO forms_section_answer (id, copied_from_id, ordinal, question_id, is_immutable, answer_text, answer_char, answer_bool, answer_int, answer_datetime, is_from_query) VALUES (6595, NULL, 23, 1926, TRUE, 'International Relations', NULL, NULL, NULL, NULL, FALSE);
INSERT INTO forms_section_answer (id, copied_from_id, ordinal, question_id, is_immutable, answer_text, answer_char, answer_bool, answer_int, answer_datetime, is_from_query) VALUES (6596, NULL, 24, 1926, TRUE, 'Journalism', NULL, NULL, NULL, NULL, FALSE);
INSERT INTO forms_section_answer (id, copied_from_id, ordinal, question_id, is_immutable, answer_text, answer_char, answer_bool, answer_int, answer_datetime, is_from_query) VALUES (6597, NULL, 25, 1926, TRUE, 'Library Sciences', NULL, NULL, NULL, NULL, FALSE);
INSERT INTO forms_section_answer (id, copied_from_id, ordinal, question_id, is_immutable, answer_text, answer_char, answer_bool, answer_int, answer_datetime, is_from_query) VALUES (6598, NULL, 26, 1926, TRUE, 'Mathematics', NULL, NULL, NULL, NULL, FALSE);
INSERT INTO forms_section_answer (id, copied_from_id, ordinal, question_id, is_immutable, answer_text, answer_char, answer_bool, answer_int, answer_datetime, is_from_query) VALUES (6599, NULL, 27, 1926, TRUE, 'Philosophy', NULL, NULL, NULL, NULL, FALSE);
INSERT INTO forms_section_answer (id, copied_from_id, ordinal, question_id, is_immutable, answer_text, answer_char, answer_bool, answer_int, answer_datetime, is_from_query) VALUES (6600, NULL, 28, 1926, TRUE, 'Physics & Astronomy', NULL, NULL, NULL, NULL, FALSE);
INSERT INTO forms_section_answer (id, copied_from_id, ordinal, question_id, is_immutable, answer_text, answer_char, answer_bool, answer_int, answer_datetime, is_from_query) VALUES (6601, NULL, 29, 1926, TRUE, 'Political Science', NULL, NULL, NULL, NULL, FALSE);
INSERT INTO forms_section_answer (id, copied_from_id, ordinal, question_id, is_immutable, answer_text, answer_char, answer_bool, answer_int, answer_datetime, is_from_query) VALUES (6602, NULL, 30, 1926, TRUE, 'Psychology', NULL, NULL, NULL, NULL, FALSE);
INSERT INTO forms_section_answer (id, copied_from_id, ordinal, question_id, is_immutable, answer_text, answer_char, answer_bool, answer_int, answer_datetime, is_from_query) VALUES (6603, NULL, 31, 1926, TRUE, 'Religion / Theology', NULL, NULL, NULL, NULL, FALSE);
INSERT INTO forms_section_answer (id, copied_from_id, ordinal, question_id, is_immutable, answer_text, answer_char, answer_bool, answer_int, answer_datetime, is_from_query) VALUES (6604, NULL, 32, 1926, TRUE, 'Sociology', NULL, NULL, NULL, NULL, FALSE);
INSERT INTO forms_section_answer (id, copied_from_id, ordinal, question_id, is_immutable, answer_text, answer_char, answer_bool, answer_int, answer_datetime, is_from_query) VALUES (6605, NULL, 33, 1926, TRUE, 'Women''s and Gender Studies', NULL, NULL, NULL, NULL, FALSE);
INSERT INTO forms_section_answer (id, copied_from_id, ordinal, question_id, is_immutable, answer_text, answer_char, answer_bool, answer_int, answer_datetime, is_from_query) VALUES (6606, NULL, 1, 1927, TRUE, 'Accounting', NULL, NULL, NULL, NULL, FALSE);
INSERT INTO forms_section_answer (id, copied_from_id, ordinal, question_id, is_immutable, answer_text, answer_char, answer_bool, answer_int, answer_datetime, is_from_query) VALUES (6607, NULL, 2, 1927, TRUE, 'American Studies', NULL, NULL, NULL, NULL, FALSE);
INSERT INTO forms_section_answer (id, copied_from_id, ordinal, question_id, is_immutable, answer_text, answer_char, answer_bool, answer_int, answer_datetime, is_from_query) VALUES (6608, NULL, 3, 1927, TRUE, 'Anthropology', NULL, NULL, NULL, NULL, FALSE);
INSERT INTO forms_section_answer (id, copied_from_id, ordinal, question_id, is_immutable, answer_text, answer_char, answer_bool, answer_int, answer_datetime, is_from_query) VALUES (6609, NULL, 4, 1927, TRUE, 'Architecture', NULL, NULL, NULL, NULL, FALSE);
INSERT INTO forms_section_answer (id, copied_from_id, ordinal, question_id, is_immutable, answer_text, answer_char, answer_bool, answer_int, answer_datetime, is_from_query) VALUES (6610, NULL, 5, 1927, TRUE, 'Art History', NULL, NULL, NULL, NULL, FALSE);
INSERT INTO forms_section_answer (id, copied_from_id, ordinal, question_id, is_immutable, answer_text, answer_char, answer_bool, answer_int, answer_datetime, is_from_query) VALUES (6611, NULL, 6, 1927, TRUE, 'Art Studio', NULL, NULL, NULL, NULL, FALSE);
INSERT INTO forms_section_answer (id, copied_from_id, ordinal, question_id, is_immutable, answer_text, answer_char, answer_bool, answer_int, answer_datetime, is_from_query) VALUES (6612, NULL, 7, 1927, TRUE, 'Biochemistry', NULL, NULL, NULL, NULL, FALSE);
INSERT INTO forms_section_answer (id, copied_from_id, ordinal, question_id, is_immutable, answer_text, answer_char, answer_bool, answer_int, answer_datetime, is_from_query) VALUES (6613, NULL, 8, 1927, TRUE, 'Biology', NULL, NULL, NULL, NULL, FALSE);
INSERT INTO forms_section_answer (id, copied_from_id, ordinal, question_id, is_immutable, answer_text, answer_char, answer_bool, answer_int, answer_datetime, is_from_query) VALUES (6614, NULL, 9, 1927, TRUE, 'Biophysics', NULL, NULL, NULL, NULL, FALSE);
INSERT INTO forms_section_answer (id, copied_from_id, ordinal, question_id, is_immutable, answer_text, answer_char, answer_bool, answer_int, answer_datetime, is_from_query) VALUES (6615, NULL, 10, 1927, TRUE, 'Business Administration', NULL, NULL, NULL, NULL, FALSE);
INSERT INTO forms_section_answer (id, copied_from_id, ordinal, question_id, is_immutable, answer_text, answer_char, answer_bool, answer_int, answer_datetime, is_from_query) VALUES (6616, NULL, 11, 1927, TRUE, 'Chemistry', NULL, NULL, NULL, NULL, FALSE);
INSERT INTO forms_section_answer (id, copied_from_id, ordinal, question_id, is_immutable, answer_text, answer_char, answer_bool, answer_int, answer_datetime, is_from_query) VALUES (6617, NULL, 12, 1927, TRUE, 'Classics (Greek / Latin)', NULL, NULL, NULL, NULL, FALSE);
INSERT INTO forms_section_answer (id, copied_from_id, ordinal, question_id, is_immutable, answer_text, answer_char, answer_bool, answer_int, answer_datetime, is_from_query) VALUES (6618, NULL, 13, 1927, TRUE, 'Communication', NULL, NULL, NULL, NULL, FALSE);
INSERT INTO forms_section_answer (id, copied_from_id, ordinal, question_id, is_immutable, answer_text, answer_char, answer_bool, answer_int, answer_datetime, is_from_query) VALUES (6619, NULL, 14, 1927, TRUE, 'Computer Science', NULL, NULL, NULL, NULL, FALSE);
INSERT INTO forms_section_answer (id, copied_from_id, ordinal, question_id, is_immutable, answer_text, answer_char, answer_bool, answer_int, answer_datetime, is_from_query) VALUES (6620, NULL, 15, 1927, TRUE, 'Criminal Justice', NULL, NULL, NULL, NULL, FALSE);
INSERT INTO forms_section_answer (id, copied_from_id, ordinal, question_id, is_immutable, answer_text, answer_char, answer_bool, answer_int, answer_datetime, is_from_query) VALUES (6621, NULL, 16, 1927, TRUE, 'Economics', NULL, NULL, NULL, NULL, FALSE);
INSERT INTO forms_section_answer (id, copied_from_id, ordinal, question_id, is_immutable, answer_text, answer_char, answer_bool, answer_int, answer_datetime, is_from_query) VALUES (6622, NULL, 17, 1927, TRUE, 'Education (Teaching)', NULL, NULL, NULL, NULL, FALSE);
INSERT INTO forms_section_answer (id, copied_from_id, ordinal, question_id, is_immutable, answer_text, answer_char, answer_bool, answer_int, answer_datetime, is_from_query) VALUES (6623, NULL, 18, 1927, TRUE, 'English', NULL, NULL, NULL, NULL, FALSE);
INSERT INTO forms_section_answer (id, copied_from_id, ordinal, question_id, is_immutable, answer_text, answer_char, answer_bool, answer_int, answer_datetime, is_from_query) VALUES (6624, NULL, 19, 1927, TRUE, 'Engineering', NULL, NULL, NULL, NULL, FALSE);
INSERT INTO forms_section_answer (id, copied_from_id, ordinal, question_id, is_immutable, answer_text, answer_char, answer_bool, answer_int, answer_datetime, is_from_query) VALUES (6625, NULL, 20, 1927, TRUE, 'Foreign Language, Literatures, and Linguistics', NULL, NULL, NULL, NULL, FALSE);
INSERT INTO forms_section_answer (id, copied_from_id, ordinal, question_id, is_immutable, answer_text, answer_char, answer_bool, answer_int, answer_datetime, is_from_query) VALUES (6626, NULL, 21, 1927, TRUE, 'Geography', NULL, NULL, NULL, NULL, FALSE);
INSERT INTO forms_section_answer (id, copied_from_id, ordinal, question_id, is_immutable, answer_text, answer_char, answer_bool, answer_int, answer_datetime, is_from_query) VALUES (6627, NULL, 22, 1927, TRUE, 'History', NULL, NULL, NULL, NULL, FALSE);
INSERT INTO forms_section_answer (id, copied_from_id, ordinal, question_id, is_immutable, answer_text, answer_char, answer_bool, answer_int, answer_datetime, is_from_query) VALUES (6628, NULL, 23, 1927, TRUE, 'International Relations', NULL, NULL, NULL, NULL, FALSE);
INSERT INTO forms_section_answer (id, copied_from_id, ordinal, question_id, is_immutable, answer_text, answer_char, answer_bool, answer_int, answer_datetime, is_from_query) VALUES (6629, NULL, 24, 1927, TRUE, 'Journalism', NULL, NULL, NULL, NULL, FALSE);
INSERT INTO forms_section_answer (id, copied_from_id, ordinal, question_id, is_immutable, answer_text, answer_char, answer_bool, answer_int, answer_datetime, is_from_query) VALUES (6630, NULL, 25, 1927, TRUE, 'Library Sciences', NULL, NULL, NULL, NULL, FALSE);
INSERT INTO forms_section_answer (id, copied_from_id, ordinal, question_id, is_immutable, answer_text, answer_char, answer_bool, answer_int, answer_datetime, is_from_query) VALUES (6631, NULL, 26, 1927, TRUE, 'Mathematics', NULL, NULL, NULL, NULL, FALSE);
INSERT INTO forms_section_answer (id, copied_from_id, ordinal, question_id, is_immutable, answer_text, answer_char, answer_bool, answer_int, answer_datetime, is_from_query) VALUES (6632, NULL, 27, 1927, TRUE, 'Philosophy', NULL, NULL, NULL, NULL, FALSE);
INSERT INTO forms_section_answer (id, copied_from_id, ordinal, question_id, is_immutable, answer_text, answer_char, answer_bool, answer_int, answer_datetime, is_from_query) VALUES (6633, NULL, 28, 1927, TRUE, 'Physics & Astronomy', NULL, NULL, NULL, NULL, FALSE);
INSERT INTO forms_section_answer (id, copied_from_id, ordinal, question_id, is_immutable, answer_text, answer_char, answer_bool, answer_int, answer_datetime, is_from_query) VALUES (6634, NULL, 29, 1927, TRUE, 'Political Science', NULL, NULL, NULL, NULL, FALSE);
INSERT INTO forms_section_answer (id, copied_from_id, ordinal, question_id, is_immutable, answer_text, answer_char, answer_bool, answer_int, answer_datetime, is_from_query) VALUES (6635, NULL, 30, 1927, TRUE, 'Psychology', NULL, NULL, NULL, NULL, FALSE);
INSERT INTO forms_section_answer (id, copied_from_id, ordinal, question_id, is_immutable, answer_text, answer_char, answer_bool, answer_int, answer_datetime, is_from_query) VALUES (6636, NULL, 31, 1927, TRUE, 'Religion / Theology', NULL, NULL, NULL, NULL, FALSE);
INSERT INTO forms_section_answer (id, copied_from_id, ordinal, question_id, is_immutable, answer_text, answer_char, answer_bool, answer_int, answer_datetime, is_from_query) VALUES (6637, NULL, 32, 1927, TRUE, 'Sociology', NULL, NULL, NULL, NULL, FALSE);
INSERT INTO forms_section_answer (id, copied_from_id, ordinal, question_id, is_immutable, answer_text, answer_char, answer_bool, answer_int, answer_datetime, is_from_query) VALUES (6638, NULL, 33, 1927, TRUE, 'Women''s and Gender Studies', NULL, NULL, NULL, NULL, FALSE);
INSERT INTO forms_section_answer (id, copied_from_id, ordinal, question_id, is_immutable, answer_text, answer_char, answer_bool, answer_int, answer_datetime, is_from_query) VALUES (6639, NULL, 1, 1928, TRUE, 'Went to high school in the DC Metro Area', NULL, NULL, NULL, NULL, FALSE);
INSERT INTO forms_section_answer (id, copied_from_id, ordinal, question_id, is_immutable, answer_text, answer_char, answer_bool, answer_int, answer_datetime, is_from_query) VALUES (6640, NULL, 2, 1928, TRUE, 'Had to change schools at some point and had to become the "new kid" all over again.', NULL, NULL, NULL, NULL, FALSE);
INSERT INTO forms_section_answer (id, copied_from_id, ordinal, question_id, is_immutable, answer_text, answer_char, answer_bool, answer_int, answer_datetime, is_from_query) VALUES (6641, NULL, 3, 1928, TRUE, 'Grew up in another country', NULL, NULL, NULL, NULL, FALSE);
INSERT INTO forms_section_answer (id, copied_from_id, ordinal, question_id, is_immutable, answer_text, answer_char, answer_bool, answer_int, answer_datetime, is_from_query) VALUES (6642, NULL, 4, 1928, TRUE, 'Was not a native English speaker', NULL, NULL, NULL, NULL, FALSE);
INSERT INTO forms_section_answer (id, copied_from_id, ordinal, question_id, is_immutable, answer_text, answer_char, answer_bool, answer_int, answer_datetime, is_from_query) VALUES (6643, NULL, 5, 1928, TRUE, 'Worked a job while in high school', NULL, NULL, NULL, NULL, FALSE);
INSERT INTO forms_section_answer (id, copied_from_id, ordinal, question_id, is_immutable, answer_text, answer_char, answer_bool, answer_int, answer_datetime, is_from_query) VALUES (6644, NULL, 6, 1928, TRUE, 'Helped to financially support family while in high school', NULL, NULL, NULL, NULL, FALSE);
INSERT INTO forms_section_answer (id, copied_from_id, ordinal, question_id, is_immutable, answer_text, answer_char, answer_bool, answer_int, answer_datetime, is_from_query) VALUES (6645, NULL, 7, 1928, TRUE, 'Did not know what I wanted to do after high school', NULL, NULL, NULL, NULL, FALSE);
INSERT INTO forms_section_answer (id, copied_from_id, ordinal, question_id, is_immutable, answer_text, answer_char, answer_bool, answer_int, answer_datetime, is_from_query) VALUES (6646, NULL, 8, 1928, TRUE, 'Had to take care of a sibling or family member while growing up', NULL, NULL, NULL, NULL, FALSE);
INSERT INTO forms_section_answer (id, copied_from_id, ordinal, question_id, is_immutable, answer_text, answer_char, answer_bool, answer_int, answer_datetime, is_from_query) VALUES (6647, NULL, 9, 1928, TRUE, 'Grew up in a single-parent household', NULL, NULL, NULL, NULL, FALSE);
INSERT INTO forms_section_answer (id, copied_from_id, ordinal, question_id, is_immutable, answer_text, answer_char, answer_bool, answer_int, answer_datetime, is_from_query) VALUES (6648, NULL, 10, 1928, TRUE, 'Was a high performing student', NULL, NULL, NULL, NULL, FALSE);
INSERT INTO forms_section_answer (id, copied_from_id, ordinal, question_id, is_immutable, answer_text, answer_char, answer_bool, answer_int, answer_datetime, is_from_query) VALUES (6649, NULL, 11, 1928, TRUE, 'Was a low performing student', NULL, NULL, NULL, NULL, FALSE);
INSERT INTO forms_section_answer (id, copied_from_id, ordinal, question_id, is_immutable, answer_text, answer_char, answer_bool, answer_int, answer_datetime, is_from_query) VALUES (6650, NULL, 12, 1928, TRUE, 'Got in trouble a lot during school', NULL, NULL, NULL, NULL, FALSE);
INSERT INTO forms_section_answer (id, copied_from_id, ordinal, question_id, is_immutable, answer_text, answer_char, answer_bool, answer_int, answer_datetime, is_from_query) VALUES (6651, NULL, 13, 1928, TRUE, 'Was one of the more outgoing students in his/her school.', NULL, NULL, NULL, NULL, FALSE);
INSERT INTO forms_section_answer (id, copied_from_id, ordinal, question_id, is_immutable, answer_text, answer_char, answer_bool, answer_int, answer_datetime, is_from_query) VALUES (6652, NULL, 14, 1928, TRUE, 'Was one of the more shy students in his/her school', NULL, NULL, NULL, NULL, FALSE);
INSERT INTO forms_section_answer (id, copied_from_id, ordinal, question_id, is_immutable, answer_text, answer_char, answer_bool, answer_int, answer_datetime, is_from_query) VALUES (6653, NULL, 15, 1928, TRUE, 'Was bullied or had other social struggles', NULL, NULL, NULL, NULL, FALSE);
INSERT INTO forms_section_answer (id, copied_from_id, ordinal, question_id, is_immutable, answer_text, answer_char, answer_bool, answer_int, answer_datetime, is_from_query) VALUES (6654, NULL, 16, 1928, TRUE, 'Had friends or family struggle with substance absuse/personally struggled with substance abuse or pressure to use', NULL, NULL, NULL, NULL, FALSE);
INSERT INTO forms_section_answer (id, copied_from_id, ordinal, question_id, is_immutable, answer_text, answer_char, answer_bool, answer_int, answer_datetime, is_from_query) VALUES (6655, NULL, 17, 1928, TRUE, 'Identified as LGBTQ and/or had friends or family who identified as LGBTQ', NULL, NULL, NULL, NULL, FALSE);
INSERT INTO forms_section_answer (id, copied_from_id, ordinal, question_id, is_immutable, answer_text, answer_char, answer_bool, answer_int, answer_datetime, is_from_query) VALUES (6656, NULL, 18, 1928, TRUE, 'Participated in sports', NULL, NULL, NULL, NULL, FALSE);
INSERT INTO forms_section_answer (id, copied_from_id, ordinal, question_id, is_immutable, answer_text, answer_char, answer_bool, answer_int, answer_datetime, is_from_query) VALUES (6657, NULL, 19, 1928, TRUE, 'Participated in the arts (music, dance, theater)', NULL, NULL, NULL, NULL, FALSE);
INSERT INTO forms_section_answer (id, copied_from_id, ordinal, question_id, is_immutable, answer_text, answer_char, answer_bool, answer_int, answer_datetime, is_from_query) VALUES (6658, NULL, 20, 1928, TRUE, 'Participated in Student Government', NULL, NULL, NULL, NULL, FALSE);
INSERT INTO forms_section_answer (id, copied_from_id, ordinal, question_id, is_immutable, answer_text, answer_char, answer_bool, answer_int, answer_datetime, is_from_query) VALUES (6659, NULL, 1, 1929, TRUE, 'Any - No Preference', NULL, NULL, NULL, NULL, FALSE);
INSERT INTO forms_section_answer (id, copied_from_id, ordinal, question_id, is_immutable, answer_text, answer_char, answer_bool, answer_int, answer_datetime, is_from_query) VALUES (6660, NULL, 2, 1929, TRUE, 'English', NULL, NULL, NULL, NULL, FALSE);
INSERT INTO forms_section_answer (id, copied_from_id, ordinal, question_id, is_immutable, answer_text, answer_char, answer_bool, answer_int, answer_datetime, is_from_query) VALUES (6661, NULL, 3, 1929, TRUE, 'Math', NULL, NULL, NULL, NULL, FALSE);
INSERT INTO forms_section_answer (id, copied_from_id, ordinal, question_id, is_immutable, answer_text, answer_char, answer_bool, answer_int, answer_datetime, is_from_query) VALUES (6662, NULL, 4, 1929, TRUE, 'Science', NULL, NULL, NULL, NULL, FALSE);
INSERT INTO forms_section_answer (id, copied_from_id, ordinal, question_id, is_immutable, answer_text, answer_char, answer_bool, answer_int, answer_datetime, is_from_query) VALUES (6663, NULL, 5, 1929, TRUE, 'History', NULL, NULL, NULL, NULL, FALSE);
INSERT INTO forms_section_answer (id, copied_from_id, ordinal, question_id, is_immutable, answer_text, answer_char, answer_bool, answer_int, answer_datetime, is_from_query) VALUES (6664, NULL, 6, 1929, TRUE, 'Computer Science', NULL, NULL, NULL, NULL, FALSE);
INSERT INTO forms_section_answer (id, copied_from_id, ordinal, question_id, is_immutable, answer_text, answer_char, answer_bool, answer_int, answer_datetime, is_from_query) VALUES (6665, NULL, 7, 1929, TRUE, 'Art and/or Music', NULL, NULL, NULL, NULL, FALSE);
INSERT INTO forms_section_answer (id, copied_from_id, ordinal, question_id, is_immutable, answer_text, answer_char, answer_bool, answer_int, answer_datetime, is_from_query) VALUES (6666, NULL, 8, 1929, TRUE, 'Learning how to speak English', NULL, NULL, NULL, NULL, FALSE);
INSERT INTO forms_section_answer (id, copied_from_id, ordinal, question_id, is_immutable, answer_text, answer_char, answer_bool, answer_int, answer_datetime, is_from_query) VALUES (6667, NULL, 1, 1931, TRUE, 'Well Organized', NULL, NULL, NULL, NULL, FALSE);
INSERT INTO forms_section_answer (id, copied_from_id, ordinal, question_id, is_immutable, answer_text, answer_char, answer_bool, answer_int, answer_datetime, is_from_query) VALUES (6668, NULL, 2, 1931, TRUE, 'Independent', NULL, NULL, NULL, NULL, FALSE);
INSERT INTO forms_section_answer (id, copied_from_id, ordinal, question_id, is_immutable, answer_text, answer_char, answer_bool, answer_int, answer_datetime, is_from_query) VALUES (6669, NULL, 3, 1931, TRUE, 'Funny', NULL, NULL, NULL, NULL, FALSE);
INSERT INTO forms_section_answer (id, copied_from_id, ordinal, question_id, is_immutable, answer_text, answer_char, answer_bool, answer_int, answer_datetime, is_from_query) VALUES (6670, NULL, 4, 1931, TRUE, 'Patient', NULL, NULL, NULL, NULL, FALSE);
INSERT INTO forms_section_answer (id, copied_from_id, ordinal, question_id, is_immutable, answer_text, answer_char, answer_bool, answer_int, answer_datetime, is_from_query) VALUES (6671, NULL, 5, 1931, TRUE, 'Outgoing', NULL, NULL, NULL, NULL, FALSE);
INSERT INTO forms_section_answer (id, copied_from_id, ordinal, question_id, is_immutable, answer_text, answer_char, answer_bool, answer_int, answer_datetime, is_from_query) VALUES (6672, NULL, 6, 1931, TRUE, 'Creative', NULL, NULL, NULL, NULL, FALSE);
INSERT INTO forms_section_answer (id, copied_from_id, ordinal, question_id, is_immutable, answer_text, answer_char, answer_bool, answer_int, answer_datetime, is_from_query) VALUES (6673, NULL, 7, 1931, TRUE, 'Quiet', NULL, NULL, NULL, NULL, FALSE);
INSERT INTO forms_section_answer (id, copied_from_id, ordinal, question_id, is_immutable, answer_text, answer_char, answer_bool, answer_int, answer_datetime, is_from_query) VALUES (6674, NULL, 8, 1931, TRUE, 'Serious', NULL, NULL, NULL, NULL, FALSE);
INSERT INTO forms_section_answer (id, copied_from_id, ordinal, question_id, is_immutable, answer_text, answer_char, answer_bool, answer_int, answer_datetime, is_from_query) VALUES (6675, NULL, 9, 1931, TRUE, 'Perfectionist', NULL, NULL, NULL, NULL, FALSE);
INSERT INTO forms_section_answer (id, copied_from_id, ordinal, question_id, is_immutable, answer_text, answer_char, answer_bool, answer_int, answer_datetime, is_from_query) VALUES (6676, NULL, 10, 1931, TRUE, 'Ambitious', NULL, NULL, NULL, NULL, FALSE);
INSERT INTO forms_section_answer (id, copied_from_id, ordinal, question_id, is_immutable, answer_text, answer_char, answer_bool, answer_int, answer_datetime, is_from_query) VALUES (6677, NULL, 11, 1931, TRUE, 'Emotional', NULL, NULL, NULL, NULL, FALSE);
INSERT INTO forms_section_answer (id, copied_from_id, ordinal, question_id, is_immutable, answer_text, answer_char, answer_bool, answer_int, answer_datetime, is_from_query) VALUES (6678, NULL, 12, 1931, TRUE, 'Competitive', NULL, NULL, NULL, NULL, FALSE);
INSERT INTO forms_section_answer (id, copied_from_id, ordinal, question_id, is_immutable, answer_text, answer_char, answer_bool, answer_int, answer_datetime, is_from_query) VALUES (6679, NULL, 13, 1931, TRUE, 'Talkative', NULL, NULL, NULL, NULL, FALSE);
INSERT INTO forms_section_answer (id, copied_from_id, ordinal, question_id, is_immutable, answer_text, answer_char, answer_bool, answer_int, answer_datetime, is_from_query) VALUES (6680, NULL, 14, 1931, TRUE, 'Open-minded', NULL, NULL, NULL, NULL, FALSE);
INSERT INTO forms_section_answer (id, copied_from_id, ordinal, question_id, is_immutable, answer_text, answer_char, answer_bool, answer_int, answer_datetime, is_from_query) VALUES (6681, NULL, 15, 1931, TRUE, 'Spiritual', NULL, NULL, NULL, NULL, FALSE);
INSERT INTO forms_section_answer (id, copied_from_id, ordinal, question_id, is_immutable, answer_text, answer_char, answer_bool, answer_int, answer_datetime, is_from_query) VALUES (6682, NULL, 1, 1932, TRUE, 'Parents got divorced / separated', NULL, NULL, NULL, NULL, FALSE);
INSERT INTO forms_section_answer (id, copied_from_id, ordinal, question_id, is_immutable, answer_text, answer_char, answer_bool, answer_int, answer_datetime, is_from_query) VALUES (6683, NULL, 2, 1932, TRUE, 'Had difficulty getting along with family', NULL, NULL, NULL, NULL, FALSE);
INSERT INTO forms_section_answer (id, copied_from_id, ordinal, question_id, is_immutable, answer_text, answer_char, answer_bool, answer_int, answer_datetime, is_from_query) VALUES (6684, NULL, 3, 1932, TRUE, 'Has children', NULL, NULL, NULL, NULL, FALSE);
INSERT INTO forms_section_answer (id, copied_from_id, ordinal, question_id, is_immutable, answer_text, answer_char, answer_bool, answer_int, answer_datetime, is_from_query) VALUES (6685, NULL, 4, 1932, TRUE, 'Someone close has passed away', NULL, NULL, NULL, NULL, FALSE);
INSERT INTO forms_section_answer (id, copied_from_id, ordinal, question_id, is_immutable, answer_text, answer_char, answer_bool, answer_int, answer_datetime, is_from_query) VALUES (6686, NULL, 5, 1932, TRUE, 'Traveled internationally', NULL, NULL, NULL, NULL, FALSE);
INSERT INTO forms_section_answer (id, copied_from_id, ordinal, question_id, is_immutable, answer_text, answer_char, answer_bool, answer_int, answer_datetime, is_from_query) VALUES (6687, NULL, 6, 1932, TRUE, 'Speak language other than English', NULL, NULL, NULL, NULL, FALSE);
INSERT INTO forms_section_answer (id, copied_from_id, ordinal, question_id, is_immutable, answer_text, answer_char, answer_bool, answer_int, answer_datetime, is_from_query) VALUES (6688, NULL, 7, 1932, TRUE, 'Began my college career in community college', NULL, NULL, NULL, NULL, FALSE);
INSERT INTO forms_section_answer (id, copied_from_id, ordinal, question_id, is_immutable, answer_text, answer_char, answer_bool, answer_int, answer_datetime, is_from_query) VALUES (6689, NULL, 8, 1932, TRUE, 'Went to college close to home', NULL, NULL, NULL, NULL, FALSE);
INSERT INTO forms_section_answer (id, copied_from_id, ordinal, question_id, is_immutable, answer_text, answer_char, answer_bool, answer_int, answer_datetime, is_from_query) VALUES (6690, NULL, 9, 1932, TRUE, 'Went to college far away from home', NULL, NULL, NULL, NULL, FALSE);
INSERT INTO forms_section_answer (id, copied_from_id, ordinal, question_id, is_immutable, answer_text, answer_char, answer_bool, answer_int, answer_datetime, is_from_query) VALUES (6691, NULL, 1, 1932, TRUE, 'Did not know what I wanted to study in college at first', NULL, NULL, NULL, NULL, FALSE);
INSERT INTO forms_section_answer (id, copied_from_id, ordinal, question_id, is_immutable, answer_text, answer_char, answer_bool, answer_int, answer_datetime, is_from_query) VALUES (6692, NULL, 2, 1933, TRUE, 'Dealing with academic challenges', NULL, NULL, NULL, NULL, FALSE);
INSERT INTO forms_section_answer (id, copied_from_id, ordinal, question_id, is_immutable, answer_text, answer_char, answer_bool, answer_int, answer_datetime, is_from_query) VALUES (6693, NULL, 3, 1933, TRUE, 'Dealing with social challenges', NULL, NULL, NULL, NULL, FALSE);
INSERT INTO forms_section_answer (id, copied_from_id, ordinal, question_id, is_immutable, answer_text, answer_char, answer_bool, answer_int, answer_datetime, is_from_query) VALUES (6694, NULL, 4, 1933, TRUE, 'Dealing with personal/emotional challenges', NULL, NULL, NULL, NULL, FALSE);
INSERT INTO forms_section_answer (id, copied_from_id, ordinal, question_id, is_immutable, answer_text, answer_char, answer_bool, answer_int, answer_datetime, is_from_query) VALUES (6695, NULL, 5, 1933, TRUE, 'Dealing with friendship challenges', NULL, NULL, NULL, NULL, FALSE);
INSERT INTO forms_section_answer (id, copied_from_id, ordinal, question_id, is_immutable, answer_text, answer_char, answer_bool, answer_int, answer_datetime, is_from_query) VALUES (6696, NULL, 6, 1933, TRUE, 'Dealing with family challenges', NULL, NULL, NULL, NULL, FALSE);
INSERT INTO forms_section_answer (id, copied_from_id, ordinal, question_id, is_immutable, answer_text, answer_char, answer_bool, answer_int, answer_datetime, is_from_query) VALUES (6697, NULL, 7, 1933, TRUE, 'Dealing with health challenges', NULL, NULL, NULL, NULL, FALSE);
INSERT INTO forms_section_answer (id, copied_from_id, ordinal, question_id, is_immutable, answer_text, answer_char, answer_bool, answer_int, answer_datetime, is_from_query) VALUES (6698, NULL, 1, 1934, TRUE, 'Go to the movies', NULL, NULL, NULL, NULL, FALSE);
INSERT INTO forms_section_answer (id, copied_from_id, ordinal, question_id, is_immutable, answer_text, answer_char, answer_bool, answer_int, answer_datetime, is_from_query) VALUES (6699, NULL, 2, 1934, TRUE, 'Watch TV', NULL, NULL, NULL, NULL, FALSE);
INSERT INTO forms_section_answer (id, copied_from_id, ordinal, question_id, is_immutable, answer_text, answer_char, answer_bool, answer_int, answer_datetime, is_from_query) VALUES (6700, NULL, 3, 1934, TRUE, 'Visit art/history museums', NULL, NULL, NULL, NULL, FALSE);
INSERT INTO forms_section_answer (id, copied_from_id, ordinal, question_id, is_immutable, answer_text, answer_char, answer_bool, answer_int, answer_datetime, is_from_query) VALUES (6701, NULL, 4, 1934, TRUE, 'See live music', NULL, NULL, NULL, NULL, FALSE);
INSERT INTO forms_section_answer (id, copied_from_id, ordinal, question_id, is_immutable, answer_text, answer_char, answer_bool, answer_int, answer_datetime, is_from_query) VALUES (6702, NULL, 5, 1934, TRUE, 'Perform in a band', NULL, NULL, NULL, NULL, FALSE);
INSERT INTO forms_section_answer (id, copied_from_id, ordinal, question_id, is_immutable, answer_text, answer_char, answer_bool, answer_int, answer_datetime, is_from_query) VALUES (6703, NULL, 6, 1934, TRUE, 'Spend time outdoors like the beach, park, mountains, etc.', NULL, NULL, NULL, NULL, FALSE);
INSERT INTO forms_section_answer (id, copied_from_id, ordinal, question_id, is_immutable, answer_text, answer_char, answer_bool, answer_int, answer_datetime, is_from_query) VALUES (6704, NULL, 7, 1934, TRUE, 'Watch sports', NULL, NULL, NULL, NULL, FALSE);
INSERT INTO forms_section_answer (id, copied_from_id, ordinal, question_id, is_immutable, answer_text, answer_char, answer_bool, answer_int, answer_datetime, is_from_query) VALUES (6705, NULL, 8, 1934, TRUE, 'Play sports', NULL, NULL, NULL, NULL, FALSE);
INSERT INTO forms_section_answer (id, copied_from_id, ordinal, question_id, is_immutable, answer_text, answer_char, answer_bool, answer_int, answer_datetime, is_from_query) VALUES (6706, NULL, 9, 1934, TRUE, 'Take classes like dance, art, music, yoga, etc.', NULL, NULL, NULL, NULL, FALSE);
INSERT INTO forms_section_answer (id, copied_from_id, ordinal, question_id, is_immutable, answer_text, answer_char, answer_bool, answer_int, answer_datetime, is_from_query) VALUES (6707, NULL, 10, 1934, TRUE, 'Go out to eat', NULL, NULL, NULL, NULL, FALSE);
INSERT INTO forms_section_answer (id, copied_from_id, ordinal, question_id, is_immutable, answer_text, answer_char, answer_bool, answer_int, answer_datetime, is_from_query) VALUES (6708, NULL, 11, 1934, TRUE, 'Go dancing', NULL, NULL, NULL, NULL, FALSE);
INSERT INTO forms_section_answer (id, copied_from_id, ordinal, question_id, is_immutable, answer_text, answer_char, answer_bool, answer_int, answer_datetime, is_from_query) VALUES (6709, NULL, 12, 1934, TRUE, 'Have dinner with family and friends', NULL, NULL, NULL, NULL, FALSE);
INSERT INTO forms_section_answer (id, copied_from_id, ordinal, question_id, is_immutable, answer_text, answer_char, answer_bool, answer_int, answer_datetime, is_from_query) VALUES (6710, NULL, 13, 1934, TRUE, 'Go shopping', NULL, NULL, NULL, NULL, FALSE);
INSERT INTO forms_section_answer (id, copied_from_id, ordinal, question_id, is_immutable, answer_text, answer_char, answer_bool, answer_int, answer_datetime, is_from_query) VALUES (6711, NULL, 14, 1934, TRUE, 'Explore new places', NULL, NULL, NULL, NULL, FALSE);
INSERT INTO forms_section_answer (id, copied_from_id, ordinal, question_id, is_immutable, answer_text, answer_char, answer_bool, answer_int, answer_datetime, is_from_query) VALUES (6712, NULL, 15, 1934, TRUE, 'Volunteer or do community service', NULL, NULL, NULL, NULL, FALSE);
INSERT INTO forms_section_answer (id, copied_from_id, ordinal, question_id, is_immutable, answer_text, answer_char, answer_bool, answer_int, answer_datetime, is_from_query) VALUES (6713, NULL, 16, 1934, TRUE, 'Participate in religious activities', NULL, NULL, NULL, NULL, FALSE);
INSERT INTO forms_section_answer (id, copied_from_id, ordinal, question_id, is_immutable, answer_text, answer_char, answer_bool, answer_int, answer_datetime, is_from_query) VALUES (6714, NULL, 17, 1934, TRUE, 'Go to the gym', NULL, NULL, NULL, NULL, FALSE);
INSERT INTO forms_section_answer (id, copied_from_id, ordinal, question_id, is_immutable, answer_text, answer_char, answer_bool, answer_int, answer_datetime, is_from_query) VALUES (6715, NULL, 18, 1934, TRUE, 'Read books, articles, blogs, etc.', NULL, NULL, NULL, NULL, FALSE);
INSERT INTO forms_section_answer (id, copied_from_id, ordinal, question_id, is_immutable, answer_text, answer_char, answer_bool, answer_int, answer_datetime, is_from_query) VALUES (6716, NULL, 19, 1934, TRUE, 'Play video games', NULL, NULL, NULL, NULL, FALSE);
INSERT INTO forms_section_answer (id, copied_from_id, ordinal, question_id, is_immutable, answer_text, answer_char, answer_bool, answer_int, answer_datetime, is_from_query) VALUES (6717, NULL, 20, 1934, TRUE, 'Write in a journal, write poetry, blog, etc.', NULL, NULL, NULL, NULL, FALSE);
INSERT INTO forms_section_answer (id, copied_from_id, ordinal, question_id, is_immutable, answer_text, answer_char, answer_bool, answer_int, answer_datetime, is_from_query) VALUES (6718, NULL, 21, 1934, TRUE, 'Take pictures', NULL, NULL, NULL, NULL, FALSE);

INSERT into forms_answer_dependency (id, question_id, and_or, dependent_on_answer_id_for_question_id, dependent_on_answer_value_for_question_id) VALUES (187, 1881, 'OR', 6408, NULL);
INSERT into forms_answer_dependency (id, question_id, and_or, dependent_on_answer_id_for_question_id, dependent_on_answer_value_for_question_id) VALUES (188, 1889, 'OR', 6429, NULL);
INSERT into forms_answer_dependency (id, question_id, and_or, dependent_on_answer_id_for_question_id, dependent_on_answer_value_for_question_id) VALUES (189, 1891, 'OR', 6435, NULL);
INSERT into forms_answer_dependency (id, question_id, and_or, dependent_on_answer_id_for_question_id, dependent_on_answer_value_for_question_id) VALUES (190, 1893, 'OR', 6436, NULL);
INSERT into forms_answer_dependency (id, question_id, and_or, dependent_on_answer_id_for_question_id, dependent_on_answer_value_for_question_id) VALUES (191, 1894, 'OR', 6436, NULL);
INSERT into forms_answer_dependency (id, question_id, and_or, dependent_on_answer_id_for_question_id, dependent_on_answer_value_for_question_id) VALUES (192, 1903, 'OR', 6528, NULL);